1,0,0,0,0,0,0,0,0,0,0,0,0,0,0,0,0,0,0,0,0,0,0,0,0,0,0,0,0,0,0,0,0,0,0,0,0,0,0,0,0,0,0,0,0,0,0,0,0,0,0,0,0,0,0,0,0,0,0,0,0,0,0,0,0,0,0,0,0,0,0,0,0,0,0,0,0,0,0,0,0,0,0,0,0,0,0,0,0,0,0,0,0,0,0,0,0,0,0,0,0,0,0,0,0,0,0,0,0,0,0,0,0,0,0,0,0,0,0,0,0,0,0,0,0,0,0,0,0,0,0,0,0,0,0,0,0,0,0,0,0,0,0,0,0,0,0,0,0,0,0,0,0,0,0,0,0,0,0,0,0,0,0,0,0,0,0,0,0,0,0,0,0,0,0,0,0,0,0,0,0,0,0,0,0,0,0,0,0,0,0,0,0,0,0,0,0,0,0,0,0,0,0,0,0,0,0,0,0,0,0,0,0,0,0,0,0,0,0,0,0,0,0,0,0,0,0,0,0,0,0,0,0,0,0,0,0,0,0,0,0,0,0,0,0,0,0,0,0,0,0,0,0,0,0,0,0,0,0,0,0,0,0,0,0,0,0,0,0,0,0,0,0,0,0,0,0,0,0,0,0,0,0,0,0,0,0,0,0,0,0,0,0,0,0,0,0,0,0,0,0,0,0,0,0,0,0,0,0,0,0,0,0,0,0,0,0,0,0,0,0,0,0,0,0,0,0,0,0,0,0,0,0,0,0,0,0,0,0,0,0,0,0,0,0,0,0,0,0,0,0,0,0,0,0,0,0,0,0,0,0,0,0,0,0,0,0,0,0,0,0,0,0,0,0,0,0,0,0,0,0,0,0,0,0,0,0,0,0,0,0,0,0,0,0,0,0,0,0,0,0,0,0,0,0,0,0,0,0
0,1,0,0.0714299464323527,0.147105639620399,0.148976520421494,0.0714299464323527,0.0865818037575277,0,0,0,0.173472727049999,0.0613432731147329,0.173472727049999,0,0.0865818037575277,0.21027009483971,0.148976520421494,0.266881513729481,0.0498579928542293,0.0714299464323527,0.0714299464323527,0,0.21027009483971,0.0714299464323527,0.0545213728963117,0.0545213728963117,0.0613432731147329,0,0,0,0,0.147105639620399,0.368193282506597,0.368193282506597,0.173472727049999,0,0,0.173472727049999,0.21027009483971,0,0,0,0.0613432731147329,0,0,0.369204406887866,0,0,0.132409048462471,0,0,0.453010235567401,0,0.0714299464323527,0,0,0,0.0865818037575277,0,0,0.173472727049999,0.147105639620399,0,0,0.0714299464323527,0.173472727049999,0.0714299464323527,0.208482801319646,0.198550564696314,0.0865818037575277,0.173472727049999,0,0,0,0.402580612417979,0.0865818037575277,0.0865818037575277,0,0.0714299464323527,0,0,0.0714299464323527,0,0.0714299464323527,0.0466468368249435,0.173472727049999,0,0.148976520421494,0,0.147105639620399,0.0714299464323527,0,0,0,0,0.0714299464323527,0,0,0,0,0,0,0.132409048462471,0.0466468368249435,0.0498579928542293,0,0.159332176574263,0,0.208482801319646,0,0,0,0,0,0.198550564696314,0,0.527498700621427,0.148976520421494,0.148976520421494,0.274166873716867,0,0.148976520421494,0.109892388006257,0,0,0,0,0,0,0.132409048462471,0,0.147105639620399,0.0865818037575277,0,0.453010235567401,0,0.0714299464323527,0.0865818037575277,0.173472727049999,0.0714299464323527,0.0714299464323527,0,0,0.0613432731147329,0.132409048462471,0.173472727049999,0,0.0714299464323527,0.0865818037575277,0.173472727049999,0.0545213728963117,0,0.147105639620399,0.148976520421494,0.0466468368249435,0.132409048462471,0.173472727049999,0.0545213728963117,0,0,0.148976520421494,0.453010235567401,0,0.274166873716867,0,0,0,0,0.173472727049999,0.173472727049999,0,0.0613432731147329,0.21027009483971,0.173472727049999,0,0.148976520421494,0,0.148976520421494,0.173472727049999,0.147105639620399,0,0,0,0,0,0.402631596345066,0.0714299464323527,0,0.0714299464323527,0.0613432731147329,0,0,0,0.0865818037575277,0,0,0,0,0,0,0.0865818037575277,0.0714299464323527,0.0865818037575277,0.0865818037575277,0.0865818037575277,0,0.0613432731147329,0,0,0,0.173472727049999,0,0,0,0,0,0,0.0545213728963117,0.123729567373249,0,0.173472727049999,0,0.173472727049999,0.0545213728963117,0,0.0865818037575277,0,0,0.148976520421494,0.0714299464323527,0.21027009483971,0,0,0.347391505530755,0,0.173472727049999,0,0,0.0498579928542293,0,0.173472727049999,0,0,0.210245234101322,0.0428812849891,0.0498579928542293,0.0498579928542293,0.368193282506597,0.344479410138723,0.173472727049999,0,0,0,0,0,0,0.0545213728963117,0,0,0,0,0,0.148976520421494,0,0.148976520421494,0.173472727049999,0,0.148976520421494,0.132409048462471,0.148976520421494,0,0.0613432731147329,0,0.0498579928542293,0,0,0.0545213728963117,0.123729567373249,0.132392281936114,0,0,0.148976520421494,0,0,0.0714299464323527,0.145273455111828,0,0.402631596345066,0.402631596345066,0,0,0,0,0,0,0,0,0,0.21027009483971,0,0,0,0.368193282506597,0,0,0.173472727049999,0,0.1210836969317,0,0.148976520421494,0,0,0,0,0,0,0,0,0,0.0545213728963117,0.159332176574263,0,0,0,0,0,0,0.132409048462471,0.0613432731147329,0,0.0498579928542293,0.0714299464323527,0,0.208482801319646,0,0,0,0,0,0,0.132409048462471,0,0,0,0,0,0.173472727049999,0,0,0.1210836969317,0,0.453010235567401,0,0,0,0.159332176574263,0,0,0,0,0.109892388006257,0,0.0714299464323527,0,0.368193282506597,0,0.0714299464323527,0.368193282506597,0,0,0.132409048462471,0.148976520421494,0,0,0.173472727049999,0,0,0.0714299464323527,0.453010235567401,0,0.402631596345066,0.173472727049999,0,0,0,0,0,0,0,0,0,0,0,0,0,0,0,0,0.0498579928542293,0.0714299464323527,0.173472727049999,0.159332176574263,0,0.173472727049999,0,0,0,0
0,0,1,0,0,0,0,0,0,0,0,0,0,0,0,0,0,0,0,0,0,0,0,0,0,0,0,0,0,0,0,0,0,0,0,0,0,0,0,0,0,0,0,0,0,0,0,0,0,0,0,0,0,0,0,0,0,0,0,0,0,0,0,0,0,0,0,0,0,0,0,0,0,0,0,0,0,0,0,0,0,0,0,0,0,0,0,0,0,0,0,0,0,0,0,0,0,0,0,0,0,0,0,0,0,0,0,0,0,0,0,0,0,0,0,0,0,0,0,0,0,0,0,0,0,0,0,0,0,0,0,0,0,0,0,0,0,0,0,0,0,0,0,0,0,0,0,0,0,0,0,0,0,0,0,0,0,0,0,0,0,0,0,0,0,0,0,0,0,0,0,0,0,0,0,0,0,0,0,0,0,0,0,0,0,0,0,0,0,0,0,0,0,0,0,0,0,0,0,0,0,0,0,0,0,0,0,0,0,0,0,0,0,0,0,0,0,0,0,0,0,0,0,0,0,0,0,0,0,0,0,0,0,0,0,0,0,0,0,0,0,0,0,0,0,0,0,0,0,0,0,0,0,0,0,0,0,0,0,0,0,0,0,0,0,0,0,0,0,0,0,0,0,0,0,0,0,0,0,0,0,0,0,0,0,0,0,0,0,0,0,0,0,0,0,0,0,0,0,0,0,0,0,0,0,0,0,0,0,0,0,0,0,0,0,0,0,0,0,0,0,0,0,0,0,0,0,0,0,0,0,0,0,0,0,0,0,0,0,0,0,0,0,0,0,0,0,0,0,0,0,0,0,0,0,0,0,0,0,0,0,0,0,0,0,0,0,0,0,0,0,0,0,0,0,0,0,0,0,0,0,0,0,0,0,0,0,0,0,0,0,0,0,0,0,0,0,0,0,0,0,0,0,0,0,0,0,0,0
0,0.0714299464323527,0,1,0.128249502550101,0.0476199206365212,0.659999251998354,0.0714299464323527,0,0,0,0.0571439257166366,0.0476199206365212,0.0571439257166366,0,0.0714299464323527,0.0714299464323527,0.0476199206365212,0.0933602719681705,0.0367619429090039,0.0571439257166366,0.659999251998354,0,0.0714299464323527,0.0571439257166366,0.041172338956928,0.041172338956928,0.0476199206365212,0,0,0,0,0.128249502550101,0.0367619429090039,0.0367619429090039,0.0571439257166366,0,0,0.0571439257166366,0.0714299464323527,0,0,0,0.0476199206365212,0,0,0.0533176407887724,0,0,0.041172338956928,0,0,0.0476199206365212,0,0.0571439257166366,0,0,0,0.319248127932352,0,0,0.0571439257166366,0.128249502550101,0,0,0.0571439257166366,0.0571439257166366,0.0571439257166366,0.0337236205744276,0.0316202950567523,0.0714299464323527,0.0571439257166366,0,0,0,0.507134795648585,0.0714299464323527,0.0714299464323527,0,0.0571439257166366,0,0,0.0571439257166366,0,0.0571439257166366,0.0337236205744276,0.0571439257166366,0,0.0476199206365212,0,0.311463077621673,0.0571439257166366,0,0,0,0,0.659999251998354,0,0,0,0,0,0,0.041172338956928,0.0337236205744276,0.0367619429090039,0,0.0545144690325174,0,0.0337236205744276,0,0,0,0,0,0.0316202950567523,0,0.0571439257166366,0.0476199206365212,0.0476199206365212,0.0476199206365212,0,0.0476199206365212,0.0933602719681705,0,0,0,0,0,0,0.041172338956928,0,0.128249502550101,0.0714299464323527,0,0.0476199206365212,0,0.0571439257166366,0.0714299464323527,0.0571439257166366,0.659999251998354,0.659999251998354,0,0,0.0476199206365212,0.041172338956928,0.0571439257166366,0,0.0571439257166366,0.0714299464323527,0.0571439257166366,0.041172338956928,0,0.128249502550101,0.0476199206365212,0.0337236205744276,0.041172338956928,0.0571439257166366,0.041172338956928,0,0,0.0476199206365212,0.0476199206365212,0,0.0476199206365212,0,0,0,0,0.0571439257166366,0.0571439257166366,0,0.0476199206365212,0.0714299464323527,0.0571439257166366,0,0.0476199206365212,0,0.0476199206365212,0.0571439257166366,0.128249502550101,0,0,0,0,0,0.041172338956928,0.0571439257166366,0,0.0571439257166366,0.0476199206365212,0,0,0,0.0714299464323527,0,0,0,0,0,0,0.0714299464323527,0.421998728397202,0.0714299464323527,0.0714299464323527,0.0714299464323527,0,0.0476199206365212,0,0,0,0.0571439257166366,0,0,0,0,0,0,0.041172338956928,0.0397384474440781,0,0.0571439257166366,0,0.0571439257166366,0.041172338956928,0,0.0714299464323527,0,0,0.0476199206365212,0.0571439257166366,0.0714299464323527,0,0,0.0367574589715877,0,0.0571439257166366,0,0,0.0367619429090039,0,0.0571439257166366,0,0,0.0367574589715877,0.0301593188641145,0.0367619429090039,0.0367619429090039,0.0367619429090039,0.0337236205744276,0.0571439257166366,0,0,0,0,0,0,0.041172338956928,0,0,0,0,0,0.0476199206365212,0,0.0476199206365212,0.0571439257166366,0,0.0476199206365212,0.041172338956928,0.0476199206365212,0,0.0476199206365212,0,0.0367619429090039,0,0,0.041172338956928,0.0397384474440781,0.0439086453554596,0,0,0.0476199206365212,0,0,0.0571439257166366,0.0545144690325174,0,0.041172338956928,0.041172338956928,0,0,0,0,0,0,0,0,0,0.0714299464323527,0,0,0,0.0367619429090039,0,0,0.0571439257166366,0,0.0367619429090039,0,0.0476199206365212,0,0,0,0,0,0,0,0,0,0.041172338956928,0.0545144690325174,0,0,0,0,0,0,0.041172338956928,0.0476199206365212,0,0.0367619429090039,0.0571439257166366,0,0.0337236205744276,0,0,0,0,0,0,0.041172338956928,0,0,0,0,0,0.0571439257166366,0,0,0.0367619429090039,0,0.0476199206365212,0,0,0,0.0545144690325174,0,0,0,0,0.0933602719681705,0,0.0571439257166366,0,0.0367619429090039,0,0.0571439257166366,0.0367619429090039,0,0,0.041172338956928,0.0476199206365212,0,0,0.0571439257166366,0,0,0.0571439257166366,0.0476199206365212,0,0.041172338956928,0.0571439257166366,0,0,0,0,0,0,0,0,0,0,0,0,0,0,0,0,0.0367619429090039,0.0571439257166366,0.0571439257166366,0.0545144690325174,0,0.0571439257166366,0,0,0,0
0,0.147105639620399,0,0.128249502550101,1,0.115768709113422,0.128249502550101,0.147105639620399,0,0,0,0.128249502550101,0.115768709113422,0.128249502550101,0,0.147105639620399,0.147105639620399,0.115768709113422,0.176370950666949,0.10162667835798,0.128249502550101,0.128249502550101,0,0.147105639620399,0.128249502550101,0.107359912685637,0.107359912685637,0.115768709113422,0,0,0,0,0.54337899543379,0.10162667835798,0.10162667835798,0.128249502550101,0,0,0.128249502550101,0.147105639620399,0,0,0,0.115768709113422,0,0,0.105746154191537,0,0,0.107359912685637,0,0,0.115768709113422,0,0.128249502550101,0,0,0,0.147105639620399,0,0,0.128249502550101,0.54337899543379,0,0,0.128249502550101,0.128249502550101,0.128249502550101,0.0976858574475728,0.0949619587666687,0.147105639620399,0.128249502550101,0,0,0,0.0953134799189487,0.147105639620399,0.147105639620399,0,0.128249502550101,0,0,0.128249502550101,0,0.128249502550101,0.0976858574475728,0.128249502550101,0,0.115768709113422,0,0.223744292237443,0.128249502550101,0,0,0,0,0.128249502550101,0,0,0,0,0,0,0.107359912685637,0.0976858574475728,0.10162667835798,0,0.108384549152341,0,0.0976858574475728,0,0,0,0,0,0.0949619587666687,0,0.128249502550101,0.115768709113422,0.115768709113422,0.115768709113422,0,0.115768709113422,0.176370950666949,0,0,0,0,0,0,0.107359912685637,0,0.54337899543379,0.147105639620399,0,0.115768709113422,0,0.128249502550101,0.147105639620399,0.128249502550101,0.128249502550101,0.128249502550101,0,0,0.115768709113422,0.107359912685637,0.128249502550101,0,0.128249502550101,0.147105639620399,0.128249502550101,0.107359912685637,0,0.54337899543379,0.115768709113422,0.0976858574475728,0.107359912685637,0.128249502550101,0.107359912685637,0,0,0.115768709113422,0.115768709113422,0,0.115768709113422,0,0,0,0,0.128249502550101,0.128249502550101,0,0.115768709113422,0.147105639620399,0.128249502550101,0,0.115768709113422,0,0.115768709113422,0.128249502550101,0.54337899543379,0,0,0,0,0,0.107359912685637,0.128249502550101,0,0.128249502550101,0.115768709113422,0,0,0,0.147105639620399,0,0,0,0,0,0,0.147105639620399,0.128249502550101,0.147105639620399,0.147105639620399,0.147105639620399,0,0.115768709113422,0,0,0,0.128249502550101,0,0,0,0,0,0,0.107359912685637,0.0943727413365712,0,0.128249502550101,0,0.128249502550101,0.107359912685637,0,0.147105639620399,0,0,0.115768709113422,0.128249502550101,0.147105639620399,0,0,0.0865360309624762,0,0.128249502550101,0,0,0.10162667835798,0,0.128249502550101,0,0,0.0865360309624762,0.0930719467558259,0.10162667835798,0.10162667835798,0.10162667835798,0.0976858574475728,0.128249502550101,0,0,0,0,0,0,0.107359912685637,0,0,0,0,0,0.115768709113422,0,0.115768709113422,0.128249502550101,0,0.115768709113422,0.107359912685637,0.115768709113422,0,0.115768709113422,0,0.10162667835798,0,0,0.107359912685637,0.0943727413365712,0.0953134799189487,0,0,0.115768709113422,0,0,0.128249502550101,0.108384549152341,0,0.107359912685637,0.107359912685637,0,0,0,0,0,0,0,0,0,0.147105639620399,0,0,0,0.10162667835798,0,0,0.128249502550101,0,0.10162667835798,0,0.115768709113422,0,0,0,0,0,0,0,0,0,0.107359912685637,0.108384549152341,0,0,0,0,0,0,0.107359912685637,0.115768709113422,0,0.10162667835798,0.128249502550101,0,0.0976858574475728,0,0,0,0,0,0,0.107359912685637,0,0,0,0,0,0.128249502550101,0,0,0.10162667835798,0,0.115768709113422,0,0,0,0.108384549152341,0,0,0,0,0.176370950666949,0,0.128249502550101,0,0.10162667835798,0,0.128249502550101,0.10162667835798,0,0,0.107359912685637,0.115768709113422,0,0,0.128249502550101,0,0,0.128249502550101,0.115768709113422,0,0.107359912685637,0.128249502550101,0,0,0,0,0,0,0,0,0,0,0,0,0,0,0,0,0.10162667835798,0.128249502550101,0.128249502550101,0.108384549152341,0,0.128249502550101,0,0,0,0
0,0.148976520421494,0,0.0476199206365212,0.115768709113422,1,0.0476199206365212,0.0613432731147329,0,0,0,0.115648378688694,0.0384622300306098,0.115648378688694,0,0.0613432731147329,0.148976520421494,0.093408272931481,0.200063521369343,0.0280132767810044,0.0476199206365212,0.0476199206365212,0,0.148976520421494,0.0476199206365212,0.0322586368373393,0.0322586368373393,0.0384622300306098,0,0,0,0,0.115768709113422,0.0680322436110106,0.0680322436110106,0.115648378688694,0,0,0.115648378688694,0.274166873716867,0,0,0,0.0384622300306098,0,0,0.0892681146452845,0,0,0.078342403747824,0,0,0.093408272931481,0,0.0476199206365212,0,0,0,0.0613432731147329,0,0,0.115648378688694,0.115768709113422,0,0,0.0476199206365212,0.115648378688694,0.0476199206365212,0.0609274353162256,0.0560080001931739,0.0613432731147329,0.212831890191799,0,0,0,0.0892681146452845,0.0613432731147329,0.0613432731147329,0,0.0476199206365212,0,0,0.0476199206365212,0,0.0476199206365212,0.0250877674831517,0.115648378688694,0,0.093408272931481,0,0.115768709113422,0.0476199206365212,0,0,0,0,0.0476199206365212,0,0,0,0,0,0,0.078342403747824,0.0250877674831517,0.0280132767810044,0,0.114242844100718,0,0.0609274353162256,0,0,0,0,0,0.0560080001931739,0,0.115648378688694,0.093408272931481,0.093408272931481,0.093408272931481,0,0.093408272931481,0.0823790970344355,0,0,0,0,0,0,0.078342403747824,0,0.115768709113422,0.0613432731147329,0,0.093408272931481,0,0.0476199206365212,0.0613432731147329,0.115648378688694,0.0476199206365212,0.0476199206365212,0,0,0.0384622300306098,0.078342403747824,0.115648378688694,0,0.0476199206365212,0.0613432731147329,0.115648378688694,0.0322586368373393,0,0.115768709113422,0.093408272931481,0.0250877674831517,0.078342403747824,0.115648378688694,0.0322586368373393,0,0,0.093408272931481,0.093408272931481,0,0.093408272931481,0,0,0,0,0.115648378688694,0.115648378688694,0,0.0384622300306098,0.148976520421494,0.115648378688694,0,0.093408272931481,0,0.093408272931481,0.115648378688694,0.115768709113422,0,0,0,0,0,0.078342403747824,0.0476199206365212,0,0.0476199206365212,0.0384622300306098,0,0,0,0.0613432731147329,0,0,0,0,0,0,0.0613432731147329,0.0476199206365212,0.0613432731147329,0.0613432731147329,0.0613432731147329,0,0.0384622300306098,0,0,0,0.115648378688694,0,0,0,0,0,0,0.0322586368373393,0.0781973600772233,0,0.115648378688694,0,0.115648378688694,0.0322586368373393,0,0.0613432731147329,0,0,1,0.0476199206365212,0.274166873716867,0,0,0.0724188282515526,0,0.115648378688694,0,0,0.0280132767810044,0,0.115648378688694,0,0,0.0724188282515526,0.0216548926727131,0.0280132767810044,0.0280132767810044,0.0680322436110106,0.0609274353162256,0.212831890191799,0,0,0,0,0,0,0.0322586368373393,0,0,0,0,0,0.093408272931481,0,0.093408272931481,0.115648378688694,0,0.093408272931481,0.078342403747824,0.093408272931481,0,0.0384622300306098,0,0.0280132767810044,0,0,0.0322586368373393,0.0781973600772233,0.16428333703628,0,0,0.093408272931481,0,0,0.0476199206365212,0.100712305912714,0,0.078342403747824,0.078342403747824,0,0,0,0,0,0,0,0,0,0.274166873716867,0,0,0,0.0680322436110106,0,0,0.115648378688694,0,0.0680322436110106,0,0.093408272931481,0,0,0,0,0,0,0,0,0,0.0322586368373393,0.114242844100718,0,0,0,0,0,0,0.078342403747824,0.0384622300306098,0,0.0280132767810044,0.0476199206365212,0,0.0609274353162256,0,0,0,0,0,0,0.078342403747824,0,0,0,0,0,0.115648378688694,0,0,0.0680322436110106,0,0.093408272931481,0,0,0,0.114242844100718,0,0,0,0,0.0823790970344355,0,0.0476199206365212,0,0.0680322436110106,0,0.0476199206365212,0.0680322436110106,0,0,0.078342403747824,0.093408272931481,0,0,0.115648378688694,0,0,0.0476199206365212,0.093408272931481,0,0.078342403747824,0.115648378688694,0,0,0,0,0,0,0,0,0,0,0,0,0,0,0,0,0.0280132767810044,0.0476199206365212,0.115648378688694,0.114242844100718,0,0.115648378688694,0,0,0,0
0,0.0714299464323527,0,0.659999251998354,0.128249502550101,0.0476199206365212,1,0.0714299464323527,0,0,0,0.0571439257166366,0.0476199206365212,0.0571439257166366,0,0.0714299464323527,0.0714299464323527,0.0476199206365212,0.0933602719681705,0.0367619429090039,0.0571439257166366,0.659999251998354,0,0.0714299464323527,0.0571439257166366,0.041172338956928,0.041172338956928,0.0476199206365212,0,0,0,0,0.128249502550101,0.0367619429090039,0.0367619429090039,0.0571439257166366,0,0,0.0571439257166366,0.0714299464323527,0,0,0,0.0476199206365212,0,0,0.0533176407887724,0,0,0.041172338956928,0,0,0.0476199206365212,0,0.0571439257166366,0,0,0,0.319248127932352,0,0,0.0571439257166366,0.128249502550101,0,0,0.0571439257166366,0.0571439257166366,0.0571439257166366,0.0337236205744276,0.0316202950567523,0.0714299464323527,0.0571439257166366,0,0,0,0.507134795648585,0.0714299464323527,0.0714299464323527,0,0.0571439257166366,0,0,0.0571439257166366,0,0.0571439257166366,0.0337236205744276,0.0571439257166366,0,0.0476199206365212,0,0.311463077621673,0.0571439257166366,0,0,0,0,0.659999251998354,0,0,0,0,0,0,0.041172338956928,0.0337236205744276,0.0367619429090039,0,0.0545144690325174,0,0.0337236205744276,0,0,0,0,0,0.0316202950567523,0,0.0571439257166366,0.0476199206365212,0.0476199206365212,0.0476199206365212,0,0.0476199206365212,0.0933602719681705,0,0,0,0,0,0,0.041172338956928,0,0.128249502550101,0.0714299464323527,0,0.0476199206365212,0,0.0571439257166366,0.0714299464323527,0.0571439257166366,0.659999251998354,0.659999251998354,0,0,0.0476199206365212,0.041172338956928,0.0571439257166366,0,0.0571439257166366,0.0714299464323527,0.0571439257166366,0.041172338956928,0,0.128249502550101,0.0476199206365212,0.0337236205744276,0.041172338956928,0.0571439257166366,0.041172338956928,0,0,0.0476199206365212,0.0476199206365212,0,0.0476199206365212,0,0,0,0,0.0571439257166366,0.0571439257166366,0,0.0476199206365212,0.0714299464323527,0.0571439257166366,0,0.0476199206365212,0,0.0476199206365212,0.0571439257166366,0.128249502550101,0,0,0,0,0,0.041172338956928,0.0571439257166366,0,0.0571439257166366,0.0476199206365212,0,0,0,0.0714299464323527,0,0,0,0,0,0,0.0714299464323527,0.421998728397202,0.0714299464323527,0.0714299464323527,0.0714299464323527,0,0.0476199206365212,0,0,0,0.0571439257166366,0,0,0,0,0,0,0.041172338956928,0.0397384474440781,0,0.0571439257166366,0,0.0571439257166366,0.041172338956928,0,0.0714299464323527,0,0,0.0476199206365212,0.0571439257166366,0.0714299464323527,0,0,0.0367574589715877,0,0.0571439257166366,0,0,0.0367619429090039,0,0.0571439257166366,0,0,0.0367574589715877,0.0301593188641145,0.0367619429090039,0.0367619429090039,0.0367619429090039,0.0337236205744276,0.0571439257166366,0,0,0,0,0,0,0.041172338956928,0,0,0,0,0,0.0476199206365212,0,0.0476199206365212,0.0571439257166366,0,0.0476199206365212,0.041172338956928,0.0476199206365212,0,0.0476199206365212,0,0.0367619429090039,0,0,0.041172338956928,0.0397384474440781,0.0439086453554596,0,0,0.0476199206365212,0,0,0.0571439257166366,0.0545144690325174,0,0.041172338956928,0.041172338956928,0,0,0,0,0,0,0,0,0,0.0714299464323527,0,0,0,0.0367619429090039,0,0,0.0571439257166366,0,0.0367619429090039,0,0.0476199206365212,0,0,0,0,0,0,0,0,0,0.041172338956928,0.0545144690325174,0,0,0,0,0,0,0.041172338956928,0.0476199206365212,0,0.0367619429090039,0.0571439257166366,0,0.0337236205744276,0,0,0,0,0,0,0.041172338956928,0,0,0,0,0,0.0571439257166366,0,0,0.0367619429090039,0,0.0476199206365212,0,0,0,0.0545144690325174,0,0,0,0,0.0933602719681705,0,0.0571439257166366,0,0.0367619429090039,0,0.0571439257166366,0.0367619429090039,0,0,0.041172338956928,0.0476199206365212,0,0,0.0571439257166366,0,0,0.0571439257166366,0.0476199206365212,0,0.041172338956928,0.0571439257166366,0,0,0,0,0,0,0,0,0,0,0,0,0,0,0,0,0.0367619429090039,0.0571439257166366,0.0571439257166366,0.0545144690325174,0,0.0571439257166366,0,0,0,0
0,0.0865818037575277,0,0.0714299464323527,0.147105639620399,0.0613432731147329,0.0714299464323527,1,0,0,0,0.0714299464323527,0.0613432731147329,0.0714299464323527,0,0.21027009483971,0.0865818037575277,0.0613432731147329,0.109892388006257,0.0498579928542293,0.0714299464323527,0.0714299464323527,0,0.0865818037575277,0.0714299464323527,0.0545213728963117,0.0545213728963117,0.0613432731147329,0,0,0,0,0.147105639620399,0.0498579928542293,0.0498579928542293,0.0714299464323527,0,0,0.0714299464323527,0.0865818037575277,0,0,0,0.0613432731147329,0,0,0.155755625807193,0,0,0.0545213728963117,0,0,0.0613432731147329,0,0.0714299464323527,0,0,0,0.0865818037575277,0,0,0.0714299464323527,0.147105639620399,0,0,0.0714299464323527,0.0714299464323527,0.173472727049999,0.0466468368249435,0.0444245555713213,0.0865818037575277,0.0714299464323527,0,0,0,0.0545144690325174,0.21027009483971,0.0865818037575277,0,0.0714299464323527,0,0,0.0714299464323527,0,0.0714299464323527,0.0466468368249435,0.0714299464323527,0,0.0613432731147329,0,0.147105639620399,0.0714299464323527,0,0,0,0,0.0714299464323527,0,0,0,0,0,0,0.0545213728963117,0.0466468368249435,0.0498579928542293,0,0.0656073668246963,0,0.0466468368249435,0,0,0,0,0,0.0444245555713213,0,0.0714299464323527,0.0613432731147329,0.0613432731147329,0.0613432731147329,0,0.0613432731147329,0.266881513729481,0,0,0,0,0,0,0.0545213728963117,0,0.147105639620399,0.21027009483971,0,0.0613432731147329,0,0.0714299464323527,0.0865818037575277,0.0714299464323527,0.0714299464323527,0.0714299464323527,0,0,0.0613432731147329,0.0545213728963117,0.0714299464323527,0,0.0714299464323527,0.21027009483971,0.0714299464323527,0.0545213728963117,0,0.147105639620399,0.0613432731147329,0.0466468368249435,0.0545213728963117,0.0714299464323527,0.0545213728963117,0,0,0.0613432731147329,0.0613432731147329,0,0.0613432731147329,0,0,0,0,0.0714299464323527,0.0714299464323527,0,0.0613432731147329,0.0865818037575277,0.0714299464323527,0,0.0613432731147329,0,0.0613432731147329,0.0714299464323527,0.147105639620399,0,0,0,0,0,0.0545213728963117,0.173472727049999,0,0.0714299464323527,0.0613432731147329,0,0,0,0.0865818037575277,0,0,0,0,0,0,0.0865818037575277,0.0714299464323527,0.0865818037575277,0.0865818037575277,0.0865818037575277,0,0.0613432731147329,0,0,0,0.0714299464323527,0,0,0,0,0,0,0.0545213728963117,0.0509474689183968,0,0.0714299464323527,0,0.0714299464323527,0.0545213728963117,0,0.0865818037575277,0,0,0.0613432731147329,0.0714299464323527,0.0865818037575277,0,0,0.0470411711002957,0,0.0714299464323527,0,0,0.0498579928542293,0,0.0714299464323527,0,0,0.0470411711002957,0.0428812849891,0.0498579928542293,0.0498579928542293,0.0498579928542293,0.0466468368249435,0.0714299464323527,0,0,0,0,0,0,0.0545213728963117,0,0,0,0,0,0.0613432731147329,0,0.0613432731147329,0.0714299464323527,0,0.0613432731147329,0.0545213728963117,0.0613432731147329,0,0.0613432731147329,0,0.0498579928542293,0,0,0.0545213728963117,0.0509474689183968,0.0545144690325174,0,0,0.0613432731147329,0,0,0.0714299464323527,0.0656073668246963,0,0.0545213728963117,0.0545213728963117,0,0,0,0,0,0,0,0,0,0.0865818037575277,0,0,0,0.0498579928542293,0,0,0.0714299464323527,0,0.0498579928542293,0,0.0613432731147329,0,0,0,0,0,0,0,0,0,0.0545213728963117,0.0656073668246963,0,0,0,0,0,0,0.0545213728963117,0.0613432731147329,0,0.0498579928542293,0.0714299464323527,0,0.0466468368249435,0,0,0,0,0,0,0.0545213728963117,0,0,0,0,0,0.0714299464323527,0,0,0.0498579928542293,0,0.0613432731147329,0,0,0,0.0656073668246963,0,0,0,0,0.266881513729481,0,0.0714299464323527,0,0.0498579928542293,0,0.0714299464323527,0.0498579928542293,0,0,0.0545213728963117,0.0613432731147329,0,0,0.0714299464323527,0,0,0.173472727049999,0.0613432731147329,0,0.0545213728963117,0.0714299464323527,0,0,0,0,0,0,0,0,0,0,0,0,0,0,0,0,0.0498579928542293,0.0714299464323527,0.0714299464323527,0.0656073668246963,0,0.0714299464323527,0,0,0,0
0,0,0,0,0,0,0,0,1,0,0,0,0,0,0,0,0,0,0,0,0,0,0,0,0,0,0,0,0,0,0,0,0,0,0,0,0,0,0,0,0,0,0,0,0,0,0,0,0,0,0,0,0,0,0,0,0,0,0,0,0,0,0,0,0,0,0,0,0,0,0,0,0,0,0,0,0,0,0,0,0,0,0,0,0,0,0,0,0,0,0,0,0,0,0,0,0,0,0,0,0,0,0,0,0,0,0,0,0,0,0,0,0,0,0,0,0,0,0,0,0,0,0,0,0,0,0,0,0,0,0,0,0,0,0,0,0,0,0,0,0,0,0,0,0,0,0,0,0,0,0,0,0,0,0,0,0,0,0,0,0,0,0,0,0,0,0,0,0,0,0,0,0,0,0,0,0,0,0,0,0,0,0,0,0,0,0,0,0,0,0,0,0,0,0,0,0,0,0,0,0,0,0,0,0,0,0,0,0,0,0,0,0,0,0,0,0,0,0,0,0,0,0,0,0,0,0,0,0,0,0,0,0,0,0,0,0,0,0,0,0,0,0,0,0,0,0,0,0,0,0,0,0,0,0,0,0,0,0,0,0,0,0,0,0,0,0,0,0,0,0,0,0,0,0,0,0,0,0,0,0,0,0,0,0,0,0,0,0,0,0,0,0,0,0,0,0,0,0,0,0,0,0,0,0,0,0,0,0,0,0,0,0,0,0,0,0,0,0,0,0,0,0,0,0,0,0,0,0,0,0,0,0,0,0,0,0,0,0,0,0,0,0,0,0,0,0,0,0,0,0,0,0,0,0,0,0,0,0,0,0,0,0,0,0,0,0,0,0,0,0,0,0,0,0,0,0,0,0,0,0,0,0,0,0,0,0,0,0,0,0,0,0,0,0,0,0,0,0,0,0,0,0,0,0,0,0,0,0
0,0,0,0,0,0,0,0,0,1,0,0,0,0,0,0,0,0,0,0,0,0,0,0,0,0,0,0,0,0,0,0,0,0,0,0,0,0,0,0,0,0,0,0,0,0,0,0,0,0,0,0,0,0,0,0,0,0,0,0,0,0,0,0,0,0,0,0,0,0,0,0,0,0,0,0,0,0,0,0,0,0,0,0,0,0,0,0,0,0,0,0,0,0,0,0,0,0,0,0,0,0,0,0,0,0,0,0,0,0,0,0,0,0,0,0,0,0,0,0,0,0,0,0,0,0,0,0,0,0,0,0,0,0,0,0,0,0,0,0,0,0,0,0,0,0,0,0,0,0,0,0,0,0,0,0,0,0,0,0,0,0,0,0,0,0,0,0,0,0,0,0,0,0,0,0,0,0,0,0,0,0,0,0,0,0,0,0,0,0,0,0,0,0,0,0,0,0,0,0,0,0,0,0,0,0,0,0,0,0,0,0,0,0,0,0,0,0,0,0,0,0,0,0,0,0,0,0,0,0,0,0,0,0,0,0,0,0,0,0,0,0,0,0,0,0,0,0,0,0,0,0,0,0,0,0,0,0,0,0,0,0,0,0,0,0,0,0,0,0,0,0,0,0,0,0,0,0,0,0,0,0,0,0,0,0,0,0,0,0,0,0,0,0,0,0,0,0,0,0,0,0,0,0,0,0,0,0,0,0,0,0,0,0,0,0,0,0,0,0,0,0,0,0,0,0,0,0,0,0,0,0,0,0,0,0,0,0,0,0,0,0,0,0,0,0,0,0,0,0,0,0,0,0,0,0,0,0,0,0,0,0,0,0,0,0,0,0,0,0,0,0,0,0,0,0,0,0,0,0,0,0,0,0,0,0,0,0,0,0,0,0,0,0,0,0,0,0,0,0,0,0,0,0,0,0,0,0,0
0,0,0,0,0,0,0,0,0,0,1,0,0,0,0,0,0,0,0,0,0,0,0,0,0,0,0,0,0,0,0,0,0,0,0,0,0,0,0,0,0,0,0,0,0,0,0,0,0,0,0,0,0,0,0,0,0,0,0,0,0,0,0,0,0,0,0,0,0,0,0,0,0,0,0,0,0,0,0,0,0,0,0,0,0,0,0,0,0,0,0,0,0,0,0,0,0,0,0,0,0,0,0,0,0,0,0,0,0,0,0,0,0,0,0,0,0,0,0,0,0,0,0,0,0,0,0,0,0,0,0,0,0,0,0,0,0,0,0,0,0,0,0,0,0,0,0,0,0,0,0,0,0,0,0,0,0,0,0,0,0,0,0,0,0,0,0,0,0,0,0,0,0,0,0,0,0,0,0,0,0,0,0,0,0,0,0,0,0,0,0,0,0,0,0,0,0,0,0,0,0,0,0,0,0,0,0,0,0,0,0,0,0,0,0,0,0,0,0,0,0,0,0,0,0,0,0,0,0,0,0,0,0,0,0,0,0,0,0,0,0,0,0,0,0,0,0,0,0,0,0,0,0,0,0,0,0,0,0,0,0,0,0,0,0,0,0,0,0,0,0,0,0,0,0,0,0,0,0,0,0,0,0,0,0,0,0,0,0,0,0,0,0,0,0,0,0,0,0,0,0,0,0,0,0,0,0,0,0,0,0,0,0,0,0,0,0,0,0,0,0,0,0,0,0,0,0,0,0,0,0,0,0,0,0,0,0,0,0,0,0,0,0,0,0,0,0,0,0,0,0,0,0,0,0,0,0,0,0,0,0,0,0,0,0,0,0,0,0,0,0,0,0,0,0,0,0,0,0,0,0,0,0,0,0,0,0,0,0,0,0,0,0,0,0,0,0,0,0,0,0,0,0,0,0,0,0,0,0
0,0.173472727049999,0,0.0571439257166366,0.128249502550101,0.115648378688694,0.0571439257166366,0.0714299464323527,0,0,0,1,0.0476199206365212,0.138778105311832,0,0.0714299464323527,0.173472727049999,0.212831890191799,0.226732089065557,0.0367619429090039,0.0571439257166366,0.0571439257166366,0,0.527498700621427,0.0571439257166366,0.041172338956928,0.041172338956928,0.0476199206365212,0,0,0,0,0.128249502550101,0.0892790042075809,0.0892790042075809,0.421998728397202,0,0,0.421998728397202,0.173472727049999,0,0,0,0.0476199206365212,0,0,0.106635281577545,0,0,0.0999899660382537,0,0,0.115648378688694,0,0.0571439257166366,0,0,0,0.0714299464323527,0,0,0.138778105311832,0.128249502550101,0,0,0.0571439257166366,0.138778105311832,0.0571439257166366,0.0819002213950383,0.0767921451378269,0.0714299464323527,0.138778105311832,0,0,0,0.106635281577545,0.0714299464323527,0.0714299464323527,0,0.0571439257166366,0,0,0.0571439257166366,0,0.0571439257166366,0.0337236205744276,0.421998728397202,0,0.115648378688694,0,0.128249502550101,0.0571439257166366,0,0,0,0,0.0571439257166366,0,0,0,0,0,0,0.0999899660382537,0.0337236205744276,0.0367619429090039,0,0.132392281936114,0,0.0819002213950383,0,0,0,0,0,0.0767921451378269,0,0.138778105311832,0.115648378688694,0.115648378688694,0.115648378688694,0,0.115648378688694,0.0933602719681705,0,0,0,0,0,0,0.0999899660382537,0,0.128249502550101,0.0714299464323527,0,0.115648378688694,0,0.0571439257166366,0.0714299464323527,0.421998728397202,0.0571439257166366,0.0571439257166366,0,0,0.0476199206365212,0.0999899660382537,0.138778105311832,0,0.0571439257166366,0.0714299464323527,0.421998728397202,0.041172338956928,0,0.128249502550101,0.115648378688694,0.0337236205744276,0.0999899660382537,0.138778105311832,0.041172338956928,0,0,0.115648378688694,0.115648378688694,0,0.115648378688694,0,0,0,0,0.138778105311832,0.138778105311832,0,0.0476199206365212,0.173472727049999,0.421998728397202,0,0.115648378688694,0,0.115648378688694,0.138778105311832,0.128249502550101,0,0,0,0,0,0.0999899660382537,0.0571439257166366,0,0.0571439257166366,0.0476199206365212,0,0,0,0.0714299464323527,0,0,0,0,0,0,0.0714299464323527,0.0571439257166366,0.0714299464323527,0.0714299464323527,0.0714299464323527,0,0.0476199206365212,0,0,0,0.138778105311832,0,0,0,0,0,0,0.041172338956928,0.0965076580784755,0,0.138778105311832,0,0.138778105311832,0.041172338956928,0,0.0714299464323527,0,0,0.115648378688694,0.0571439257166366,0.173472727049999,0,0,0.0892681146452845,0,0.138778105311832,0,0,0.0367619429090039,0,0.138778105311832,0,0,0.0892681146452845,0.0301593188641145,0.0367619429090039,0.0367619429090039,0.0892790042075809,0.0819002213950383,0.138778105311832,0,0,0,0,0,0,0.041172338956928,0,0,0,0,0,0.115648378688694,0,0.115648378688694,0.138778105311832,0,0.115648378688694,0.0999899660382537,0.115648378688694,0,0.0476199206365212,0,0.0367619429090039,0,0,0.041172338956928,0.0965076580784755,0.106635281577545,0,0,0.115648378688694,0,0,0.0571439257166366,0.118649138482538,0,0.0999899660382537,0.0999899660382537,0,0,0,0,0,0,0,0,0,0.173472727049999,0,0,0,0.0892790042075809,0,0,0.138778105311832,0,0.0892790042075809,0,0.115648378688694,0,0,0,0,0,0,0,0,0,0.041172338956928,0.132392281936114,0,0,0,0,0,0,0.0999899660382537,0.0476199206365212,0,0.0367619429090039,0.0571439257166366,0,0.0819002213950383,0,0,0,0,0,0,0.0999899660382537,0,0,0,0,0,0.421998728397202,0,0,0.0892790042075809,0,0.115648378688694,0,0,0,0.132392281936114,0,0,0,0,0.0933602719681705,0,0.0571439257166366,0,0.0892790042075809,0,0.0571439257166366,0.0892790042075809,0,0,0.0999899660382537,0.115648378688694,0,0,0.138778105311832,0,0,0.0571439257166366,0.115648378688694,0,0.0999899660382537,0.138778105311832,0,0,0,0,0,0,0,0,0,0,0,0,0,0,0,0,0.0367619429090039,0.0571439257166366,0.138778105311832,0.132392281936114,0,0.138778105311832,0,0,0,0
0,0.0613432731147329,0,0.0476199206365212,0.115768709113422,0.0384622300306098,0.0476199206365212,0.0613432731147329,0,0,0,0.0476199206365212,1,0.0476199206365212,0,0.0613432731147329,0.0613432731147329,0.0384622300306098,0.0823790970344355,0.0280132767810044,0.0476199206365212,0.0476199206365212,0,0.0613432731147329,0.0476199206365212,0.0322586368373393,0.0322586368373393,0.0384622300306098,0,0,0,0,0.115768709113422,0.0280132767810044,0.0280132767810044,0.0476199206365212,0,0,0.0476199206365212,0.0613432731147329,0,0,0,0.171902619932726,0,0,0.046024045266946,0,0,0.0322586368373393,0,0,0.0384622300306098,0,0.0476199206365212,0,0,0,0.0613432731147329,0,0,0.0476199206365212,0.115768709113422,0,0,0.0476199206365212,0.0476199206365212,0.0476199206365212,0.0250877674831517,0.023062117726601,0.0613432731147329,0.0476199206365212,0,0,0,0.0367574589715877,0.0613432731147329,0.148976520421494,0,0.115648378688694,0,0,0.115648378688694,0,0.115648378688694,0.0250877674831517,0.0476199206365212,0,0.0384622300306098,0,0.115768709113422,0.115648378688694,0,0,0,0,0.0476199206365212,0,0,0,0,0,0,0.0322586368373393,0.0250877674831517,0.0280132767810044,0,0.0470411711002957,0,0.0250877674831517,0,0,0,0,0,0.023062117726601,0,0.0476199206365212,0.0384622300306098,0.0384622300306098,0.0384622300306098,0,0.0384622300306098,0.0823790970344355,0,0,0,0,0,0,0.0322586368373393,0,0.115768709113422,0.0613432731147329,0,0.0384622300306098,0,0.212831890191799,0.0613432731147329,0.0476199206365212,0.0476199206365212,0.0476199206365212,0,0,0.0384622300306098,0.0322586368373393,0.0476199206365212,0,0.0476199206365212,0.0613432731147329,0.0476199206365212,0.0322586368373393,0,0.115768709113422,0.0384622300306098,0.0250877674831517,0.0322586368373393,0.0476199206365212,0.0322586368373393,0,0,0.0384622300306098,0.0384622300306098,0,0.0384622300306098,0,0,0,0,0.0476199206365212,0.0476199206365212,0,0.0384622300306098,0.0613432731147329,0.0476199206365212,0,0.0384622300306098,0,0.0384622300306098,0.0476199206365212,0.115768709113422,0,0,0,0,0,0.0322586368373393,0.0476199206365212,0,0.0476199206365212,0.0384622300306098,0,0,0,0.148976520421494,0,0,0,0,0,0,0.148976520421494,0.0476199206365212,0.148976520421494,0.148976520421494,0.148976520421494,0,0.171902619932726,0,0,0,0.0476199206365212,0,0,0,0,0,0,0.0322586368373393,0.0321989129729743,0,0.0476199206365212,0,0.0476199206365212,0.0322586368373393,0,0.148976520421494,0,0,0.0384622300306098,0.212831890191799,0.0613432731147329,0,0,0.0298195175153452,0,0.0476199206365212,0,0,0.0280132767810044,0,0.0476199206365212,0,0,0.0298195175153452,0.0216548926727131,0.0280132767810044,0.0280132767810044,0.0280132767810044,0.0250877674831517,0.0476199206365212,0,0,0,0,0,0,0.0322586368373393,0,0,0,0,0,0.0384622300306098,0,0.0384622300306098,0.0476199206365212,0,0.0384622300306098,0.0322586368373393,0.0384622300306098,0,0.0384622300306098,0,0.0280132767810044,0,0,0.0322586368373393,0.0321989129729743,0.0367574589715877,0,0,0.0384622300306098,0,0,0.212831890191799,0.114242844100718,0,0.0322586368373393,0.0322586368373393,0,0,0,0,0,0,0,0,0,0.0613432731147329,0,0,0,0.0280132767810044,0,0,0.0476199206365212,0,0.0280132767810044,0,0.0384622300306098,0,0,0,0,0,0,0,0,0,0.0322586368373393,0.0470411711002957,0,0,0,0,0,0,0.0322586368373393,0.0384622300306098,0,0.0280132767810044,0.212831890191799,0,0.0250877674831517,0,0,0,0,0,0,0.0322586368373393,0,0,0,0,0,0.0476199206365212,0,0,0.0280132767810044,0,0.0384622300306098,0,0,0,0.0470411711002957,0,0,0,0,0.0823790970344355,0,0.115648378688694,0,0.0280132767810044,0,0.0476199206365212,0.0280132767810044,0,0,0.0322586368373393,0.0384622300306098,0,0,0.0476199206365212,0,0,0.0476199206365212,0.0384622300306098,0,0.0322586368373393,0.0476199206365212,0,0,0,0,0,0,0,0,0,0,0,0,0,0,0,0,0.0280132767810044,0.0476199206365212,0.0476199206365212,0.0470411711002957,0,0.0476199206365212,0,0,0,0
0,0.173472727049999,0,0.0571439257166366,0.128249502550101,0.115648378688694,0.0571439257166366,0.0714299464323527,0,0,0,0.138778105311832,0.0476199206365212,1,0,0.0714299464323527,0.824999518748676,0.115648378688694,0.226732089065557,0.0367619429090039,0.0571439257166366,0.0571439257166366,0,0.173472727049999,0.0571439257166366,0.041172338956928,0.041172338956928,0.0476199206365212,0,0,0,0,0.128249502550101,0.0892790042075809,0.0892790042075809,0.138778105311832,0,0,0.138778105311832,0.173472727049999,0,0,0,0.0476199206365212,0,0,0.106635281577545,0,0,0.0999899660382537,0,0,0.115648378688694,0,0.0571439257166366,0,0,0,0.0714299464323527,0,0,0.138778105311832,0.128249502550101,0,0,0.0571439257166366,0.138778105311832,0.0571439257166366,0.0819002213950383,0.0767921451378269,0.0714299464323527,0.138778105311832,0,0,0,0.106635281577545,0.0714299464323527,0.0714299464323527,0,0.0571439257166366,0,0,0.0571439257166366,0,0.0571439257166366,0.0337236205744276,0.138778105311832,0,0.115648378688694,0,0.128249502550101,0.0571439257166366,0,0,0,0,0.0571439257166366,0,0,0,0,0,0,0.0999899660382537,0.0337236205744276,0.0367619429090039,0,0.480458425321575,0,0.0819002213950383,0,0,0,0,0,0.0767921451378269,0,0.138778105311832,0.115648378688694,0.115648378688694,0.115648378688694,0,0.115648378688694,0.0933602719681705,0,0,0,0,0,0,0.0999899660382537,0,0.128249502550101,0.0714299464323527,0,0.115648378688694,0,0.0571439257166366,0.0714299464323527,0.138778105311832,0.0571439257166366,0.0571439257166366,0,0,0.0476199206365212,0.0999899660382537,0.138778105311832,0,0.0571439257166366,0.0714299464323527,0.138778105311832,0.041172338956928,0,0.128249502550101,0.115648378688694,0.0337236205744276,0.47553108355459,0.255398361876396,0.041172338956928,0,0,0.115648378688694,0.115648378688694,0,0.115648378688694,0,0,0,0,0.138778105311832,0.659999251998354,0,0.0476199206365212,0.173472727049999,0.138778105311832,0,0.212831890191799,0,0.549999174998487,0.255398361876396,0.128249502550101,0,0,0,0,0,0.0999899660382537,0.0571439257166366,0,0.0571439257166366,0.0476199206365212,0,0,0,0.0714299464323527,0,0,0,0,0,0,0.0714299464323527,0.0571439257166366,0.0714299464323527,0.0714299464323527,0.0714299464323527,0,0.0476199206365212,0,0,0,0.138778105311832,0,0,0,0,0,0,0.041172338956928,0.177606530413329,0,0.138778105311832,0,0.138778105311832,0.041172338956928,0,0.0714299464323527,0,0,0.115648378688694,0.0571439257166366,0.173472727049999,0,0,0.0892681146452845,0,0.255398361876396,0,0,0.0367619429090039,0,0.659999251998354,0,0,0.424540231045856,0.0301593188641145,0.0367619429090039,0.0367619429090039,0.0892790042075809,0.0819002213950383,0.138778105311832,0,0,0,0,0,0,0.041172338956928,0,0,0,0,0,0.212831890191799,0,0.212831890191799,0.138778105311832,0,0.115648378688694,0.0999899660382537,0.212831890191799,0,0.0476199206365212,0,0.0367619429090039,0,0,0.041172338956928,0.177606530413329,0.447059868537929,0,0,0.115648378688694,0,0,0.0571439257166366,0.118649138482538,0,0.0999899660382537,0.0999899660382537,0,0,0,0,0,0,0,0,0,0.173472727049999,0,0,0,0.0892790042075809,0,0,0.138778105311832,0,0.0892790042075809,0,0.115648378688694,0,0,0,0,0,0,0,0,0,0.041172338956928,0.132392281936114,0,0,0,0,0,0,0.0999899660382537,0.0476199206365212,0,0.0367619429090039,0.0571439257166366,0,0.0819002213950383,0,0,0,0,0,0,0.0999899660382537,0,0,0,0,0,0.138778105311832,0,0,0.0892790042075809,0,0.115648378688694,0,0,0,0.480458425321575,0,0,0,0,0.0933602719681705,0,0.0571439257166366,0,0.0892790042075809,0,0.0571439257166366,0.0892790042075809,0,0,0.0999899660382537,0.549999174998487,0,0,0.138778105311832,0,0,0.0571439257166366,0.115648378688694,0,0.0999899660382537,0.138778105311832,0,0,0,0,0,0,0,0,0,0,0,0,0,0,0,0,0.0367619429090039,0.0571439257166366,0.138778105311832,0.480458425321575,0,0.138778105311832,0,0,0,0
0,0,0,0,0,0,0,0,0,0,0,0,0,0,1,0,0,0,0,0,0,0,0,0,0,0,0,0,0,0,0,0,0,0,0,0,0,0,0,0,0,0,0,0,0,0,0,0,0,0,0,0,0,0,0,0,0,0,0,0,0,0,0,0,0,0,0,0,0,0,0,0,0,0,0,0,0,0,0,0,0,0,0,0,0,0,0,0,0,0,0,0,0,0,0,0,0,0,0,0,0,0,0,0,0,0,0,0,0,0,0,0,0,0,0,0,0,0,0,0,0,0,0,0,0,0,0,0,0,0,0,0,0,0,0,0,0,0,0,0,0,0,0,0,0,0,0,0,0,0,0,0,0,0,0,0,0,0,0,0,0,0,0,0,0,0,0,0,0,0,0,0,0,0,0,0,0,0,0,0,0,0,0,0,0,0,0,0,0,0,0,0,0,0,0,0,0,0,0,0,0,0,0,0,0,0,0,0,0,0,0,0,0,0,0,0,0,0,0,0,0,0,0,0,0,0,0,0,0,0,0,0,0,0,0,0,0,0,0,0,0,0,0,0,0,0,0,0,0,0,0,0,0,0,0,0,0,0,0,0,0,0,0,0,0,0,0,0,0,0,0,0,0,0,0,0,0,0,0,0,0,0,0,0,0,0,0,0,0,0,0,0,0,0,0,0,0,0,0,0,0,0,0,0,0,0,0,0,0,0,0,0,0,0,0,0,0,0,0,0,0,0,0,0,0,0,0,0,0,0,0,0,0,0,0,0,0,0,0,0,0,0,0,0,0,0,0,0,0,0,0,0,0,0,0,0,0,0,0,0,0,0,0,0,0,0,0,0,0,0,0,0,0,0,0,0,0,0,0,0,0,0,0,0,0,0,0,0,0,0,0,0,0,0,0,0,0,0,0,0,0,0,0,0,0,0,0,0,0
0,0.0865818037575277,0,0.0714299464323527,0.147105639620399,0.0613432731147329,0.0714299464323527,0.21027009483971,0,0,0,0.0714299464323527,0.0613432731147329,0.0714299464323527,0,1,0.0865818037575277,0.0613432731147329,0.109892388006257,0.0498579928542293,0.0714299464323527,0.0714299464323527,0,0.0865818037575277,0.0714299464323527,0.0545213728963117,0.0545213728963117,0.0613432731147329,0,0,0,0,0.147105639620399,0.0498579928542293,0.0498579928542293,0.0714299464323527,0,0,0.0714299464323527,0.0865818037575277,0,0,0,0.0613432731147329,0,0,0.155755625807193,0,0,0.0545213728963117,0,0,0.0613432731147329,0,0.0714299464323527,0,0,0,0.0865818037575277,0,0,0.0714299464323527,0.147105639620399,0,0,0.0714299464323527,0.0714299464323527,0.173472727049999,0.0466468368249435,0.0444245555713213,0.0865818037575277,0.0714299464323527,0,0,0,0.0545144690325174,0.21027009483971,0.0865818037575277,0,0.0714299464323527,0,0,0.0714299464323527,0,0.0714299464323527,0.0466468368249435,0.0714299464323527,0,0.0613432731147329,0,0.147105639620399,0.0714299464323527,0,0,0,0,0.0714299464323527,0,0,0,0,0,0,0.0545213728963117,0.0466468368249435,0.0498579928542293,0,0.0656073668246963,0,0.0466468368249435,0,0,0,0,0,0.0444245555713213,0,0.0714299464323527,0.0613432731147329,0.0613432731147329,0.0613432731147329,0,0.0613432731147329,0.491151693334087,0,0,0,0,0,0,0.0545213728963117,0,0.147105639620399,0.21027009483971,0,0.0613432731147329,0,0.0714299464323527,0.0865818037575277,0.0714299464323527,0.0714299464323527,0.0714299464323527,0,0,0.0613432731147329,0.0545213728963117,0.0714299464323527,0,0.0714299464323527,0.21027009483971,0.0714299464323527,0.0545213728963117,0,0.147105639620399,0.0613432731147329,0.0466468368249435,0.0545213728963117,0.0714299464323527,0.0545213728963117,0,0,0.0613432731147329,0.0613432731147329,0,0.0613432731147329,0,0,0,0,0.0714299464323527,0.0714299464323527,0,0.0613432731147329,0.0865818037575277,0.0714299464323527,0,0.0613432731147329,0,0.0613432731147329,0.0714299464323527,0.147105639620399,0,0,0,0,0,0.0545213728963117,0.173472727049999,0,0.0714299464323527,0.0613432731147329,0,0,0,0.0865818037575277,0,0,0,0,0,0,0.0865818037575277,0.0714299464323527,0.0865818037575277,0.0865818037575277,0.0865818037575277,0,0.0613432731147329,0,0,0,0.0714299464323527,0,0,0,0,0,0,0.0545213728963117,0.0509474689183968,0,0.0714299464323527,0,0.0714299464323527,0.0545213728963117,0,0.0865818037575277,0,0,0.0613432731147329,0.0714299464323527,0.0865818037575277,0,0,0.0470411711002957,0,0.0714299464323527,0,0,0.0498579928542293,0,0.0714299464323527,0,0,0.0470411711002957,0.0428812849891,0.0498579928542293,0.0498579928542293,0.0498579928542293,0.0466468368249435,0.0714299464323527,0,0,0,0,0,0,0.0545213728963117,0,0,0,0,0,0.0613432731147329,0,0.0613432731147329,0.0714299464323527,0,0.0613432731147329,0.0545213728963117,0.0613432731147329,0,0.0613432731147329,0,0.0498579928542293,0,0,0.0545213728963117,0.0509474689183968,0.0545144690325174,0,0,0.0613432731147329,0,0,0.0714299464323527,0.0656073668246963,0,0.0545213728963117,0.0545213728963117,0,0,0,0,0,0,0,0,0,0.0865818037575277,0,0,0,0.0498579928542293,0,0,0.0714299464323527,0,0.0498579928542293,0,0.0613432731147329,0,0,0,0,0,0,0,0,0,0.0545213728963117,0.0656073668246963,0,0,0,0,0,0,0.0545213728963117,0.0613432731147329,0,0.0498579928542293,0.0714299464323527,0,0.0466468368249435,0,0,0,0,0,0,0.0545213728963117,0,0,0,0,0,0.0714299464323527,0,0,0.0498579928542293,0,0.0613432731147329,0,0,0,0.0656073668246963,0,0,0,0,0.491151693334087,0,0.0714299464323527,0,0.0498579928542293,0,0.0714299464323527,0.0498579928542293,0,0,0.0545213728963117,0.0613432731147329,0,0,0.0714299464323527,0,0,0.173472727049999,0.0613432731147329,0,0.0545213728963117,0.0714299464323527,0,0,0,0,0,0,0,0,0,0,0,0,0,0,0,0,0.0498579928542293,0.0714299464323527,0.0714299464323527,0.0656073668246963,0,0.0714299464323527,0,0,0,0
0,0.21027009483971,0,0.0714299464323527,0.147105639620399,0.148976520421494,0.0714299464323527,0.0865818037575277,0,0,0,0.173472727049999,0.0613432731147329,0.824999518748676,0,0.0865818037575277,1,0.148976520421494,0.266881513729481,0.0498579928542293,0.0714299464323527,0.0714299464323527,0,0.21027009483971,0.0714299464323527,0.0545213728963117,0.0545213728963117,0.0613432731147329,0,0,0,0,0.147105639620399,0.1210836969317,0.1210836969317,0.173472727049999,0,0,0.173472727049999,0.21027009483971,0,0,0,0.0613432731147329,0,0,0.132392281936114,0,0,0.132409048462471,0,0,0.148976520421494,0,0.0714299464323527,0,0,0,0.0865818037575277,0,0,0.173472727049999,0.147105639620399,0,0,0.0714299464323527,0.173472727049999,0.0714299464323527,0.113285175146291,0.107888206387495,0.0865818037575277,0.173472727049999,0,0,0,0.132392281936114,0.0865818037575277,0.0865818037575277,0,0.0714299464323527,0,0,0.0714299464323527,0,0.0714299464323527,0.0466468368249435,0.173472727049999,0,0.148976520421494,0,0.147105639620399,0.0714299464323527,0,0,0,0,0.0714299464323527,0,0,0,0,0,0,0.132409048462471,0.0466468368249435,0.0498579928542293,0,0.605153498285355,0,0.113285175146291,0,0,0,0,0,0.107888206387495,0,0.173472727049999,0.148976520421494,0.148976520421494,0.148976520421494,0,0.148976520421494,0.109892388006257,0,0,0,0,0,0,0.132409048462471,0,0.147105639620399,0.0865818037575277,0,0.148976520421494,0,0.0714299464323527,0.0865818037575277,0.173472727049999,0.0714299464323527,0.0714299464323527,0,0,0.0613432731147329,0.132409048462471,0.173472727049999,0,0.0714299464323527,0.0865818037575277,0.173472727049999,0.0545213728963117,0,0.147105639620399,0.148976520421494,0.0466468368249435,0.629709367674977,0.319248127932352,0.0545213728963117,0,0,0.148976520421494,0.148976520421494,0,0.148976520421494,0,0,0,0,0.173472727049999,0.824999518748676,0,0.0613432731147329,0.21027009483971,0.173472727049999,0,0.274166873716867,0,0.708500752496734,0.319248127932352,0.147105639620399,0,0,0,0,0,0.132409048462471,0.0714299464323527,0,0.0714299464323527,0.0613432731147329,0,0,0,0.0865818037575277,0,0,0,0,0,0,0.0865818037575277,0.0714299464323527,0.0865818037575277,0.0865818037575277,0.0865818037575277,0,0.0613432731147329,0,0,0,0.173472727049999,0,0,0,0,0,0,0.0545213728963117,0.227703993737325,0,0.173472727049999,0,0.173472727049999,0.0545213728963117,0,0.0865818037575277,0,0,0.148976520421494,0.0714299464323527,0.21027009483971,0,0,0.114242844100718,0,0.319248127932352,0,0,0.0498579928542293,0,0.824999518748676,0,0,0.543314750429946,0.0428812849891,0.0498579928542293,0.0498579928542293,0.1210836969317,0.113285175146291,0.173472727049999,0,0,0,0,0,0,0.0545213728963117,0,0,0,0,0,0.274166873716867,0,0.274166873716867,0.173472727049999,0,0.148976520421494,0.132409048462471,0.274166873716867,0,0.0613432731147329,0,0.0498579928542293,0,0,0.0545213728963117,0.227703993737325,0.568206192561607,0,0,0.148976520421494,0,0,0.0714299464323527,0.145273455111828,0,0.132409048462471,0.132409048462471,0,0,0,0,0,0,0,0,0,0.21027009483971,0,0,0,0.1210836969317,0,0,0.173472727049999,0,0.1210836969317,0,0.148976520421494,0,0,0,0,0,0,0,0,0,0.0545213728963117,0.159332176574263,0,0,0,0,0,0,0.132409048462471,0.0613432731147329,0,0.0498579928542293,0.0714299464323527,0,0.113285175146291,0,0,0,0,0,0,0.132409048462471,0,0,0,0,0,0.173472727049999,0,0,0.1210836969317,0,0.148976520421494,0,0,0,0.605153498285355,0,0,0,0,0.109892388006257,0,0.0714299464323527,0,0.1210836969317,0,0.0714299464323527,0.1210836969317,0,0,0.132409048462471,0.708500752496734,0,0,0.173472727049999,0,0,0.0714299464323527,0.148976520421494,0,0.132409048462471,0.173472727049999,0,0,0,0,0,0,0,0,0,0,0,0,0,0,0,0,0.0498579928542293,0.0714299464323527,0.173472727049999,0.605153498285355,0,0.173472727049999,0,0,0,0
0,0.148976520421494,0,0.0476199206365212,0.115768709113422,0.093408272931481,0.0476199206365212,0.0613432731147329,0,0,0,0.212831890191799,0.0384622300306098,0.115648378688694,0,0.0613432731147329,0.148976520421494,1,0.200063521369343,0.0280132767810044,0.0476199206365212,0.0476199206365212,0,0.274166873716867,0.0476199206365212,0.0322586368373393,0.0322586368373393,0.0384622300306098,0,0,0,0,0.115768709113422,0.0680322436110106,0.0680322436110106,0.212831890191799,0,0,0.212831890191799,0.148976520421494,0,0,0,0.0384622300306098,0,0,0.0892681146452845,0,0,0.078342403747824,0,0,0.093408272931481,0,0.0476199206365212,0,0,0,0.0613432731147329,0,0,0.115648378688694,0.115768709113422,0,0,0.0476199206365212,0.115648378688694,0.0476199206365212,0.0609274353162256,0.0560080001931739,0.0613432731147329,0.115648378688694,0,0,0,0.0892681146452845,0.0613432731147329,0.0613432731147329,0,0.0476199206365212,0,0,0.0476199206365212,0,0.0476199206365212,0.0250877674831517,0.212831890191799,0,0.093408272931481,0,0.115768709113422,0.0476199206365212,0,0,0,0,0.0476199206365212,0,0,0,0,0,0,0.078342403747824,0.0250877674831517,0.0280132767810044,0,0.114242844100718,0,0.0609274353162256,0,0,0,0,0,0.0560080001931739,0,0.115648378688694,0.093408272931481,0.093408272931481,0.093408272931481,0,0.093408272931481,0.0823790970344355,0,0,0,0,0,0,0.078342403747824,0,0.115768709113422,0.0613432731147329,0,0.093408272931481,0,0.0476199206365212,0.0613432731147329,0.212831890191799,0.0476199206365212,0.0476199206365212,0,0,0.0384622300306098,0.078342403747824,0.115648378688694,0,0.0476199206365212,0.0613432731147329,0.212831890191799,0.0322586368373393,0,0.115768709113422,0.093408272931481,0.0250877674831517,0.078342403747824,0.115648378688694,0.0322586368373393,0,0,0.093408272931481,0.093408272931481,0,0.093408272931481,0,0,0,0,0.115648378688694,0.115648378688694,0,0.0384622300306098,0.148976520421494,0.212831890191799,0,0.093408272931481,0,0.093408272931481,0.115648378688694,0.115768709113422,0,0,0,0,0,0.078342403747824,0.0476199206365212,0,0.0476199206365212,0.0384622300306098,0,0,0,0.0613432731147329,0,0,0,0,0,0,0.0613432731147329,0.0476199206365212,0.0613432731147329,0.0613432731147329,0.0613432731147329,0,0.0384622300306098,0,0,0,0.115648378688694,0,0,0,0,0,0,0.0322586368373393,0.0781973600772233,0,0.115648378688694,0,0.115648378688694,0.0322586368373393,0,0.0613432731147329,0,0,0.093408272931481,0.0476199206365212,0.148976520421494,0,0,0.0724188282515526,0,0.115648378688694,0,0,0.0280132767810044,0,0.115648378688694,0,0,0.0724188282515526,0.0216548926727131,0.0280132767810044,0.0280132767810044,0.0680322436110106,0.0609274353162256,0.115648378688694,0,0,0,0,0,0,0.0322586368373393,0,0,0,0,0,0.093408272931481,0,0.093408272931481,0.115648378688694,0,0.093408272931481,0.078342403747824,0.093408272931481,0,0.0384622300306098,0,0.0280132767810044,0,0,0.0322586368373393,0.0781973600772233,0.0892681146452845,0,0,0.093408272931481,0,0,0.0476199206365212,0.100712305912714,0,0.078342403747824,0.078342403747824,0,0,0,0,0,0,0,0,0,0.148976520421494,0,0,0,0.0680322436110106,0,0,0.115648378688694,0,0.0680322436110106,0,0.093408272931481,0,0,0,0,0,0,0,0,0,0.0322586368373393,0.114242844100718,0,0,0,0,0,0,0.078342403747824,0.0384622300306098,0,0.0280132767810044,0.0476199206365212,0,0.0609274353162256,0,0,0,0,0,0,0.078342403747824,0,0,0,0,0,0.212831890191799,0,0,0.0680322436110106,0,0.093408272931481,0,0,0,0.114242844100718,0,0,0,0,0.0823790970344355,0,0.0476199206365212,0,0.0680322436110106,0,0.0476199206365212,0.0680322436110106,0,0,0.078342403747824,0.093408272931481,0,0,0.115648378688694,0,0,0.0476199206365212,0.093408272931481,0,0.078342403747824,0.115648378688694,0,0,0,0,0,0,0,0,0,0,0,0,0,0,0,0,0.0280132767810044,0.0476199206365212,0.115648378688694,0.114242844100718,0,0.115648378688694,0,0,0,0
0,0.266881513729481,0,0.0933602719681705,0.176370950666949,0.200063521369343,0.0933602719681705,0.109892388006257,0,0,0,0.226732089065557,0.0823790970344355,0.226732089065557,0,0.109892388006257,0.266881513729481,0.200063521369343,1,0.0698989009481177,0.0933602719681705,0.0933602719681705,0,0.266881513729481,0.0933602719681705,0.074963219752206,0.074963219752206,0.0823790970344355,0,0,0,0,0.176370950666949,0.169754473731143,0.169754473731143,0.226732089065557,0,0,0.226732089065557,0.266881513729481,0,0,0,0.0823790970344355,0,0,0.171260350449204,0,0,0.182053533683929,0,0,0.200063521369343,0,0.0933602719681705,0,0,0,0.109892388006257,0,0,0.226732089065557,0.176370950666949,0,0,0.0933602719681705,0.417263256347538,0.0933602719681705,0.161291303605171,0.155437149781916,0.109892388006257,0.226732089065557,0,0,0,0.171260350449204,0.109892388006257,0.109892388006257,0,0.0933602719681705,0,0,0.0933602719681705,0,0.0933602719681705,0.0664140661903645,0.226732089065557,0,0.200063521369343,0,0.176370950666949,0.0933602719681705,0,0,0,0,0.0933602719681705,0,0,0,0,0,0,0.182053533683929,0.0664140661903645,0.0698989009481177,0,0.200036727313821,0,0.161291303605171,0,0,0,0,0,0.155437149781916,0,0.226732089065557,0.200063521369343,0.368184127562069,0.200063521369343,0,0.200063521369343,0.135412554283458,0,0,0,0,0,0,0.182053533683929,0,0.176370950666949,0.109892388006257,0,0.200063521369343,0,0.0933602719681705,0.109892388006257,0.226732089065557,0.0933602719681705,0.0933602719681705,0,0,0.0823790970344355,0.182053533683929,0.226732089065557,0,0.0933602719681705,0.109892388006257,0.226732089065557,0.074963219752206,0,0.176370950666949,0.200063521369343,0.0664140661903645,0.182053533683929,0.226732089065557,0.074963219752206,0,0,0.200063521369343,0.200063521369343,0,0.200063521369343,0,0,0,0,0.226732089065557,0.226732089065557,0,0.0823790970344355,0.266881513729481,0.226732089065557,0,0.200063521369343,0,0.200063521369343,0.226732089065557,0.176370950666949,0,0,0,0,0,0.182053533683929,0.0933602719681705,0,0.0933602719681705,0.0823790970344355,0,0,0,0.109892388006257,0,0,0,0,0,0,0.109892388006257,0.0933602719681705,0.109892388006257,0.109892388006257,0.109892388006257,0,0.0823790970344355,0,0,0,0.226732089065557,0,0,0,0,0,0,0.074963219752206,0.164958545782481,0,0.226732089065557,0,0.226732089065557,0.074963219752206,0,0.109892388006257,0,0,0.200063521369343,0.0933602719681705,0.266881513729481,0,0,0.151898344027952,0,0.226732089065557,0,0,0.0698989009481177,0,0.226732089065557,0,0,0.151898344027952,0.0623300805587105,0.0698989009481177,0.0698989009481177,0.169754473731143,0.161291303605171,0.226732089065557,0,0,0,0,0,0,0.074963219752206,0,0,0,0,0,0.200063521369343,0,0.200063521369343,0.226732089065557,0,0.200063521369343,0.182053533683929,0.200063521369343,0,0.0823790970344355,0,0.0698989009481177,0,0,0.074963219752206,0.164958545782481,0.171260350449204,0,0,0.200063521369343,0,0,0.0933602719681705,0.332834218555769,0,0.182053533683929,0.182053533683929,0,0,0,0,0,0,0,0,0,0.266881513729481,0,0,0,0.169754473731143,0,0,0.226732089065557,0,0.169754473731143,0,0.200063521369343,0,0,0,0,0,0,0,0,0,0.074963219752206,0.368134817493502,0,0,0,0,0,0,0.182053533683929,0.0823790970344355,0,0.0698989009481177,0.0933602719681705,0,0.161291303605171,0,0,0,0,0,0,0.182053533683929,0,0,0,0,0,0.226732089065557,0,0,0.169754473731143,0,0.200063521369343,0,0,0,0.200036727313821,0,0,0,0,0.135412554283458,0,0.0933602719681705,0,0.169754473731143,0,0.0933602719681705,0.169754473731143,0,0,0.182053533683929,0.200063521369343,0,0,0.226732089065557,0,0,0.0933602719681705,0.200063521369343,0,0.182053533683929,0.226732089065557,0,0,0,0,0,0,0,0,0,0,0,0,0,0,0,0,0.0698989009481177,0.0933602719681705,0.226732089065557,0.200036727313821,0,0.226732089065557,0,0,0,0
0,0.0498579928542293,0,0.0367619429090039,0.10162667835798,0.0280132767810044,0.0367619429090039,0.0498579928542293,0,0,0,0.0367619429090039,0.0280132767810044,0.0367619429090039,0,0.0498579928542293,0.0498579928542293,0.0280132767810044,0.0698989009481177,1,0.271481053610807,0.0367619429090039,0,0.0498579928542293,0.271481053610807,0.163074998260921,0.163074998260921,0.0280132767810044,0,0,0,0,0.10162667835798,0.0180216412275933,0.0180216412275933,0.0367619429090039,0,0,0.0367619429090039,0.0498579928542293,0,0,0,0.0280132767810044,0,0,0.0376272683247983,0,0,0.0220824020542819,0,0,0.0280132767810044,0,0.271481053610807,0,0,0,0.0498579928542293,0,0,0.0367619429090039,0.10162667835798,0,0,0.271481053610807,0.0367619429090039,0.0367619429090039,0.0152223787564515,0.013283683417403,0.222834702756658,0.0367619429090039,0,0,0,0.0285246310395475,0.0498579928542293,0.0498579928542293,0,0.0367619429090039,0,0,0.0367619429090039,0,0.0367619429090039,0.11241482621018,0.0367619429090039,0,0.0280132767810044,0,0.10162667835798,0.0367619429090039,0,0,0,0,0.0367619429090039,0,0,0,0,0,0,0.0220824020542819,0.395774731323091,1,0,0.0384437948047428,0,0.0152223787564515,0,0,0,0,0,0.013283683417403,0,0.0367619429090039,0.0280132767810044,0.0280132767810044,0.0280132767810044,0,0.0280132767810044,0.0698989009481177,0,0,0,0,0,0,0.0220824020542819,0,0.10162667835798,0.0498579928542293,0,0.0280132767810044,0,0.0367619429090039,0.1210836969317,0.0367619429090039,0.0367619429090039,0.0367619429090039,0,0,0.206873557102869,0.0220824020542819,0.0367619429090039,0,0.0367619429090039,0.0498579928542293,0.0367619429090039,0.163074998260921,0,0.10162667835798,0.0280132767810044,0.266386646796648,0.0220824020542819,0.0367619429090039,0.163074998260921,0,0,0.0280132767810044,0.0280132767810044,0,0.0280132767810044,0,0,0,0,0.0367619429090039,0.0367619429090039,0,0.206873557102869,0.0498579928542293,0.0367619429090039,0,0.0280132767810044,0,0.0280132767810044,0.0367619429090039,0.10162667835798,0,0,0,0,0,0.0220824020542819,0.0367619429090039,0,0.271481053610807,0.0280132767810044,0,0,0,0.0498579928542293,0,0,0,0,0,0,0.0498579928542293,0.0367619429090039,0.0498579928542293,0.0498579928542293,0.0498579928542293,0,0.0280132767810044,0,0,0,0.0367619429090039,0,0,0,0,0,0,0.0986948173446475,0.0235372551175206,0,0.0367619429090039,0,0.0367619429090039,0.386434809603095,0,0.0498579928542293,0,0,0.0280132767810044,0.0367619429090039,0.0498579928542293,0,0,0.0218282503521771,0,0.0367619429090039,0,0,0.687384851140685,0,0.0367619429090039,0,0,0.0218282503521771,0.208887367284453,0.315372823998099,0.315372823998099,0.0180216412275933,0.0152223787564515,0.0367619429090039,0,0,0,0,0,0,0.163074998260921,0,0,0,0,0,0.0280132767810044,0,0.0280132767810044,0.0367619429090039,0,0.0280132767810044,0.0220824020542819,0.0280132767810044,0,0.323546929785103,0,0.133086930698233,0,0,0.163074998260921,0.0235372551175206,0.0285246310395475,0,0,0.0280132767810044,0,0,0.0367619429090039,0.0384437948047428,0,0.0220824020542819,0.0220824020542819,0,0,0,0,0,0,0,0,0,0.0498579928542293,0,0,0,0.0180216412275933,0,0,0.0367619429090039,0,0.0180216412275933,0,0.0280132767810044,0,0,0,0,0,0,0,0,0,0.053628690703256,0.0384437948047428,0,0,0,0,0,0,0.0220824020542819,0.206873557102869,0,0.468554246939164,0.0367619429090039,0,0.0152223787564515,0,0,0,0,0,0,0.0220824020542819,0,0,0,0,0,0.0367619429090039,0,0,0.0180216412275933,0,0.0280132767810044,0,0,0,0.0384437948047428,0,0,0,0,0.0698989009481177,0,0.0367619429090039,0,0.0180216412275933,0,0.271481053610807,0.0180216412275933,0,0,0.0220824020542819,0.0280132767810044,0,0,0.0367619429090039,0,0,0.0367619429090039,0.0280132767810044,0,0.0220824020542819,0.0367619429090039,0,0,0,0,0,0,0,0,0,0,0,0,0,0,0,0,0.468554246939164,0.271481053610807,0.0367619429090039,0.0384437948047428,0,0.0367619429090039,0,0,0,0
0,0.0714299464323527,0,0.0571439257166366,0.128249502550101,0.0476199206365212,0.0571439257166366,0.0714299464323527,0,0,0,0.0571439257166366,0.0476199206365212,0.0571439257166366,0,0.0714299464323527,0.0714299464323527,0.0476199206365212,0.0933602719681705,0.271481053610807,1,0.0571439257166366,0,0.0714299464323527,0.421998728397202,0.304051121218363,0.304051121218363,0.0476199206365212,0,0,0,0,0.128249502550101,0.0367619429090039,0.0367619429090039,0.0571439257166366,0,0,0.0571439257166366,0.0714299464323527,0,0,0,0.0476199206365212,0,0,0.0533176407887724,0,0,0.041172338956928,0,0,0.0476199206365212,0,0.421998728397202,0,0,0,0.0714299464323527,0,0,0.0571439257166366,0.128249502550101,0,0,0.421998728397202,0.0571439257166366,0.0571439257166366,0.0337236205744276,0.0316202950567523,0.319248127932352,0.0571439257166366,0,0,0,0.0439086453554596,0.0714299464323527,0.0714299464323527,0,0.0571439257166366,0,0,0.0571439257166366,0,0.0571439257166366,0.38950009252372,0.0571439257166366,0,0.0476199206365212,0,0.128249502550101,0.0571439257166366,0,0,0,0,0.0571439257166366,0,0,0,0,0,0,0.041172338956928,0.249043530364504,0.271481053610807,0,0.0545144690325174,0,0.0337236205744276,0,0,0,0,0,0.0316202950567523,0,0.0571439257166366,0.0476199206365212,0.0476199206365212,0.0476199206365212,0,0.0476199206365212,0.0933602719681705,0,0,0,0,0,0,0.041172338956928,0,0.128249502550101,0.0714299464323527,0,0.0476199206365212,0,0.0571439257166366,0.173472727049999,0.0571439257166366,0.0571439257166366,0.0571439257166366,0,0,0.351665478053376,0.041172338956928,0.0571439257166366,0,0.0571439257166366,0.0714299464323527,0.0571439257166366,0.304051121218363,0,0.128249502550101,0.0476199206365212,0.249043530364504,0.041172338956928,0.0571439257166366,0.304051121218363,0,0,0.0476199206365212,0.0476199206365212,0,0.0476199206365212,0,0,0,0,0.0571439257166366,0.0571439257166366,0,0.549999174998487,0.0714299464323527,0.0571439257166366,0,0.0476199206365212,0,0.0476199206365212,0.0571439257166366,0.128249502550101,0,0,0,0,0,0.041172338956928,0.0571439257166366,0,0.421998728397202,0.0476199206365212,0,0,0,0.0714299464323527,0,0,0,0,0,0,0.0714299464323527,0.0571439257166366,0.0714299464323527,0.0714299464323527,0.0714299464323527,0,0.0476199206365212,0,0,0,0.0571439257166366,0,0,0,0,0,0,0.184015147583005,0.0397384474440781,0,0.0571439257166366,0,0.0571439257166366,0.304051121218363,0,0.0714299464323527,0,0,0.0476199206365212,0.0571439257166366,0.0714299464323527,0,0,0.0367574589715877,0,0.0571439257166366,0,0,0.271481053610807,0,0.0571439257166366,0,0,0.0367574589715877,0.222721733769102,0.271481053610807,0.271481053610807,0.0367619429090039,0.0337236205744276,0.0571439257166366,0,0,0,0,0,0,0.304051121218363,0,0,0,0,0,0.0476199206365212,0,0.0476199206365212,0.0571439257166366,0,0.0476199206365212,0.041172338956928,0.0476199206365212,0,0.351665478053376,0,0.271481053610807,0,0,0.304051121218363,0.0397384474440781,0.0439086453554596,0,0,0.0476199206365212,0,0,0.0571439257166366,0.0545144690325174,0,0.041172338956928,0.041172338956928,0,0,0,0,0,0,0,0,0,0.0714299464323527,0,0,0,0.0367619429090039,0,0,0.0571439257166366,0,0.0367619429090039,0,0.0476199206365212,0,0,0,0,0,0,0,0,0,0.0999899660382537,0.0545144690325174,0,0,0,0,0,0,0.041172338956928,0.351665478053376,0,0.271481053610807,0.0571439257166366,0,0.0337236205744276,0,0,0,0,0,0,0.041172338956928,0,0,0,0,0,0.0571439257166366,0,0,0.0367619429090039,0,0.0476199206365212,0,0,0,0.0545144690325174,0,0,0,0,0.0933602719681705,0,0.0571439257166366,0,0.0367619429090039,0,0.421998728397202,0.0367619429090039,0,0,0.041172338956928,0.0476199206365212,0,0,0.0571439257166366,0,0,0.0571439257166366,0.0476199206365212,0,0.041172338956928,0.0571439257166366,0,0,0,0,0,0,0,0,0,0,0,0,0,0,0,0,0.271481053610807,0.421998728397202,0.0571439257166366,0.0545144690325174,0,0.0571439257166366,0,0,0,0
0,0.0714299464323527,0,0.659999251998354,0.128249502550101,0.0476199206365212,0.659999251998354,0.0714299464323527,0,0,0,0.0571439257166366,0.0476199206365212,0.0571439257166366,0,0.0714299464323527,0.0714299464323527,0.0476199206365212,0.0933602719681705,0.0367619429090039,0.0571439257166366,1,0,0.0714299464323527,0.0571439257166366,0.041172338956928,0.041172338956928,0.0476199206365212,0,0,0,0,0.128249502550101,0.0367619429090039,0.0367619429090039,0.0571439257166366,0,0,0.0571439257166366,0.0714299464323527,0,0,0,0.0476199206365212,0,0,0.0533176407887724,0,0,0.041172338956928,0,0,0.0476199206365212,0,0.0571439257166366,0,0,0,0.319248127932352,0,0,0.0571439257166366,0.128249502550101,0,0,0.0571439257166366,0.0571439257166366,0.0571439257166366,0.0337236205744276,0.0316202950567523,0.0714299464323527,0.0571439257166366,0,0,0,0.507134795648585,0.0714299464323527,0.0714299464323527,0,0.0571439257166366,0,0,0.0571439257166366,0,0.0571439257166366,0.0337236205744276,0.0571439257166366,0,0.0476199206365212,0,0.311463077621673,0.0571439257166366,0,0,0,0,0.659999251998354,0,0,0,0,0,0,0.041172338956928,0.0337236205744276,0.0367619429090039,0,0.0545144690325174,0,0.0337236205744276,0,0,0,0,0,0.0316202950567523,0,0.0571439257166366,0.0476199206365212,0.0476199206365212,0.0476199206365212,0,0.0476199206365212,0.0933602719681705,0,0,0,0,0,0,0.041172338956928,0,0.128249502550101,0.0714299464323527,0,0.0476199206365212,0,0.0571439257166366,0.0714299464323527,0.0571439257166366,0.659999251998354,0.659999251998354,0,0,0.0476199206365212,0.041172338956928,0.0571439257166366,0,0.0571439257166366,0.0714299464323527,0.0571439257166366,0.041172338956928,0,0.128249502550101,0.0476199206365212,0.0337236205744276,0.041172338956928,0.0571439257166366,0.041172338956928,0,0,0.0476199206365212,0.0476199206365212,0,0.0476199206365212,0,0,0,0,0.0571439257166366,0.0571439257166366,0,0.0476199206365212,0.0714299464323527,0.0571439257166366,0,0.0476199206365212,0,0.0476199206365212,0.0571439257166366,0.128249502550101,0,0,0,0,0,0.041172338956928,0.0571439257166366,0,0.0571439257166366,0.0476199206365212,0,0,0,0.0714299464323527,0,0,0,0,0,0,0.0714299464323527,0.421998728397202,0.0714299464323527,0.0714299464323527,0.0714299464323527,0,0.0476199206365212,0,0,0,0.0571439257166366,0,0,0,0,0,0,0.041172338956928,0.0397384474440781,0,0.0571439257166366,0,0.0571439257166366,0.041172338956928,0,0.0714299464323527,0,0,0.0476199206365212,0.0571439257166366,0.0714299464323527,0,0,0.0367574589715877,0,0.0571439257166366,0,0,0.0367619429090039,0,0.0571439257166366,0,0,0.0367574589715877,0.0301593188641145,0.0367619429090039,0.0367619429090039,0.0367619429090039,0.0337236205744276,0.0571439257166366,0,0,0,0,0,0,0.041172338956928,0,0,0,0,0,0.0476199206365212,0,0.0476199206365212,0.0571439257166366,0,0.0476199206365212,0.041172338956928,0.0476199206365212,0,0.0476199206365212,0,0.0367619429090039,0,0,0.041172338956928,0.0397384474440781,0.0439086453554596,0,0,0.0476199206365212,0,0,0.0571439257166366,0.0545144690325174,0,0.041172338956928,0.041172338956928,0,0,0,0,0,0,0,0,0,0.0714299464323527,0,0,0,0.0367619429090039,0,0,0.0571439257166366,0,0.0367619429090039,0,0.0476199206365212,0,0,0,0,0,0,0,0,0,0.041172338956928,0.0545144690325174,0,0,0,0,0,0,0.041172338956928,0.0476199206365212,0,0.0367619429090039,0.0571439257166366,0,0.0337236205744276,0,0,0,0,0,0,0.041172338956928,0,0,0,0,0,0.0571439257166366,0,0,0.0367619429090039,0,0.0476199206365212,0,0,0,0.0545144690325174,0,0,0,0,0.0933602719681705,0,0.0571439257166366,0,0.0367619429090039,0,0.0571439257166366,0.0367619429090039,0,0,0.041172338956928,0.0476199206365212,0,0,0.0571439257166366,0,0,0.0571439257166366,0.0476199206365212,0,0.041172338956928,0.0571439257166366,0,0,0,0,0,0,0,0,0,0,0,0,0,0,0,0,0.0367619429090039,0.0571439257166366,0.0571439257166366,0.0545144690325174,0,0.0571439257166366,0,0,0,0
0,0,0,0,0,0,0,0,0,0,0,0,0,0,0,0,0,0,0,0,0,0,1,0,0,0,0,0,0,0,0,0,0,0,0,0,0,0,0,0,0,0,0,0,0,0,0,0,0,0,0,0,0,0,0,0,0,0,0,0,0,0,0,0,0,0,0,0,0,0,0,0,0,0,0,0,0,0,0,0,0,0,0,0,0,0,0,0,0,0,0,0,0,0,0,0,0,0,0,0,0,0,0,0,0,0,0,0,0,0,0,0,0,0,0,0,0,0,0,0,0,0,0,0,0,0,0,0,0,0,0,0,0,0,0,0,0,0,0,0,0,0,0,0,0,0,0,0,0,0,0,0,0,0,0,0,0,0,0,0,0,0,0,0,0,0,0,0,0,0,0,0,0,0,0,0,0,0,0,0,0,0,0,0,0,0,0,0,0,0,0,0,0,0,0,0,0,0,0,0,0,0,0,0,0,0,0,0,0,0,0,0,0,0,0,0,0,0,0,0,0,0,0,0,0,0,0,0,0,0,0,0,0,0,0,0,0,0,0,0,0,0,0,0,0,0,0,0,0,0,0,0,0,0,0,0,0,0,0,0,0,0,0,0,0,0,0,0,0,0,0,0,0,0,0,0,0,0,0,0,0,0,0,0,0,0,0,0,0,0,0,0,0,0,0,0,0,0,0,0,0,0,0,0,0,0,0,0,0,0,0,0,0,0,0,0,0,0,0,0,0,0,0,0,0,0,0,0,0,0,0,0,0,0,0,0,0,0,0,0,0,0,0,0,0,0,0,0,0,0,0,0,0,0,0,0,0,0,0,0,0,0,0,0,0,0,0,0,0,0,0,0,0,0,0,0,0,0,0,0,0,0,0,0,0,0,0,0,0,0,0,0,0,0,0,0,0,0,0,0,0,0,0,0,0,0,0,0,0
0,0.21027009483971,0,0.0714299464323527,0.147105639620399,0.148976520421494,0.0714299464323527,0.0865818037575277,0,0,0,0.527498700621427,0.0613432731147329,0.173472727049999,0,0.0865818037575277,0.21027009483971,0.274166873716867,0.266881513729481,0.0498579928542293,0.0714299464323527,0.0714299464323527,0,1,0.0714299464323527,0.0545213728963117,0.0545213728963117,0.0613432731147329,0,0,0,0,0.147105639620399,0.1210836969317,0.1210836969317,0.527498700621427,0,0,0.527498700621427,0.21027009483971,0,0,0,0.0613432731147329,0,0,0.132392281936114,0,0,0.132409048462471,0,0,0.148976520421494,0,0.0714299464323527,0,0,0,0.0865818037575277,0,0,0.173472727049999,0.147105639620399,0,0,0.0714299464323527,0.173472727049999,0.0714299464323527,0.113285175146291,0.107888206387495,0.0865818037575277,0.173472727049999,0,0,0,0.132392281936114,0.0865818037575277,0.0865818037575277,0,0.0714299464323527,0,0,0.0714299464323527,0,0.0714299464323527,0.0466468368249435,0.527498700621427,0,0.148976520421494,0,0.147105639620399,0.0714299464323527,0,0,0,0,0.0714299464323527,0,0,0,0,0,0,0.132409048462471,0.0466468368249435,0.0498579928542293,0,0.159332176574263,0,0.113285175146291,0,0,0,0,0,0.107888206387495,0,0.173472727049999,0.148976520421494,0.148976520421494,0.148976520421494,0,0.148976520421494,0.109892388006257,0,0,0,0,0,0,0.132409048462471,0,0.147105639620399,0.0865818037575277,0,0.148976520421494,0,0.0714299464323527,0.0865818037575277,0.527498700621427,0.0714299464323527,0.0714299464323527,0,0,0.0613432731147329,0.132409048462471,0.173472727049999,0,0.0714299464323527,0.0865818037575277,0.527498700621427,0.0545213728963117,0,0.147105639620399,0.148976520421494,0.0466468368249435,0.132409048462471,0.173472727049999,0.0545213728963117,0,0,0.148976520421494,0.148976520421494,0,0.148976520421494,0,0,0,0,0.173472727049999,0.173472727049999,0,0.0613432731147329,0.21027009483971,0.527498700621427,0,0.148976520421494,0,0.148976520421494,0.173472727049999,0.147105639620399,0,0,0,0,0,0.132409048462471,0.0714299464323527,0,0.0714299464323527,0.0613432731147329,0,0,0,0.0865818037575277,0,0,0,0,0,0,0.0865818037575277,0.0714299464323527,0.0865818037575277,0.0865818037575277,0.0865818037575277,0,0.0613432731147329,0,0,0,0.173472727049999,0,0,0,0,0,0,0.0545213728963117,0.123729567373249,0,0.173472727049999,0,0.173472727049999,0.0545213728963117,0,0.0865818037575277,0,0,0.148976520421494,0.0714299464323527,0.21027009483971,0,0,0.114242844100718,0,0.173472727049999,0,0,0.0498579928542293,0,0.173472727049999,0,0,0.114242844100718,0.0428812849891,0.0498579928542293,0.0498579928542293,0.1210836969317,0.113285175146291,0.173472727049999,0,0,0,0,0,0,0.0545213728963117,0,0,0,0,0,0.148976520421494,0,0.148976520421494,0.173472727049999,0,0.148976520421494,0.132409048462471,0.148976520421494,0,0.0613432731147329,0,0.0498579928542293,0,0,0.0545213728963117,0.123729567373249,0.132392281936114,0,0,0.148976520421494,0,0,0.0714299464323527,0.145273455111828,0,0.132409048462471,0.132409048462471,0,0,0,0,0,0,0,0,0,0.21027009483971,0,0,0,0.1210836969317,0,0,0.173472727049999,0,0.1210836969317,0,0.148976520421494,0,0,0,0,0,0,0,0,0,0.0545213728963117,0.159332176574263,0,0,0,0,0,0,0.132409048462471,0.0613432731147329,0,0.0498579928542293,0.0714299464323527,0,0.113285175146291,0,0,0,0,0,0,0.132409048462471,0,0,0,0,0,0.527498700621427,0,0,0.1210836969317,0,0.148976520421494,0,0,0,0.159332176574263,0,0,0,0,0.109892388006257,0,0.0714299464323527,0,0.1210836969317,0,0.0714299464323527,0.1210836969317,0,0,0.132409048462471,0.148976520421494,0,0,0.173472727049999,0,0,0.0714299464323527,0.148976520421494,0,0.132409048462471,0.173472727049999,0,0,0,0,0,0,0,0,0,0,0,0,0,0,0,0,0.0498579928542293,0.0714299464323527,0.173472727049999,0.159332176574263,0,0.173472727049999,0,0,0,0
0,0.0714299464323527,0,0.0571439257166366,0.128249502550101,0.0476199206365212,0.0571439257166366,0.0714299464323527,0,0,0,0.0571439257166366,0.0476199206365212,0.0571439257166366,0,0.0714299464323527,0.0714299464323527,0.0476199206365212,0.0933602719681705,0.271481053610807,0.421998728397202,0.0571439257166366,0,0.0714299464323527,1,0.304051121218363,0.304051121218363,0.0476199206365212,0,0,0,0,0.128249502550101,0.0367619429090039,0.0367619429090039,0.0571439257166366,0,0,0.0571439257166366,0.0714299464323527,0,0,0,0.0476199206365212,0,0,0.0533176407887724,0,0,0.041172338956928,0,0,0.0476199206365212,0,0.421998728397202,0,0,0,0.0714299464323527,0,0,0.0571439257166366,0.128249502550101,0,0,0.421998728397202,0.0571439257166366,0.0571439257166366,0.0337236205744276,0.0316202950567523,0.319248127932352,0.0571439257166366,0,0,0,0.0439086453554596,0.0714299464323527,0.0714299464323527,0,0.0571439257166366,0,0,0.0571439257166366,0,0.0571439257166366,0.249043530364504,0.0571439257166366,0,0.0476199206365212,0,0.128249502550101,0.0571439257166366,0,0,0,0,0.0571439257166366,0,0,0,0,0,0,0.041172338956928,0.249043530364504,0.271481053610807,0,0.0545144690325174,0,0.0337236205744276,0,0,0,0,0,0.0316202950567523,0,0.0571439257166366,0.0476199206365212,0.0476199206365212,0.0476199206365212,0,0.0476199206365212,0.0933602719681705,0,0,0,0,0,0,0.041172338956928,0,0.128249502550101,0.0714299464323527,0,0.0476199206365212,0,0.0571439257166366,0.173472727049999,0.0571439257166366,0.0571439257166366,0.0571439257166366,0,0,0.351665478053376,0.041172338956928,0.0571439257166366,0,0.0571439257166366,0.0714299464323527,0.0571439257166366,0.304051121218363,0,0.128249502550101,0.0476199206365212,0.249043530364504,0.041172338956928,0.0571439257166366,0.304051121218363,0,0,0.0476199206365212,0.0476199206365212,0,0.0476199206365212,0,0,0,0,0.0571439257166366,0.0571439257166366,0,0.351665478053376,0.0714299464323527,0.0571439257166366,0,0.0476199206365212,0,0.0476199206365212,0.0571439257166366,0.128249502550101,0,0,0,0,0,0.041172338956928,0.0571439257166366,0,0.421998728397202,0.0476199206365212,0,0,0,0.0714299464323527,0,0,0,0,0,0,0.0714299464323527,0.0571439257166366,0.0714299464323527,0.0714299464323527,0.0714299464323527,0,0.0476199206365212,0,0,0,0.0571439257166366,0,0,0,0,0,0,0.184015147583005,0.0397384474440781,0,0.0571439257166366,0,0.0571439257166366,0.304051121218363,0,0.0714299464323527,0,0,0.0476199206365212,0.0571439257166366,0.0714299464323527,0,0,0.0367574589715877,0,0.0571439257166366,0,0,0.271481053610807,0,0.0571439257166366,0,0,0.0367574589715877,0.222721733769102,0.271481053610807,0.271481053610807,0.0367619429090039,0.0337236205744276,0.0571439257166366,0,0,0,0,0,0,0.304051121218363,0,0,0,0,0,0.0476199206365212,0,0.0476199206365212,0.0571439257166366,0,0.0476199206365212,0.041172338956928,0.0476199206365212,0,0.351665478053376,0,0.271481053610807,0,0,0.304051121218363,0.0397384474440781,0.0439086453554596,0,0,0.0476199206365212,0,0,0.0571439257166366,0.0545144690325174,0,0.041172338956928,0.041172338956928,0,0,0,0,0,0,0,0,0,0.0714299464323527,0,0,0,0.0367619429090039,0,0,0.0571439257166366,0,0.0367619429090039,0,0.0476199206365212,0,0,0,0,0,0,0,0,0,0.0999899660382537,0.0545144690325174,0,0,0,0,0,0,0.041172338956928,0.351665478053376,0,0.271481053610807,0.0571439257166366,0,0.0337236205744276,0,0,0,0,0,0,0.041172338956928,0,0,0,0,0,0.0571439257166366,0,0,0.0367619429090039,0,0.0476199206365212,0,0,0,0.0545144690325174,0,0,0,0,0.0933602719681705,0,0.0571439257166366,0,0.0367619429090039,0,0.421998728397202,0.0367619429090039,0,0,0.041172338956928,0.0476199206365212,0,0,0.0571439257166366,0,0,0.0571439257166366,0.0476199206365212,0,0.041172338956928,0.0571439257166366,0,0,0,0,0,0,0,0,0,0,0,0,0,0,0,0,0.271481053610807,0.421998728397202,0.0571439257166366,0.0545144690325174,0,0.0571439257166366,0,0,0,0
0,0.0545213728963117,0,0.041172338956928,0.107359912685637,0.0322586368373393,0.041172338956928,0.0545213728963117,0,0,0,0.041172338956928,0.0322586368373393,0.041172338956928,0,0.0545213728963117,0.0545213728963117,0.0322586368373393,0.074963219752206,0.163074998260921,0.304051121218363,0.041172338956928,0,0.0545213728963117,0.304051121218363,1,0.302808285044318,0.0322586368373393,0,0,0,0,0.107359912685637,0.0220824020542819,0.0220824020542819,0.041172338956928,0,0,0.041172338956928,0.0545213728963117,0,0,0,0.0322586368373393,0,0,0.0410485172746393,0,0,0.0262176875118606,0,0,0.0322586368373393,0,0.47553108355459,0,0,0,0.0545213728963117,0,0,0.041172338956928,0.107359912685637,0,0,0.47553108355459,0.041172338956928,0.041172338956928,0.0192321645820291,0.0172583557076123,0.243677156414128,0.041172338956928,0,0,0,0.0318790793130669,0.0545213728963117,0.0545213728963117,0,0.041172338956928,0,0,0.041172338956928,0,0.041172338956928,0.142026451563498,0.041172338956928,0,0.0322586368373393,0,0.107359912685637,0.041172338956928,0,0,0,0,0.041172338956928,0,0,0,0,0,0,0.0262176875118606,0.142026451563498,0.163074998260921,0,0.0419459661208335,0,0.0192321645820291,0,0,0,0,0,0.0172583557076123,0,0.041172338956928,0.0322586368373393,0.0322586368373393,0.0322586368373393,0,0.0322586368373393,0.074963219752206,0,0,0,0,0,0,0.0262176875118606,0,0.107359912685637,0.0545213728963117,0,0.0322586368373393,0,0.041172338956928,0.132409048462471,0.041172338956928,0.041172338956928,0.041172338956928,0,0,0.238224860376036,0.0262176875118606,0.041172338956928,0,0.041172338956928,0.0545213728963117,0.041172338956928,0.19361341827272,0,0.107359912685637,0.0322586368373393,0.142026451563498,0.0262176875118606,0.041172338956928,0.19361341827272,0,0,0.0322586368373393,0.0322586368373393,0,0.0322586368373393,0,0,0,0,0.041172338956928,0.041172338956928,0,0.238224860376036,0.0545213728963117,0.041172338956928,0,0.0322586368373393,0,0.0322586368373393,0.041172338956928,0.107359912685637,0,0,0,0,0,0.0262176875118606,0.041172338956928,0,0.304051121218363,0.0322586368373393,0,0,0,0.0545213728963117,0,0,0,0,0,0,0.0545213728963117,0.041172338956928,0.0545213728963117,0.0545213728963117,0.0545213728963117,0,0.0322586368373393,0,0,0,0.041172338956928,0,0,0,0,0,0,0.117177011532601,0.0270640742074927,0,0.041172338956928,0,0.041172338956928,0.19361341827272,0,0.0545213728963117,0,0,0.0322586368373393,0.041172338956928,0.0545213728963117,0,0,0.0250847842310818,0,0.041172338956928,0,0,0.163074998260921,0,0.041172338956928,0,0,0.0250847842310818,0.117323026763923,0.163074998260921,0.163074998260921,0.0220824020542819,0.0192321645820291,0.041172338956928,0,0,0,0,0,0,0.19361341827272,0,0,0,0,0,0.0322586368373393,0,0.0322586368373393,0.041172338956928,0,0.0322586368373393,0.0262176875118606,0.0322586368373393,0,0.238224860376036,0,0.163074998260921,0,0,0.19361341827272,0.0270640742074927,0.0318790793130669,0,0,0.0322586368373393,0,0,0.041172338956928,0.0419459661208335,0,0.0262176875118606,0.0262176875118606,0,0,0,0,0,0,0,0,0,0.0545213728963117,0,0,0,0.0220824020542819,0,0,0.041172338956928,0,0.0220824020542819,0,0.0322586368373393,0,0,0,0,0,0,0,0,0,0.0636715268145186,0.0419459661208335,0,0,0,0,0,0,0.0262176875118606,0.238224860376036,0,0.163074998260921,0.041172338956928,0,0.0192321645820291,0,0,0,0,0,0,0.0262176875118606,0,0,0,0,0,0.041172338956928,0,0,0.0220824020542819,0,0.0322586368373393,0,0,0,0.0419459661208335,0,0,0,0,0.074963219752206,0,0.041172338956928,0,0.0220824020542819,0,0.47553108355459,0.0220824020542819,0,0,0.0262176875118606,0.0322586368373393,0,0,0.041172338956928,0,0,0.041172338956928,0.0322586368373393,0,0.0262176875118606,0.041172338956928,0,0,0,0,0,0,0,0,0,0,0,0,0,0,0,0,0.163074998260921,0.304051121218363,0.041172338956928,0.0419459661208335,0,0.041172338956928,0,0,0,0
0,0.0545213728963117,0,0.041172338956928,0.107359912685637,0.0322586368373393,0.041172338956928,0.0545213728963117,0,0,0,0.041172338956928,0.0322586368373393,0.041172338956928,0,0.0545213728963117,0.0545213728963117,0.0322586368373393,0.074963219752206,0.163074998260921,0.304051121218363,0.041172338956928,0,0.0545213728963117,0.304051121218363,0.302808285044318,1,0.0322586368373393,0,0,0,0,0.107359912685637,0.0220824020542819,0.0220824020542819,0.041172338956928,0,0,0.041172338956928,0.0545213728963117,0,0,0,0.0322586368373393,0,0,0.0410485172746393,0,0,0.0262176875118606,0,0,0.0322586368373393,0,0.47553108355459,0,0,0,0.0545213728963117,0,0,0.041172338956928,0.107359912685637,0,0,0.47553108355459,0.041172338956928,0.041172338956928,0.0192321645820291,0.0172583557076123,0.243677156414128,0.041172338956928,0,0,0,0.0318790793130669,0.0545213728963117,0.0545213728963117,0,0.041172338956928,0,0,0.041172338956928,0,0.041172338956928,0.142026451563498,0.041172338956928,0,0.0322586368373393,0,0.107359912685637,0.041172338956928,0,0,0,0,0.041172338956928,0,0,0,0,0,0,0.0262176875118606,0.142026451563498,0.163074998260921,0,0.0419459661208335,0,0.0192321645820291,0,0,0,0,0,0.0172583557076123,0,0.041172338956928,0.0322586368373393,0.0322586368373393,0.0322586368373393,0,0.0322586368373393,0.074963219752206,0,0,0,0,0,0,0.0262176875118606,0,0.107359912685637,0.0545213728963117,0,0.0322586368373393,0,0.041172338956928,0.132409048462471,0.041172338956928,0.041172338956928,0.041172338956928,0,0,0.238224860376036,0.0262176875118606,0.041172338956928,0,0.041172338956928,0.0545213728963117,0.041172338956928,0.19361341827272,0,0.107359912685637,0.0322586368373393,0.142026451563498,0.0262176875118606,0.041172338956928,0.19361341827272,0,0,0.0322586368373393,0.0322586368373393,0,0.0322586368373393,0,0,0,0,0.041172338956928,0.041172338956928,0,0.238224860376036,0.0545213728963117,0.041172338956928,0,0.0322586368373393,0,0.0322586368373393,0.041172338956928,0.107359912685637,0,0,0,0,0,0.0262176875118606,0.041172338956928,0,0.304051121218363,0.0322586368373393,0,0,0,0.0545213728963117,0,0,0,0,0,0,0.0545213728963117,0.041172338956928,0.0545213728963117,0.0545213728963117,0.0545213728963117,0,0.0322586368373393,0,0,0,0.041172338956928,0,0,0,0,0,0,0.117177011532601,0.0270640742074927,0,0.041172338956928,0,0.041172338956928,0.19361341827272,0,0.0545213728963117,0,0,0.0322586368373393,0.041172338956928,0.0545213728963117,0,0,0.0250847842310818,0,0.041172338956928,0,0,0.163074998260921,0,0.041172338956928,0,0,0.0250847842310818,0.117323026763923,0.163074998260921,0.163074998260921,0.0220824020542819,0.0192321645820291,0.041172338956928,0,0,0,0,0,0,0.19361341827272,0,0,0,0,0,0.0322586368373393,0,0.0322586368373393,0.041172338956928,0,0.0322586368373393,0.0262176875118606,0.0322586368373393,0,0.238224860376036,0,0.163074998260921,0,0,0.19361341827272,0.0270640742074927,0.0318790793130669,0,0,0.0322586368373393,0,0,0.041172338956928,0.0419459661208335,0,0.0262176875118606,0.0262176875118606,0,0,0,0,0,0,0,0,0,0.0545213728963117,0,0,0,0.0220824020542819,0,0,0.041172338956928,0,0.0220824020542819,0,0.0322586368373393,0,0,0,0,0,0,0,0,0,0.0636715268145186,0.0419459661208335,0,0,0,0,0,0,0.0262176875118606,0.238224860376036,0,0.163074998260921,0.041172338956928,0,0.0192321645820291,0,0,0,0,0,0,0.0262176875118606,0,0,0,0,0,0.041172338956928,0,0,0.0220824020542819,0,0.0322586368373393,0,0,0,0.0419459661208335,0,0,0,0,0.074963219752206,0,0.041172338956928,0,0.0220824020542819,0,0.47553108355459,0.0220824020542819,0,0,0.0262176875118606,0.0322586368373393,0,0,0.041172338956928,0,0,0.041172338956928,0.0322586368373393,0,0.0262176875118606,0.041172338956928,0,0,0,0,0,0,0,0,0,0,0,0,0,0,0,0,0.163074998260921,0.304051121218363,0.041172338956928,0.0419459661208335,0,0.041172338956928,0,0,0,0
0,0.0613432731147329,0,0.0476199206365212,0.115768709113422,0.0384622300306098,0.0476199206365212,0.0613432731147329,0,0,0,0.0476199206365212,0.0384622300306098,0.0476199206365212,0,0.0613432731147329,0.0613432731147329,0.0384622300306098,0.0823790970344355,0.0280132767810044,0.0476199206365212,0.0476199206365212,0,0.0613432731147329,0.0476199206365212,0.0322586368373393,0.0322586368373393,1,0,0,0,0,0.115768709113422,0.0280132767810044,0.0280132767810044,0.0476199206365212,0,0,0.0476199206365212,0.0613432731147329,0,0,0,0.0384622300306098,0,0,0.046024045266946,0,0,0.0322586368373393,0,0,0.0384622300306098,0,0.0476199206365212,0,0,0,0.0613432731147329,0,0,0.0476199206365212,0.115768709113422,0,0,0.0476199206365212,0.0476199206365212,0.0476199206365212,0.0250877674831517,0.023062117726601,0.0613432731147329,0.0476199206365212,0,0,0,0.0367574589715877,0.0613432731147329,0.0613432731147329,0,0.0476199206365212,0,0,0.0476199206365212,0,0.0476199206365212,0.0250877674831517,0.0476199206365212,0,0.0384622300306098,0,0.115768709113422,0.0476199206365212,0,0,0,0,0.0476199206365212,0,0,0,0,0,0,0.0322586368373393,0.0250877674831517,0.0280132767810044,0,0.0470411711002957,0,0.0250877674831517,0,0,0,0,0,0.023062117726601,0,0.0476199206365212,0.0384622300306098,0.0384622300306098,0.0384622300306098,0,0.0384622300306098,0.0823790970344355,0,0,0,0,0,0,0.0322586368373393,0,0.115768709113422,0.0613432731147329,0,0.0384622300306098,0,0.0476199206365212,0.0613432731147329,0.0476199206365212,0.0476199206365212,0.0476199206365212,0,0,0.0384622300306098,0.0322586368373393,0.0476199206365212,0,0.115648378688694,0.0613432731147329,0.0476199206365212,0.0322586368373393,0,0.115768709113422,0.0384622300306098,0.0250877674831517,0.0322586368373393,0.0476199206365212,0.0322586368373393,0,0,0.0384622300306098,0.0384622300306098,0,0.0384622300306098,0,0,0,0,0.0476199206365212,0.0476199206365212,0,0.0384622300306098,0.0613432731147329,0.0476199206365212,0,0.0384622300306098,0,0.0384622300306098,0.0476199206365212,0.115768709113422,0,0,0,0,0,0.0322586368373393,0.0476199206365212,0,0.0476199206365212,1,0,0,0,0.0613432731147329,0,0,0,0,0,0,0.0613432731147329,0.0476199206365212,0.0613432731147329,0.0613432731147329,0.0613432731147329,0,0.0384622300306098,0,0,0,0.0476199206365212,0,0,0,0,0,0,0.0322586368373393,0.0321989129729743,0,0.0476199206365212,0,0.0476199206365212,0.0322586368373393,0,0.0613432731147329,0,0,0.0384622300306098,0.0476199206365212,0.0613432731147329,0,0,0.0298195175153452,0,0.0476199206365212,0,0,0.0280132767810044,0,0.0476199206365212,0,0,0.0298195175153452,0.0216548926727131,0.0280132767810044,0.0280132767810044,0.0280132767810044,0.0250877674831517,0.0476199206365212,0,0,0,0,0,0,0.0322586368373393,0,0,0,0,0,0.0384622300306098,0,0.0384622300306098,0.0476199206365212,0,0.0384622300306098,0.0322586368373393,0.0384622300306098,0,0.0384622300306098,0,0.0280132767810044,0,0,0.0322586368373393,0.0321989129729743,0.0367574589715877,0,0,0.0384622300306098,0,0,0.0476199206365212,0.0470411711002957,0,0.0322586368373393,0.0322586368373393,0,0,0,0,0,0,0,0,0,0.0613432731147329,0,0,0,0.0280132767810044,0,0,0.0476199206365212,0,0.0280132767810044,0,0.0384622300306098,0,0,0,0,0,0,0,0,0,0.0322586368373393,0.0470411711002957,0,0,0,0,0,0,0.0322586368373393,0.0384622300306098,0,0.0280132767810044,0.0476199206365212,0,0.0250877674831517,0,0,0,0,0,0,0.0322586368373393,0,0,0,0,0,0.0476199206365212,0,0,0.0280132767810044,0,0.0384622300306098,0,0,0,0.0470411711002957,0,0,0,0,0.0823790970344355,0,0.0476199206365212,0,0.0280132767810044,0,0.0476199206365212,0.0280132767810044,0,0,0.0322586368373393,0.0384622300306098,0,0,0.0476199206365212,0,0,0.0476199206365212,0.0384622300306098,0,0.0322586368373393,0.0476199206365212,0,0,0,0,0,0,0,0,0,0,0,0,0,0,0,0,0.0280132767810044,0.0476199206365212,0.0476199206365212,0.0470411711002957,0,0.0476199206365212,0,0,0,0
0,0,0,0,0,0,0,0,0,0,0,0,0,0,0,0,0,0,0,0,0,0,0,0,0,0,0,0,1,0,0,0,0,0,0,0,0,0,0,0,0,0,0,0,0,0,0,0,0,0,0,0,0,0,0,0,0,0,0,0,0,0,0,0,0,0,0,0,0,0,0,0,0,0,0,0,0,0,0,0,0,0,0,0,0,0,0,0,0,0,0,0,0,0,0,0,0,0,0,0,0,0,0,0,0,0,0,0,0,0,0,0,0,0,0,0,0,0,0,0,0,0,0,0,0,0,0,0,0,0,0,0,0,0,0,0,0,0,0,0,0,0,0,0,0,0,0,0,0,0,0,0,0,0,0,0,0,0,0,0,0,0,0,0,0,0,0,0,0,0,0,0,0,0,0,0,0,0,0,0,0,0,0,0,0,0,0,0,0,0,0,0,0,0,0,0,0,0,0,0,0,0,0,0,0,0,0,0,0,0,0,0,0,0,0,0,0,0,0,0,0,0,0,0,0,0,0,0,0,0,0,0,0,0,0,0,0,0,0,0,0,0,0,0,0,0,0,0,0,0,0,0,0,0,0,0,0,0,0,0,0,0,0,0,0,0,0,0,0,0,0,0,0,0,0,0,0,0,0,0,0,0,0,0,0,0,0,0,0,0,0,0,0,0,0,0,0,0,0,0,0,0,0,0,0,0,0,0,0,0,0,0,0,0,0,0,0,0,0,0,0,0,0,0,0,0,0,0,0,0,0,0,0,0,0,0,0,0,0,0,0,0,0,0,0,0,0,0,0,0,0,0,0,0,0,0,0,0,0,0,0,0,0,0,0,0,0,0,0,0,0,0,0,0,0,0,0,0,0,0,0,0,0,0,0,0,0,0,0,0,0,0,0,0,0,0,0,0,0,0,0,0,0,0,0,0,0,0,0
0,0,0,0,0,0,0,0,0,0,0,0,0,0,0,0,0,0,0,0,0,0,0,0,0,0,0,0,0,1,0,0,0,0,0,0,0,0,0,0,0,0,0,0,0,0,0,0,0,0,0,0,0,0,0,0,0,0,0,0,0,0,0,0,0,0,0,0,0,0,0,0,0,0,0,0,0,0,0,0,0,0,0,0,0,0,0,0,0,0,0,0,0,0,0,0,0,0,0,0,0,0,0,0,0,0,0,0,0,0,0,0,0,0,0,0,0,0,0,0,0,0,0,0,0,0,0,0,0,0,0,0,0,0,0,0,0,0,0,0,0,0,0,0,0,0,0,0,0,0,0,0,0,0,0,0,0,0,0,0,0,0,0,0,0,0,0,0,0,0,0,0,0,0,0,0,0,0,0,0,0,0,0,0,0,0,0,0,0,0,0,0,0,0,0,0,0,0,0,0,0,0,0,0,0,0,0,0,0,0,0,0,0,0,0,0,0,0,0,0,0,0,0,0,0,0,0,0,0,0,0,0,0,0,0,0,0,0,0,0,0,0,0,0,0,0,0,0,0,0,0,0,0,0,0,0,0,0,0,0,0,0,0,0,0,0,0,0,0,0,0,0,0,0,0,0,0,0,0,0,0,0,0,0,0,0,0,0,0,0,0,0,0,0,0,0,0,0,0,0,0,0,0,0,0,0,0,0,0,0,0,0,0,0,0,0,0,0,0,0,0,0,0,0,0,0,0,0,0,0,0,0,0,0,0,0,0,0,0,0,0,0,0,0,0,0,0,0,0,0,0,0,0,0,0,0,0,0,0,0,0,0,0,0,0,0,0,0,0,0,0,0,0,0,0,0,0,0,0,0,0,0,0,0,0,0,0,0,0,0,0,0,0,0,0,0,0,0,0,0,0,0,0,0,0,0,0,0,0
0,0,0,0,0,0,0,0,0,0,0,0,0,0,0,0,0,0,0,0,0,0,0,0,0,0,0,0,0,0,1,0,0,0,0,0,0,0,0,0,0,0,0,0,0,0,0,0,0,0,0,0,0,0,0,0,0,0,0,0,0,0,0,0,0,0,0,0,0,0,0,0,0,0,0,0,0,0,0,0,0,0,0,0,0,0,0,0,0,0,0,0,0,0,0,0,0,0,0,0,0,0,0,0,0,0,0,0,0,0,0,0,0,0,0,0,0,0,0,0,0,0,0,0,0,0,0,0,0,0,0,0,0,0,0,0,0,0,0,0,0,0,0,0,0,0,0,0,0,0,0,0,0,0,0,0,0,0,0,0,0,0,0,0,0,0,0,0,0,0,0,0,0,0,0,0,0,0,0,0,0,0,0,0,0,0,0,0,0,0,0,0,0,0,0,0,0,0,0,0,0,0,0,0,0,0,0,0,0,0,0,0,0,0,0,0,0,0,0,0,0,0,0,0,0,0,0,0,0,0,0,0,0,0,0,0,0,0,0,0,0,0,0,0,0,0,0,0,0,0,0,0,0,0,0,0,0,0,0,0,0,0,0,0,0,0,0,0,0,0,0,0,0,0,0,0,0,0,0,0,0,0,0,0,0,0,0,0,0,0,0,0,0,0,0,0,0,0,0,0,0,0,0,0,0,0,0,0,0,0,0,0,0,0,0,0,0,0,0,0,0,0,0,0,0,0,0,0,0,0,0,0,0,0,0,0,0,0,0,0,0,0,0,0,0,0,0,0,0,0,0,0,0,0,0,0,0,0,0,0,0,0,0,0,0,0,0,0,0,0,0,0,0,0,0,0,0,0,0,0,0,0,0,0,0,0,0,0,0,0,0,0,0,0,0,0,0,0,0,0,0,0,0,0,0,0,0,0,0
0,0,0,0,0,0,0,0,0,0,0,0,0,0,0,0,0,0,0,0,0,0,0,0,0,0,0,0,0,0,0,1,0,0,0,0,0,0,0,0,0,0,0,0,0,0,0,0,0,0,0,0,0,0,0,0,0,0,0,0,0,0,0,0,0,0,0,0,0,0,0,0,0,0,0,0,0,0,0,0,0,0,0,0,0,0,0,0,0,0,0,0,0,0,0,0,0,0,0,0,0,0,0,0,0,0,0,0,0,0,0,0,0,0,0,0,0,0,0,0,0,0,0,0,0,0,0,0,0,0,0,0,0,0,0,0,0,0,0,0,0,0,0,0,0,0,0,0,0,0,0,0,0,0,0,0,0,0,0,0,0,0,0,0,0,0,0,0,0,0,0,0,0,0,0,0,0,0,0,0,0,0,0,0,0,0,0,0,0,0,0,0,0,0,0,0,0,0,0,0,0,0,0,0,0,0,0,0,0,0,0,0,0,0,0,0,0,0,0,0,0,0,0,0,0,0,0,0,0,0,0,0,0,0,0,0,0,0,0,0,0,0,0,0,0,0,0,0,0,0,0,0,0,0,0,0,0,0,0,0,0,0,0,0,0,0,0,0,0,0,0,0,0,0,0,0,0,0,0,0,0,0,0,0,0,0,0,0,0,0,0,0,0,0,0,0,0,0,0,0,0,0,0,0,0,0,0,0,0,0,0,0,0,0,0,0,0,0,0,0,0,0,0,0,0,0,0,0,0,0,0,0,0,0,0,0,0,0,0,0,0,0,0,0,0,0,0,0,0,0,0,0,0,0,0,0,0,0,0,0,0,0,0,0,0,0,0,0,0,0,0,0,0,0,0,0,0,0,0,0,0,0,0,0,0,0,0,0,0,0,0,0,0,0,0,0,0,0,0,0,0,0,0,0,0,0,0,0,0
0,0.147105639620399,0,0.128249502550101,0.54337899543379,0.115768709113422,0.128249502550101,0.147105639620399,0,0,0,0.128249502550101,0.115768709113422,0.128249502550101,0,0.147105639620399,0.147105639620399,0.115768709113422,0.176370950666949,0.10162667835798,0.128249502550101,0.128249502550101,0,0.147105639620399,0.128249502550101,0.107359912685637,0.107359912685637,0.115768709113422,0,0,0,0,1,0.10162667835798,0.10162667835798,0.128249502550101,0,0,0.128249502550101,0.147105639620399,0,0,0,0.115768709113422,0,0,0.105746154191537,0,0,0.107359912685637,0,0,0.115768709113422,0,0.128249502550101,0,0,0,0.147105639620399,0,0,0.128249502550101,0.54337899543379,0,0,0.128249502550101,0.128249502550101,0.128249502550101,0.0976858574475728,0.0949619587666687,0.147105639620399,0.128249502550101,0,0,0,0.0953134799189487,0.147105639620399,0.147105639620399,0,0.128249502550101,0,0,0.128249502550101,0,0.128249502550101,0.0976858574475728,0.128249502550101,0,0.115768709113422,0,0.223744292237443,0.128249502550101,0,0,0,0,0.128249502550101,0,0,0,0,0,0,0.107359912685637,0.0976858574475728,0.10162667835798,0,0.108384549152341,0,0.0976858574475728,0,0,0,0,0,0.0949619587666687,0,0.128249502550101,0.115768709113422,0.115768709113422,0.115768709113422,0,0.115768709113422,0.176370950666949,0,0,0,0,0,0,0.107359912685637,0,0.54337899543379,0.147105639620399,0,0.115768709113422,0,0.128249502550101,0.147105639620399,0.128249502550101,0.128249502550101,0.128249502550101,0,0,0.115768709113422,0.107359912685637,0.128249502550101,0,0.128249502550101,0.147105639620399,0.128249502550101,0.107359912685637,0,0.54337899543379,0.115768709113422,0.0976858574475728,0.107359912685637,0.128249502550101,0.107359912685637,0,0,0.115768709113422,0.115768709113422,0,0.115768709113422,0,0,0,0,0.128249502550101,0.128249502550101,0,0.115768709113422,0.147105639620399,0.128249502550101,0,0.115768709113422,0,0.115768709113422,0.128249502550101,0.54337899543379,0,0,0,0,0,0.107359912685637,0.128249502550101,0,0.128249502550101,0.115768709113422,0,0,0,0.147105639620399,0,0,0,0,0,0,0.147105639620399,0.128249502550101,0.147105639620399,0.147105639620399,0.147105639620399,0,0.115768709113422,0,0,0,0.128249502550101,0,0,0,0,0,0,0.107359912685637,0.0943727413365712,0,0.128249502550101,0,0.128249502550101,0.107359912685637,0,0.147105639620399,0,0,0.115768709113422,0.128249502550101,0.147105639620399,0,0,0.0865360309624762,0,0.128249502550101,0,0,0.10162667835798,0,0.128249502550101,0,0,0.0865360309624762,0.0930719467558259,0.10162667835798,0.10162667835798,0.10162667835798,0.0976858574475728,0.128249502550101,0,0,0,0,0,0,0.107359912685637,0,0,0,0,0,0.115768709113422,0,0.115768709113422,0.128249502550101,0,0.115768709113422,0.107359912685637,0.115768709113422,0,0.115768709113422,0,0.10162667835798,0,0,0.107359912685637,0.0943727413365712,0.0953134799189487,0,0,0.115768709113422,0,0,0.128249502550101,0.108384549152341,0,0.107359912685637,0.107359912685637,0,0,0,0,0,0,0,0,0,0.147105639620399,0,0,0,0.10162667835798,0,0,0.128249502550101,0,0.10162667835798,0,0.115768709113422,0,0,0,0,0,0,0,0,0,0.107359912685637,0.108384549152341,0,0,0,0,0,0,0.107359912685637,0.115768709113422,0,0.10162667835798,0.128249502550101,0,0.0976858574475728,0,0,0,0,0,0,0.107359912685637,0,0,0,0,0,0.128249502550101,0,0,0.10162667835798,0,0.115768709113422,0,0,0,0.108384549152341,0,0,0,0,0.176370950666949,0,0.128249502550101,0,0.10162667835798,0,0.128249502550101,0.10162667835798,0,0,0.107359912685637,0.115768709113422,0,0,0.128249502550101,0,0,0.128249502550101,0.115768709113422,0,0.107359912685637,0.128249502550101,0,0,0,0,0,0,0,0,0,0,0,0,0,0,0,0,0.10162667835798,0.128249502550101,0.128249502550101,0.108384549152341,0,0.128249502550101,0,0,0,0
0,0.368193282506597,0,0.0367619429090039,0.10162667835798,0.0680322436110106,0.0367619429090039,0.0498579928542293,0,0,0,0.0892790042075809,0.0280132767810044,0.0892790042075809,0,0.0498579928542293,0.1210836969317,0.0680322436110106,0.169754473731143,0.0180216412275933,0.0367619429090039,0.0367619429090039,0,0.1210836969317,0.0367619429090039,0.0220824020542819,0.0220824020542819,0.0280132767810044,0,0,0,0,0.10162667835798,1,1,0.0892790042075809,0,0,0.0892790042075809,0.1210836969317,0,0,0,0.0280132767810044,0,0,0.179069247970045,0,0,0.053628690703256,0,0,0.490223176474009,0,0.0367619429090039,0,0,0,0.0498579928542293,0,0,0.0892790042075809,0.10162667835798,0,0,0.0367619429090039,0.0892790042075809,0.0367619429090039,0.0680347132176099,0.0593699320083931,0.0498579928542293,0.0892790042075809,0,0,0,0.21064982630663,0.0498579928542293,0.0498579928542293,0,0.0367619429090039,0,0,0.0367619429090039,0,0.0367619429090039,0.0152223787564515,0.0892790042075809,0,0.0680322436110106,0,0.10162667835798,0.0367619429090039,0,0,0,0,0.0367619429090039,0,0,0,0,0,0,0.053628690703256,0.0152223787564515,0.0180216412275933,0,0.093363501668661,0,0.0680347132176099,0,0,0,0,0,0.0593699320083931,0,0.424592019495871,0.0680322436110106,0.0680322436110106,0.125202196225305,0,0.0680322436110106,0.0698989009481177,0,0,0,0,0,0,0.053628690703256,0,0.10162667835798,0.0498579928542293,0,0.206873557102869,0,0.0367619429090039,0.0498579928542293,0.0892790042075809,0.0367619429090039,0.0367619429090039,0,0,0.0280132767810044,0.053628690703256,0.0892790042075809,0,0.0367619429090039,0.0498579928542293,0.0892790042075809,0.0220824020542819,0,0.10162667835798,0.0680322436110106,0.0152223787564515,0.053628690703256,0.0892790042075809,0.0220824020542819,0,0,0.0680322436110106,0.323546929785103,0,0.125202196225305,0,0,0,0,0.0892790042075809,0.0892790042075809,0,0.0280132767810044,0.1210836969317,0.0892790042075809,0,0.0680322436110106,0,0.0680322436110106,0.0892790042075809,0.10162667835798,0,0,0,0,0,0.255046685284169,0.0367619429090039,0,0.0367619429090039,0.0280132767810044,0,0,0,0.0498579928542293,0,0,0,0,0,0,0.0498579928542293,0.0367619429090039,0.0498579928542293,0.0498579928542293,0.0498579928542293,0,0.0280132767810044,0,0,0,0.0892790042075809,0,0,0,0,0,0,0.0220824020542819,0.0571619052854071,0,0.0892790042075809,0,0.0892790042075809,0.0220824020542819,0,0.0498579928542293,0,0,0.0680322436110106,0.0367619429090039,0.1210836969317,0,0,0.252111291343699,0,0.0892790042075809,0,0,0.0180216412275933,0,0.0892790042075809,0,0,0.0975589148393219,0.0119366441992466,0.0180216412275933,0.0180216412275933,0.468554246939164,0.395774731323091,0.0892790042075809,0,0,0,0,0,0,0.0220824020542819,0,0,0,0,0,0.0680322436110106,0,0.0680322436110106,0.0892790042075809,0,0.0680322436110106,0.053628690703256,0.0680322436110106,0,0.0280132767810044,0,0.0180216412275933,0,0,0.0220824020542819,0.0571619052854071,0.0692741039531869,0,0,0.0680322436110106,0,0,0.0367619429090039,0.0800775472624232,0,0.255046685284169,0.255046685284169,0,0,0,0,0,0,0,0,0,0.1210836969317,0,0,0,0.687384851140685,0,0,0.0892790042075809,0,0.043766842981298,0,0.0680322436110106,0,0,0,0,0,0,0,0,0,0.0220824020542819,0.093363501668661,0,0,0,0,0,0,0.053628690703256,0.0280132767810044,0,0.0180216412275933,0.0367619429090039,0,0.0680347132176099,0,0,0,0,0,0,0.053628690703256,0,0,0,0,0,0.0892790042075809,0,0,0.043766842981298,0,0.490223176474009,0,0,0,0.093363501668661,0,0,0,0,0.0698989009481177,0,0.0367619429090039,0,0.468554246939164,0,0.0367619429090039,0.208145827939354,0,0,0.053628690703256,0.0680322436110106,0,0,0.0892790042075809,0,0,0.0367619429090039,0.323546929785103,0,0.255046685284169,0.0892790042075809,0,0,0,0,0,0,0,0,0,0,0,0,0,0,0,0,0.0180216412275933,0.0367619429090039,0.0892790042075809,0.093363501668661,0,0.0892790042075809,0,0,0,0
0,0.368193282506597,0,0.0367619429090039,0.10162667835798,0.0680322436110106,0.0367619429090039,0.0498579928542293,0,0,0,0.0892790042075809,0.0280132767810044,0.0892790042075809,0,0.0498579928542293,0.1210836969317,0.0680322436110106,0.169754473731143,0.0180216412275933,0.0367619429090039,0.0367619429090039,0,0.1210836969317,0.0367619429090039,0.0220824020542819,0.0220824020542819,0.0280132767810044,0,0,0,0,0.10162667835798,1,1,0.0892790042075809,0,0,0.0892790042075809,0.1210836969317,0,0,0,0.0280132767810044,0,0,0.179069247970045,0,0,0.053628690703256,0,0,0.490223176474009,0,0.0367619429090039,0,0,0,0.0498579928542293,0,0,0.0892790042075809,0.10162667835798,0,0,0.0367619429090039,0.0892790042075809,0.0367619429090039,0.0680347132176099,0.0593699320083931,0.0498579928542293,0.0892790042075809,0,0,0,0.21064982630663,0.0498579928542293,0.0498579928542293,0,0.0367619429090039,0,0,0.0367619429090039,0,0.0367619429090039,0.0152223787564515,0.0892790042075809,0,0.0680322436110106,0,0.10162667835798,0.0367619429090039,0,0,0,0,0.0367619429090039,0,0,0,0,0,0,0.053628690703256,0.0152223787564515,0.0180216412275933,0,0.093363501668661,0,0.0680347132176099,0,0,0,0,0,0.0593699320083931,0,0.424592019495871,0.0680322436110106,0.0680322436110106,0.125202196225305,0,0.0680322436110106,0.0698989009481177,0,0,0,0,0,0,0.053628690703256,0,0.10162667835798,0.0498579928542293,0,0.206873557102869,0,0.0367619429090039,0.0498579928542293,0.0892790042075809,0.0367619429090039,0.0367619429090039,0,0,0.0280132767810044,0.053628690703256,0.0892790042075809,0,0.0367619429090039,0.0498579928542293,0.0892790042075809,0.0220824020542819,0,0.10162667835798,0.0680322436110106,0.0152223787564515,0.053628690703256,0.0892790042075809,0.0220824020542819,0,0,0.0680322436110106,0.323546929785103,0,0.125202196225305,0,0,0,0,0.0892790042075809,0.0892790042075809,0,0.0280132767810044,0.1210836969317,0.0892790042075809,0,0.0680322436110106,0,0.0680322436110106,0.0892790042075809,0.10162667835798,0,0,0,0,0,0.255046685284169,0.0367619429090039,0,0.0367619429090039,0.0280132767810044,0,0,0,0.0498579928542293,0,0,0,0,0,0,0.0498579928542293,0.0367619429090039,0.0498579928542293,0.0498579928542293,0.0498579928542293,0,0.0280132767810044,0,0,0,0.0892790042075809,0,0,0,0,0,0,0.0220824020542819,0.0571619052854071,0,0.0892790042075809,0,0.0892790042075809,0.0220824020542819,0,0.0498579928542293,0,0,0.0680322436110106,0.0367619429090039,0.1210836969317,0,0,0.252111291343699,0,0.0892790042075809,0,0,0.0180216412275933,0,0.0892790042075809,0,0,0.0975589148393219,0.0119366441992466,0.0180216412275933,0.0180216412275933,0.468554246939164,0.395774731323091,0.0892790042075809,0,0,0,0,0,0,0.0220824020542819,0,0,0,0,0,0.0680322436110106,0,0.0680322436110106,0.0892790042075809,0,0.0680322436110106,0.053628690703256,0.0680322436110106,0,0.0280132767810044,0,0.0180216412275933,0,0,0.0220824020542819,0.0571619052854071,0.0692741039531869,0,0,0.0680322436110106,0,0,0.0367619429090039,0.0800775472624232,0,0.255046685284169,0.255046685284169,0,0,0,0,0,0,0,0,0,0.1210836969317,0,0,0,0.687384851140685,0,0,0.0892790042075809,0,0.043766842981298,0,0.0680322436110106,0,0,0,0,0,0,0,0,0,0.0220824020542819,0.093363501668661,0,0,0,0,0,0,0.053628690703256,0.0280132767810044,0,0.0180216412275933,0.0367619429090039,0,0.0680347132176099,0,0,0,0,0,0,0.053628690703256,0,0,0,0,0,0.0892790042075809,0,0,0.043766842981298,0,0.490223176474009,0,0,0,0.093363501668661,0,0,0,0,0.0698989009481177,0,0.0367619429090039,0,0.468554246939164,0,0.0367619429090039,0.208145827939354,0,0,0.053628690703256,0.0680322436110106,0,0,0.0892790042075809,0,0,0.0367619429090039,0.323546929785103,0,0.255046685284169,0.0892790042075809,0,0,0,0,0,0,0,0,0,0,0,0,0,0,0,0,0.0180216412275933,0.0367619429090039,0.0892790042075809,0.093363501668661,0,0.0892790042075809,0,0,0,0
0,0.173472727049999,0,0.0571439257166366,0.128249502550101,0.115648378688694,0.0571439257166366,0.0714299464323527,0,0,0,0.421998728397202,0.0476199206365212,0.138778105311832,0,0.0714299464323527,0.173472727049999,0.212831890191799,0.226732089065557,0.0367619429090039,0.0571439257166366,0.0571439257166366,0,0.527498700621427,0.0571439257166366,0.041172338956928,0.041172338956928,0.0476199206365212,0,0,0,0,0.128249502550101,0.0892790042075809,0.0892790042075809,1,0,0,0.421998728397202,0.173472727049999,0,0,0,0.0476199206365212,0,0,0.106635281577545,0,0,0.0999899660382537,0,0,0.115648378688694,0,0.0571439257166366,0,0,0,0.0714299464323527,0,0,0.138778105311832,0.128249502550101,0,0,0.0571439257166366,0.138778105311832,0.0571439257166366,0.0819002213950383,0.0767921451378269,0.0714299464323527,0.138778105311832,0,0,0,0.106635281577545,0.0714299464323527,0.0714299464323527,0,0.0571439257166366,0,0,0.0571439257166366,0,0.0571439257166366,0.0337236205744276,0.421998728397202,0,0.115648378688694,0,0.128249502550101,0.0571439257166366,0,0,0,0,0.0571439257166366,0,0,0,0,0,0,0.0999899660382537,0.0337236205744276,0.0367619429090039,0,0.132392281936114,0,0.0819002213950383,0,0,0,0,0,0.0767921451378269,0,0.138778105311832,0.115648378688694,0.115648378688694,0.115648378688694,0,0.115648378688694,0.0933602719681705,0,0,0,0,0,0,0.0999899660382537,0,0.128249502550101,0.0714299464323527,0,0.115648378688694,0,0.0571439257166366,0.0714299464323527,0.421998728397202,0.0571439257166366,0.0571439257166366,0,0,0.0476199206365212,0.0999899660382537,0.138778105311832,0,0.0571439257166366,0.0714299464323527,0.659999251998354,0.041172338956928,0,0.128249502550101,0.115648378688694,0.0337236205744276,0.0999899660382537,0.138778105311832,0.041172338956928,0,0,0.115648378688694,0.115648378688694,0,0.115648378688694,0,0,0,0,0.138778105311832,0.138778105311832,0,0.0476199206365212,0.173472727049999,0.421998728397202,0,0.115648378688694,0,0.115648378688694,0.138778105311832,0.128249502550101,0,0,0,0,0,0.0999899660382537,0.0571439257166366,0,0.0571439257166366,0.0476199206365212,0,0,0,0.0714299464323527,0,0,0,0,0,0,0.0714299464323527,0.0571439257166366,0.0714299464323527,0.0714299464323527,0.0714299464323527,0,0.0476199206365212,0,0,0,0.138778105311832,0,0,0,0,0,0,0.041172338956928,0.0965076580784755,0,0.138778105311832,0,0.138778105311832,0.041172338956928,0,0.0714299464323527,0,0,0.115648378688694,0.0571439257166366,0.173472727049999,0,0,0.0892681146452845,0,0.138778105311832,0,0,0.0367619429090039,0,0.138778105311832,0,0,0.0892681146452845,0.0301593188641145,0.0367619429090039,0.0367619429090039,0.0892790042075809,0.0819002213950383,0.138778105311832,0,0,0,0,0,0,0.041172338956928,0,0,0,0,0,0.115648378688694,0,0.115648378688694,0.138778105311832,0,0.115648378688694,0.0999899660382537,0.115648378688694,0,0.0476199206365212,0,0.0367619429090039,0,0,0.041172338956928,0.0965076580784755,0.106635281577545,0,0,0.115648378688694,0,0,0.0571439257166366,0.118649138482538,0,0.0999899660382537,0.0999899660382537,0,0,0,0,0,0,0,0,0,0.173472727049999,0,0,0,0.0892790042075809,0,0,0.138778105311832,0,0.0892790042075809,0,0.115648378688694,0,0,0,0,0,0,0,0,0,0.041172338956928,0.132392281936114,0,0,0,0,0,0,0.0999899660382537,0.0476199206365212,0,0.0367619429090039,0.0571439257166366,0,0.0819002213950383,0,0,0,0,0,0,0.0999899660382537,0,0,0,0,0,0.421998728397202,0,0,0.0892790042075809,0,0.115648378688694,0,0,0,0.132392281936114,0,0,0,0,0.0933602719681705,0,0.0571439257166366,0,0.0892790042075809,0,0.0571439257166366,0.0892790042075809,0,0,0.0999899660382537,0.115648378688694,0,0,0.138778105311832,0,0,0.0571439257166366,0.115648378688694,0,0.0999899660382537,0.138778105311832,0,0,0,0,0,0,0,0,0,0,0,0,0,0,0,0,0.0367619429090039,0.0571439257166366,0.138778105311832,0.132392281936114,0,0.138778105311832,0,0,0,0
0,0,0,0,0,0,0,0,0,0,0,0,0,0,0,0,0,0,0,0,0,0,0,0,0,0,0,0,0,0,0,0,0,0,0,0,1,0,0,0,0,0,0,0,0,0,0,0,0,0,0,0,0,0,0,0,0,0,0,0,0,0,0,0,0,0,0,0,0,0,0,0,0,0,0,0,0,0,0,0,0,0,0,0,0,0,0,0,0,0,0,0,0,0,0,0,0,0,0,0,0,0,0,0,0,0,0,0,0,0,0,0,0,0,0,0,0,0,0,0,0,0,0,0,0,0,0,0,0,0,0,0,0,0,0,0,0,0,0,0,0,0,0,0,0,0,0,0,0,0,0,0,0,0,0,0,0,0,0,0,0,0,0,0,0,0,0,0,0,0,0,0,0,0,0,0,0,0,0,0,0,0,0,0,0,0,0,0,0,0,0,0,0,0,0,0,0,0,0,0,0,0,0,0,0,0,0,0,0,0,0,0,0,0,0,0,0,0,0,0,0,0,0,0,0,0,0,0,0,0,0,0,0,0,0,0,0,0,0,0,0,0,0,0,0,0,0,0,0,0,0,0,0,0,0,0,0,0,0,0,0,0,0,0,0,0,0,0,0,0,0,0,0,0,0,0,0,0,0,0,0,0,0,0,0,0,0,0,0,0,0,0,0,0,0,0,0,0,0,0,0,0,0,0,0,0,0,0,0,0,0,0,0,0,0,0,0,0,0,0,0,0,0,0,0,0,0,0,0,0,0,0,0,0,0,0,0,0,0,0,0,0,0,0,0,0,0,0,0,0,0,0,0,0,0,0,0,0,0,0,0,0,0,0,0,0,0,0,0,0,0,0,0,0,0,0,0,0,0,0,0,0,0,0,0,0,0,0,0,0,0,0,0,0,0,0,0,0,0,0,0,0,0,0,0,0,0,0,0
0,0,0,0,0,0,0,0,0,0,0,0,0,0,0,0,0,0,0,0,0,0,0,0,0,0,0,0,0,0,0,0,0,0,0,0,0,1,0,0,0,0,0,0,0,0,0,0,0,0,0,0,0,0,0,0,0,0,0,0,0,0,0,0,0,0,0,0,0,0,0,0,0,0,0,0,0,0,0,0,0,0,0,0,0,0,0,0,0,0,0,0,0,0,0,0,0,0,0,0,0,0,0,0,0,0,0,0,0,0,0,0,0,0,0,0,0,0,0,0,0,0,0,0,0,0,0,0,0,0,0,0,0,0,0,0,0,0,0,0,0,0,0,0,0,0,0,0,0,0,0,0,0,0,0,0,0,0,0,0,0,0,0,0,0,0,0,0,0,0,0,0,0,0,0,0,0,0,0,0,0,0,0,0,0,0,0,0,0,0,0,0,0,0,0,0,0,0,0,0,0,0,0,0,0,0,0,0,0,0,0,0,0,0,0,0,0,0,0,0,0,0,0,0,0,0,0,0,0,0,0,0,0,0,0,0,0,0,0,0,0,0,0,0,0,0,0,0,0,0,0,0,0,0,0,0,0,0,0,0,0,0,0,0,0,0,0,0,0,0,0,0,0,0,0,0,0,0,0,0,0,0,0,0,0,0,0,0,0,0,0,0,0,0,0,0,0,0,0,0,0,0,0,0,0,0,0,0,0,0,0,0,0,0,0,0,0,0,0,0,0,0,0,0,0,0,0,0,0,0,0,0,0,0,0,0,0,0,0,0,0,0,0,0,0,0,0,0,0,0,0,0,0,0,0,0,0,0,0,0,0,0,0,0,0,0,0,0,0,0,0,0,0,0,0,0,0,0,0,0,0,0,0,0,0,0,0,0,0,0,0,0,0,0,0,0,0,0,0,0,0,0,0,0,0,0,0,0,0
0,0.173472727049999,0,0.0571439257166366,0.128249502550101,0.115648378688694,0.0571439257166366,0.0714299464323527,0,0,0,0.421998728397202,0.0476199206365212,0.138778105311832,0,0.0714299464323527,0.173472727049999,0.212831890191799,0.226732089065557,0.0367619429090039,0.0571439257166366,0.0571439257166366,0,0.527498700621427,0.0571439257166366,0.041172338956928,0.041172338956928,0.0476199206365212,0,0,0,0,0.128249502550101,0.0892790042075809,0.0892790042075809,0.421998728397202,0,0,1,0.173472727049999,0,0,0,0.0476199206365212,0,0,0.106635281577545,0,0,0.0999899660382537,0,0,0.115648378688694,0,0.0571439257166366,0,0,0,0.0714299464323527,0,0,0.138778105311832,0.128249502550101,0,0,0.0571439257166366,0.138778105311832,0.0571439257166366,0.0819002213950383,0.0767921451378269,0.0714299464323527,0.138778105311832,0,0,0,0.106635281577545,0.0714299464323527,0.0714299464323527,0,0.0571439257166366,0,0,0.0571439257166366,0,0.0571439257166366,0.0337236205744276,0.421998728397202,0,0.115648378688694,0,0.128249502550101,0.0571439257166366,0,0,0,0,0.0571439257166366,0,0,0,0,0,0,0.0999899660382537,0.0337236205744276,0.0367619429090039,0,0.132392281936114,0,0.0819002213950383,0,0,0,0,0,0.0767921451378269,0,0.138778105311832,0.115648378688694,0.115648378688694,0.115648378688694,0,0.115648378688694,0.0933602719681705,0,0,0,0,0,0,0.0999899660382537,0,0.128249502550101,0.0714299464323527,0,0.115648378688694,0,0.0571439257166366,0.0714299464323527,0.421998728397202,0.0571439257166366,0.0571439257166366,0,0,0.0476199206365212,0.0999899660382537,0.138778105311832,0,0.0571439257166366,0.0714299464323527,0.421998728397202,0.041172338956928,0,0.128249502550101,0.115648378688694,0.0337236205744276,0.0999899660382537,0.138778105311832,0.041172338956928,0,0,0.115648378688694,0.115648378688694,0,0.115648378688694,0,0,0,0,0.138778105311832,0.138778105311832,0,0.0476199206365212,0.173472727049999,0.421998728397202,0,0.115648378688694,0,0.115648378688694,0.138778105311832,0.128249502550101,0,0,0,0,0,0.0999899660382537,0.0571439257166366,0,0.0571439257166366,0.0476199206365212,0,0,0,0.0714299464323527,0,0,0,0,0,0,0.0714299464323527,0.0571439257166366,0.0714299464323527,0.0714299464323527,0.0714299464323527,0,0.0476199206365212,0,0,0,0.138778105311832,0,0,0,0,0,0,0.041172338956928,0.0965076580784755,0,0.138778105311832,0,0.138778105311832,0.041172338956928,0,0.0714299464323527,0,0,0.115648378688694,0.0571439257166366,0.173472727049999,0,0,0.0892681146452845,0,0.138778105311832,0,0,0.0367619429090039,0,0.138778105311832,0,0,0.0892681146452845,0.0301593188641145,0.0367619429090039,0.0367619429090039,0.0892790042075809,0.0819002213950383,0.138778105311832,0,0,0,0,0,0,0.041172338956928,0,0,0,0,0,0.115648378688694,0,0.115648378688694,0.138778105311832,0,0.115648378688694,0.0999899660382537,0.115648378688694,0,0.0476199206365212,0,0.0367619429090039,0,0,0.041172338956928,0.0965076580784755,0.106635281577545,0,0,0.115648378688694,0,0,0.0571439257166366,0.118649138482538,0,0.0999899660382537,0.0999899660382537,0,0,0,0,0,0,0,0,0,0.173472727049999,0,0,0,0.0892790042075809,0,0,0.138778105311832,0,0.0892790042075809,0,0.115648378688694,0,0,0,0,0,0,0,0,0,0.041172338956928,0.132392281936114,0,0,0,0,0,0,0.0999899660382537,0.0476199206365212,0,0.0367619429090039,0.0571439257166366,0,0.0819002213950383,0,0,0,0,0,0,0.0999899660382537,0,0,0,0,0,0.659999251998354,0,0,0.0892790042075809,0,0.115648378688694,0,0,0,0.132392281936114,0,0,0,0,0.0933602719681705,0,0.0571439257166366,0,0.0892790042075809,0,0.0571439257166366,0.0892790042075809,0,0,0.0999899660382537,0.115648378688694,0,0,0.138778105311832,0,0,0.0571439257166366,0.115648378688694,0,0.0999899660382537,0.138778105311832,0,0,0,0,0,0,0,0,0,0,0,0,0,0,0,0,0.0367619429090039,0.0571439257166366,0.138778105311832,0.132392281936114,0,0.138778105311832,0,0,0,0
0,0.21027009483971,0,0.0714299464323527,0.147105639620399,0.274166873716867,0.0714299464323527,0.0865818037575277,0,0,0,0.173472727049999,0.0613432731147329,0.173472727049999,0,0.0865818037575277,0.21027009483971,0.148976520421494,0.266881513729481,0.0498579928542293,0.0714299464323527,0.0714299464323527,0,0.21027009483971,0.0714299464323527,0.0545213728963117,0.0545213728963117,0.0613432731147329,0,0,0,0,0.147105639620399,0.1210836969317,0.1210836969317,0.173472727049999,0,0,0.173472727049999,1,0,0,0,0.0613432731147329,0,0,0.132392281936114,0,0,0.132409048462471,0,0,0.148976520421494,0,0.0714299464323527,0,0,0,0.0865818037575277,0,0,0.173472727049999,0.147105639620399,0,0,0.0714299464323527,0.173472727049999,0.0714299464323527,0.113285175146291,0.107888206387495,0.0865818037575277,0.319248127932352,0,0,0,0.132392281936114,0.0865818037575277,0.0865818037575277,0,0.0714299464323527,0,0,0.0714299464323527,0,0.0714299464323527,0.0466468368249435,0.173472727049999,0,0.148976520421494,0,0.147105639620399,0.0714299464323527,0,0,0,0,0.0714299464323527,0,0,0,0,0,0,0.132409048462471,0.0466468368249435,0.0498579928542293,0,0.159332176574263,0,0.113285175146291,0,0,0,0,0,0.107888206387495,0,0.173472727049999,0.148976520421494,0.148976520421494,0.148976520421494,0,0.148976520421494,0.109892388006257,0,0,0,0,0,0,0.132409048462471,0,0.147105639620399,0.0865818037575277,0,0.148976520421494,0,0.0714299464323527,0.0865818037575277,0.173472727049999,0.0714299464323527,0.0714299464323527,0,0,0.0613432731147329,0.132409048462471,0.173472727049999,0,0.0714299464323527,0.0865818037575277,0.173472727049999,0.0545213728963117,0,0.147105639620399,0.148976520421494,0.0466468368249435,0.132409048462471,0.173472727049999,0.0545213728963117,0,0,0.148976520421494,0.148976520421494,0,0.148976520421494,0,0,0,0,0.173472727049999,0.173472727049999,0,0.0613432731147329,0.21027009483971,0.173472727049999,0,0.148976520421494,0,0.148976520421494,0.173472727049999,0.147105639620399,0,0,0,0,0,0.132409048462471,0.0714299464323527,0,0.0714299464323527,0.0613432731147329,0,0,0,0.0865818037575277,0,0,0,0,0,0,0.0865818037575277,0.0714299464323527,0.0865818037575277,0.0865818037575277,0.0865818037575277,0,0.0613432731147329,0,0,0,0.173472727049999,0,0,0,0,0,0,0.0545213728963117,0.123729567373249,0,0.173472727049999,0,0.173472727049999,0.0545213728963117,0,0.0865818037575277,0,0,0.274166873716867,0.0714299464323527,0.386967653528542,0,0,0.114242844100718,0,0.173472727049999,0,0,0.0498579928542293,0,0.173472727049999,0,0,0.114242844100718,0.0428812849891,0.0498579928542293,0.0498579928542293,0.1210836969317,0.113285175146291,0.319248127932352,0,0,0,0,0,0,0.0545213728963117,0,0,0,0,0,0.148976520421494,0,0.148976520421494,0.173472727049999,0,0.148976520421494,0.132409048462471,0.148976520421494,0,0.0613432731147329,0,0.0498579928542293,0,0,0.0545213728963117,0.123729567373249,0.243646300369823,0,0,0.148976520421494,0,0,0.0714299464323527,0.145273455111828,0,0.132409048462471,0.132409048462471,0,0,0,0,0,0,0,0,0,1,0,0,0,0.1210836969317,0,0,0.173472727049999,0,0.1210836969317,0,0.148976520421494,0,0,0,0,0,0,0,0,0,0.0545213728963117,0.159332176574263,0,0,0,0,0,0,0.132409048462471,0.0613432731147329,0,0.0498579928542293,0.0714299464323527,0,0.113285175146291,0,0,0,0,0,0,0.132409048462471,0,0,0,0,0,0.173472727049999,0,0,0.1210836969317,0,0.148976520421494,0,0,0,0.159332176574263,0,0,0,0,0.109892388006257,0,0.0714299464323527,0,0.1210836969317,0,0.0714299464323527,0.1210836969317,0,0,0.132409048462471,0.148976520421494,0,0,0.173472727049999,0,0,0.0714299464323527,0.148976520421494,0,0.132409048462471,0.173472727049999,0,0,0,0,0,0,0,0,0,0,0,0,0,0,0,0,0.0498579928542293,0.0714299464323527,0.173472727049999,0.159332176574263,0,0.173472727049999,0,0,0,0
0,0,0,0,0,0,0,0,0,0,0,0,0,0,0,0,0,0,0,0,0,0,0,0,0,0,0,0,0,0,0,0,0,0,0,0,0,0,0,0,1,0,0,0,0,0,0,0,0,0,0,0,0,0,0,0,0,0,0,0,0,0,0,0,0,0,0,0,0,0,0,0,0,0,0,0,0,0,0,0,0,0,0,0,0,0,0,0,0,0,0,0,0,0,0,0,0,0,0,0,0,0,0,0,0,0,0,0,0,0,0,0,0,0,0,0,0,0,0,0,0,0,0,0,0,0,0,0,0,0,0,0,0,0,0,0,0,0,0,0,0,0,0,0,0,0,0,0,0,0,0,0,0,0,0,0,0,0,0,0,0,0,0,0,0,0,0,0,0,0,0,0,0,0,0,0,0,0,0,0,0,0,0,0,0,0,0,0,0,0,0,0,0,0,0,0,0,0,0,0,0,0,0,0,0,0,0,0,0,0,0,0,0,0,0,0,0,0,0,0,0,0,0,0,0,0,0,0,0,0,0,0,0,0,0,0,0,0,0,0,0,0,0,0,0,0,0,0,0,0,0,0,0,0,0,0,0,0,0,0,0,0,0,0,0,0,0,0,0,0,0,0,0,0,0,0,0,0,0,0,0,0,0,0,0,0,0,0,0,0,0,0,0,0,0,0,0,0,0,0,0,0,0,0,0,0,0,0,0,0,0,0,0,0,0,0,0,0,0,0,0,0,0,0,0,0,0,0,0,0,0,0,0,0,0,0,0,0,0,0,0,0,0,0,0,0,0,0,0,0,0,0,0,0,0,0,0,0,0,0,0,0,0,0,0,0,0,0,0,0,0,0,0,0,0,0,0,0,0,0,0,0,0,0,0,0,0,0,0,0,0,0,0,0,0,0,0,0,0,0,0,0,0,0,0,0,0,0,0
0,0,0,0,0,0,0,0,0,0,0,0,0,0,0,0,0,0,0,0,0,0,0,0,0,0,0,0,0,0,0,0,0,0,0,0,0,0,0,0,0,1,0,0,0,0,0,0,0,0,0,0,0,0,0,0,0,0,0,0,0,0,0,0,0,0,0,0,0,0,0,0,0,0,0,0,0,0,0,0,0,0,0,0,0,0,0,0,0,0,0,0,0,0,0,0,0,0,0,0,0,0,0,0,0,0,0,0,0,0,0,0,0,0,0,0,0,0,0,0,0,0,0,0,0,0,0,0,0,0,0,0,0,0,0,0,0,0,0,0,0,0,0,0,0,0,0,0,0,0,0,0,0,0,0,0,0,0,0,0,0,0,0,0,0,0,0,0,0,0,0,0,0,0,0,0,0,0,0,0,0,0,0,0,0,0,0,0,0,0,0,0,0,0,0,0,0,0,0,0,0,0,0,0,0,0,0,0,0,0,0,0,0,0,0,0,0,0,0,0,0,0,0,0,0,0,0,0,0,0,0,0,0,0,0,0,0,0,0,0,0,0,0,0,0,0,0,0,0,0,0,0,0,0,0,0,0,0,0,0,0,0,0,0,0,0,0,0,0,0,0,0,0,0,0,0,0,0,0,0,0,0,0,0,0,0,0,0,0,0,0,0,0,0,0,0,0,0,0,0,0,0,0,0,0,0,0,0,0,0,0,0,0,0,0,0,0,0,0,0,0,0,0,0,0,0,0,0,0,0,0,0,0,0,0,0,0,0,0,0,0,0,0,0,0,0,0,0,0,0,0,0,0,0,0,0,0,0,0,0,0,0,0,0,0,0,0,0,0,0,0,0,0,0,0,0,0,0,0,0,0,0,0,0,0,0,0,0,0,0,0,0,0,0,0,0,0,0,0,0,0,0,0,0,0,0,0,0,0
0,0,0,0,0,0,0,0,0,0,0,0,0,0,0,0,0,0,0,0,0,0,0,0,0,0,0,0,0,0,0,0,0,0,0,0,0,0,0,0,0,0,1,0,0,0,0,0,0,0,0,0,0,0,0,0,0,0,0,0,0,0,0,0,0,0,0,0,0,0,0,0,0,0,0,0,0,0,0,0,0,0,0,0,0,0,0,0,0,0,0,0,0,0,0,0,0,0,0,0,0,0,0,0,0,0,0,0,0,0,0,0,0,0,0,0,0,0,0,0,0,0,0,0,0,0,0,0,0,0,0,0,0,0,0,0,0,0,0,0,0,0,0,0,0,0,0,0,0,0,0,0,0,0,0,0,0,0,0,0,0,0,0,0,0,0,0,0,0,0,0,0,0,0,0,0,0,0,0,0,0,0,0,0,0,0,0,0,0,0,0,0,0,0,0,0,0,0,0,0,0,0,0,0,0,0,0,0,0,0,0,0,0,0,0,0,0,0,0,0,0,0,0,0,0,0,0,0,0,0,0,0,0,0,0,0,0,0,0,0,0,0,0,0,0,0,0,0,0,0,0,0,0,0,0,0,0,0,0,0,0,0,0,0,0,0,0,0,0,0,0,0,0,0,0,0,0,0,0,0,0,0,0,0,0,0,0,0,0,0,0,0,0,0,0,0,0,0,0,0,0,0,0,0,0,0,0,0,0,0,0,0,0,0,0,0,0,0,0,0,0,0,0,0,0,0,0,0,0,0,0,0,0,0,0,0,0,0,0,0,0,0,0,0,0,0,0,0,0,0,0,0,0,0,0,0,0,0,0,0,0,0,0,0,0,0,0,0,0,0,0,0,0,0,0,0,0,0,0,0,0,0,0,0,0,0,0,0,0,0,0,0,0,0,0,0,0,0,0,0,0,0,0,0,0,0,0,0,0
0,0.0613432731147329,0,0.0476199206365212,0.115768709113422,0.0384622300306098,0.0476199206365212,0.0613432731147329,0,0,0,0.0476199206365212,0.171902619932726,0.0476199206365212,0,0.0613432731147329,0.0613432731147329,0.0384622300306098,0.0823790970344355,0.0280132767810044,0.0476199206365212,0.0476199206365212,0,0.0613432731147329,0.0476199206365212,0.0322586368373393,0.0322586368373393,0.0384622300306098,0,0,0,0,0.115768709113422,0.0280132767810044,0.0280132767810044,0.0476199206365212,0,0,0.0476199206365212,0.0613432731147329,0,0,0,1,0,0,0.046024045266946,0,0,0.0322586368373393,0,0,0.0384622300306098,0,0.0476199206365212,0,0,0,0.0613432731147329,0,0,0.0476199206365212,0.115768709113422,0,0,0.0476199206365212,0.0476199206365212,0.0476199206365212,0.0250877674831517,0.023062117726601,0.0613432731147329,0.0476199206365212,0,0,0,0.0367574589715877,0.0613432731147329,0.148976520421494,0,0.115648378688694,0,0,0.115648378688694,0,0.115648378688694,0.0250877674831517,0.0476199206365212,0,0.0384622300306098,0,0.115768709113422,0.115648378688694,0,0,0,0,0.0476199206365212,0,0,0,0,0,0,0.0322586368373393,0.0250877674831517,0.0280132767810044,0,0.0470411711002957,0,0.0250877674831517,0,0,0,0,0,0.023062117726601,0,0.0476199206365212,0.0384622300306098,0.0384622300306098,0.0384622300306098,0,0.0384622300306098,0.0823790970344355,0,0,0,0,0,0,0.0322586368373393,0,0.115768709113422,0.0613432731147329,0,0.0384622300306098,0,0.212831890191799,0.0613432731147329,0.0476199206365212,0.0476199206365212,0.0476199206365212,0,0,0.0384622300306098,0.0322586368373393,0.0476199206365212,0,0.0476199206365212,0.0613432731147329,0.0476199206365212,0.0322586368373393,0,0.115768709113422,0.0384622300306098,0.0250877674831517,0.0322586368373393,0.0476199206365212,0.0322586368373393,0,0,0.0384622300306098,0.0384622300306098,0,0.0384622300306098,0,0,0,0,0.0476199206365212,0.0476199206365212,0,0.0384622300306098,0.0613432731147329,0.0476199206365212,0,0.0384622300306098,0,0.0384622300306098,0.0476199206365212,0.115768709113422,0,0,0,0,0,0.0322586368373393,0.0476199206365212,0,0.0476199206365212,0.0384622300306098,0,0,0,0.148976520421494,0,0,0,0,0,0,0.148976520421494,0.0476199206365212,0.148976520421494,0.148976520421494,0.148976520421494,0,0.673076438978573,0,0,0,0.0476199206365212,0,0,0,0,0,0,0.0322586368373393,0.0321989129729743,0,0.0476199206365212,0,0.0476199206365212,0.0322586368373393,0,0.148976520421494,0,0,0.0384622300306098,0.212831890191799,0.0613432731147329,0,0,0.0298195175153452,0,0.0476199206365212,0,0,0.0280132767810044,0,0.0476199206365212,0,0,0.0298195175153452,0.0216548926727131,0.0280132767810044,0.0280132767810044,0.0280132767810044,0.0250877674831517,0.0476199206365212,0,0,0,0,0,0,0.0322586368373393,0,0,0,0,0,0.0384622300306098,0,0.0384622300306098,0.0476199206365212,0,0.0384622300306098,0.0322586368373393,0.0384622300306098,0,0.0384622300306098,0,0.0280132767810044,0,0,0.0322586368373393,0.0321989129729743,0.0367574589715877,0,0,0.0384622300306098,0,0,0.212831890191799,0.114242844100718,0,0.0322586368373393,0.0322586368373393,0,0,0,0,0,0,0,0,0,0.0613432731147329,0,0,0,0.0280132767810044,0,0,0.0476199206365212,0,0.0280132767810044,0,0.0384622300306098,0,0,0,0,0,0,0,0,0,0.0322586368373393,0.0470411711002957,0,0,0,0,0,0,0.0322586368373393,0.0384622300306098,0,0.0280132767810044,0.212831890191799,0,0.0250877674831517,0,0,0,0,0,0,0.0322586368373393,0,0,0,0,0,0.0476199206365212,0,0,0.0280132767810044,0,0.0384622300306098,0,0,0,0.0470411711002957,0,0,0,0,0.0823790970344355,0,0.115648378688694,0,0.0280132767810044,0,0.0476199206365212,0.0280132767810044,0,0,0.0322586368373393,0.0384622300306098,0,0,0.0476199206365212,0,0,0.0476199206365212,0.0384622300306098,0,0.0322586368373393,0.0476199206365212,0,0,0,0,0,0,0,0,0,0,0,0,0,0,0,0,0.0280132767810044,0.0476199206365212,0.0476199206365212,0.0470411711002957,0,0.0476199206365212,0,0,0,0
0,0,0,0,0,0,0,0,0,0,0,0,0,0,0,0,0,0,0,0,0,0,0,0,0,0,0,0,0,0,0,0,0,0,0,0,0,0,0,0,0,0,0,0,1,0,0,0,0,0,0,0,0,0,0,0,0,0,0,0,0,0,0,0,0,0,0,0,0,0,0,0,0,0,0,0,0,0,0,0,0,0,0,0,0,0,0,0,0,0,0,0,0,0,0,0,0,0,0,0,0,0,0,0,0,0,0,0,0,0,0,0,0,0,0,0,0,0,0,0,0,0,0,0,0,0,0,0,0,0,0,0,0,0,0,0,0,0,0,0,0,0,0,0,0,0,0,0,0,0,0,0,0,0,0,0,0,0,0,0,0,0,0,0,0,0,0,0,0,0,0,0,0,0,0,0,0,0,0,0,0,0,0,0,0,0,0,0,0,0,0,0,0,0,0,0,0,0,0,0,0,0,0,0,0,0,0,0,0,0,0,0,0,0,0,0,0,0,0,0,0,0,0,0,0,0,0,0,0,0,0,0,0,0,0,0,0,0,0,0,0,0,0,0,0,0,0,0,0,0,0,0,0,0,0,0,0,0,0,0,0,0,0,0,0,0,0,0,0,0,0,0,0,0,0,0,0,0,0,0,0,0,0,0,0,0,0,0,0,0,0,0,0,0,0,0,0,0,0,0,0,0,0,0,0,0,0,0,0,0,0,0,0,0,0,0,0,0,0,0,0,0,0,0,0,0,0,0,0,0,0,0,0,0,0,0,0,0,0,0,0,0,0,0,0,0,0,0,0,0,0,0,0,0,0,0,0,0,0,0,0,0,0,0,0,0,0,0,0,0,0,0,0,0,0,0,0,0,0,0,0,0,0,0,0,0,0,0,0,0,0,0,0,0,0,0,0,0,0,0,0,0,0,0,0,0,0,0,0
0,0,0,0,0,0,0,0,0,0,0,0,0,0,0,0,0,0,0,0,0,0,0,0,0,0,0,0,0,0,0,0,0,0,0,0,0,0,0,0,0,0,0,0,0,1,0,0,0,0,0,0,0,0,0,0,0,0,0,0,0,0,0,0,0,0,0,0,0,0,0,0,0,0,0,0,0,0,0,0,0,0,0,0,0,0,0,0,0,0,0,0,0,0,0,0,0,0,0,0,0,0,0,0,0,0,0,0,0,0,0,0,0,0,0,0,0,0,0,0,0,0,0,0,0,0,0,0,0,0,0,0,0,0,0,0,0,0,0,0,0,0,0,0,0,0,0,0,0,0,0,0,0,0,0,0,0,0,0,0,0,0,0,0,0,0,0,0,0,0,0,0,0,0,0,0,0,0,0,0,0,0,0,0,0,0,0,0,0,0,0,0,0,0,0,0,0,0,0,0,0,0,0,0,0,0,0,0,0,0,0,0,0,0,0,0,0,0,0,0,0,0,0,0,0,0,0,0,0,0,0,0,0,0,0,0,0,0,0,0,0,0,0,0,0,0,0,0,0,0,0,0,0,0,0,0,0,0,0,0,0,0,0,0,0,0,0,0,0,0,0,0,0,0,0,0,0,0,0,0,0,0,0,0,0,0,0,0,0,0,0,0,0,0,0,0,0,0,0,0,0,0,0,0,0,0,0,0,0,0,0,0,0,0,0,0,0,0,0,0,0,0,0,0,0,0,0,0,0,0,0,0,0,0,0,0,0,0,0,0,0,0,0,0,0,0,0,0,0,0,0,0,0,0,0,0,0,0,0,0,0,0,0,0,0,0,0,0,0,0,0,0,0,0,0,0,0,0,0,0,0,0,0,0,0,0,0,0,0,0,0,0,0,0,0,0,0,0,0,0,0,0,0,0,0,0,0,0,0
0,0.369204406887866,0,0.0533176407887724,0.105746154191537,0.0892681146452845,0.0533176407887724,0.155755625807193,0,0,0,0.106635281577545,0.046024045266946,0.106635281577545,0,0.155755625807193,0.132392281936114,0.0892681146452845,0.171260350449204,0.0376272683247983,0.0533176407887724,0.0533176407887724,0,0.132392281936114,0.0533176407887724,0.0410485172746393,0.0410485172746393,0.046024045266946,0,0,0,0,0.105746154191537,0.179069247970045,0.179069247970045,0.106635281577545,0,0,0.106635281577545,0.132392281936114,0,0,0,0.046024045266946,0,0,1,0,0,0.0774206211888767,0,0,0.239298559427275,0,0.0533176407887724,0,0,0,0.0641346694500205,0,0,0.106635281577545,0.105746154191537,0,0,0.0533176407887724,0.106635281577545,0.129485699058447,0.10418452955258,0.0970369564522621,0.0641346694500205,0.106635281577545,0,0,0,0.362987270563629,0.155755625807193,0.0641346694500205,0,0.0533176407887724,0,0,0.0533176407887724,0,0.0533176407887724,0.0352619034804085,0.106635281577545,0,0.0892681146452845,0,0.105746154191537,0.0533176407887724,0,0,0,0,0.0533176407887724,0,0,0,0,0,0,0.0774206211888767,0.0352619034804085,0.0376272683247983,0,0.107043163036001,0,0.10418452955258,0,0,0,0,0,0.0970369564522621,0,0.291614851661041,0.0892681146452845,0.0892681146452845,0.15104535661434,0,0.0892681146452845,0.195397715277615,0,0,0,0,0,0,0.0774206211888767,0,0.105746154191537,0.286642706317439,0,0.545483140615012,0,0.0533176407887724,0.0641346694500205,0.106635281577545,0.0533176407887724,0.0533176407887724,0,0,0.046024045266946,0.0774206211888767,0.106635281577545,0,0.0533176407887724,0.286642706317439,0.106635281577545,0.0410485172746393,0,0.105746154191537,0.0892681146452845,0.0352619034804085,0.0774206211888767,0.106635281577545,0.0410485172746393,0,0,0.0892681146452845,0.239298559427275,0,0.15104535661434,0,0,0,0,0.106635281577545,0.106635281577545,0,0.046024045266946,0.132392281936114,0.106635281577545,0,0.0892681146452845,0,0.0892681146452845,0.106635281577545,0.105746154191537,0,0,0,0,0,0.203609553136231,0.129485699058447,0,0.0533176407887724,0.046024045266946,0,0,0,0.0641346694500205,0,0,0,0,0,0,0.0641346694500205,0.0533176407887724,0.0641346694500205,0.0641346694500205,0.0641346694500205,0,0.046024045266946,0,0,0,0.106635281577545,0,0,0,0,0,0,0.0410485172746393,0.0774162791421573,0,0.106635281577545,0,0.106635281577545,0.0410485172746393,0,0.0641346694500205,0,0,0.0892681146452845,0.0533176407887724,0.132392281936114,0,0,0.19485147423752,0,0.106635281577545,0,0,0.0376272683247983,0,0.106635281577545,0,0,0.122990336772088,0.0324782079771933,0.0376272683247983,0.0376272683247983,0.179069247970045,0.162102702722471,0.106635281577545,0,0,0,0,0,0,0.0410485172746393,0,0,0,0,0,0.0892681146452845,0,0.0892681146452845,0.106635281577545,0,0.0892681146452845,0.0774206211888767,0.0892681146452845,0,0.046024045266946,0,0.0376272683247983,0,0,0.0410485172746393,0.0774162791421573,0.0865818037575277,0,0,0.0892681146452845,0,0,0.0533176407887724,0.0959314160080428,0,0.203609553136231,0.203609553136231,0,0,0,0,0,0,0,0,0,0.132392281936114,0,0,0,0.179069247970045,0,0,0.106635281577545,0,0.0692741039531869,0,0.0892681146452845,0,0,0,0,0,0,0,0,0,0.0410485172746393,0.107043163036001,0,0,0,0,0,0,0.0774206211888767,0.046024045266946,0,0.0376272683247983,0.0533176407887724,0,0.10418452955258,0,0,0,0,0,0,0.0774206211888767,0,0,0,0,0,0.106635281577545,0,0,0.0692741039531869,0,0.239298559427275,0,0,0,0.107043163036001,0,0,0,0,0.195397715277615,0,0.0533176407887724,0,0.179069247970045,0,0.0533176407887724,0.179069247970045,0,0,0.0774206211888767,0.0892681146452845,0,0,0.106635281577545,0,0,0.129485699058447,0.239298559427275,0,0.203609553136231,0.106635281577545,0,0,0,0,0,0,0,0,0,0,0,0,0,0,0,0,0.0376272683247983,0.0533176407887724,0.106635281577545,0.107043163036001,0,0.106635281577545,0,0,0,0
0,0,0,0,0,0,0,0,0,0,0,0,0,0,0,0,0,0,0,0,0,0,0,0,0,0,0,0,0,0,0,0,0,0,0,0,0,0,0,0,0,0,0,0,0,0,0,1,0,0,0,0,0,0,0,0,0,0,0,0,0,0,0,0,0,0,0,0,0,0,0,0,0,0,0,0,0,0,0,0,0,0,0,0,0,0,0,0,0,0,0,0,0,0,0,0,0,0,0,0,0,0,0,0,0,0,0,0,0,0,0,0,0,0,0,0,0,0,0,0,0,0,0,0,0,0,0,0,0,0,0,0,0,0,0,0,0,0,0,0,0,0,0,0,0,0,0,0,0,0,0,0,0,0,0,0,0,0,0,0,0,0,0,0,0,0,0,0,0,0,0,0,0,0,0,0,0,0,0,0,0,0,0,0,0,0,0,0,0,0,0,0,0,0,0,0,0,0,0,0,0,0,0,0,0,0,0,0,0,0,0,0,0,0,0,0,0,0,0,0,0,0,0,0,0,0,0,0,0,0,0,0,0,0,0,0,0,0,0,0,0,0,0,0,0,0,0,0,0,0,0,0,0,0,0,0,0,0,0,0,0,0,0,0,0,0,0,0,0,0,0,0,0,0,0,0,0,0,0,0,0,0,0,0,0,0,0,0,0,0,0,0,0,0,0,0,0,0,0,0,0,0,0,0,0,0,0,0,0,0,0,0,0,0,0,0,0,0,0,0,0,0,0,0,0,0,0,0,0,0,0,0,0,0,0,0,0,0,0,0,0,0,0,0,0,0,0,0,0,0,0,0,0,0,0,0,0,0,0,0,0,0,0,0,0,0,0,0,0,0,0,0,0,0,0,0,0,0,0,0,0,0,0,0,0,0,0,0,0,0,0,0,0,0,0,0,0,0,0,0,0,0,0,0,0,0,0,0,0
0,0,0,0,0,0,0,0,0,0,0,0,0,0,0,0,0,0,0,0,0,0,0,0,0,0,0,0,0,0,0,0,0,0,0,0,0,0,0,0,0,0,0,0,0,0,0,0,1,0,0,0,0,0,0,0,0,0,0,0,0,0,0,0,0,0,0,0,0,0,0,0,0,0,0,0,0,0,0,0,0,0,0,0,0,0,0,0,0,0,0,0,0,0,0,0,0,0,0,0,0,0,0,0,0,0,0,0,0,0,0,0,0,0,0,0,0,0,0,0,0,0,0,0,0,0,0,0,0,0,0,0,0,0,0,0,0,0,0,0,0,0,0,0,0,0,0,0,0,0,0,0,0,0,0,0,0,0,0,0,0,0,0,0,0,0,0,0,0,0,0,0,0,0,0,0,0,0,0,0,0,0,0,0,0,0,0,0,0,0,0,0,0,0,0,0,0,0,0,0,0,0,0,0,0,0,0,0,0,0,0,0,0,0,0,0,0,0,0,0,0,0,0,0,0,0,0,0,0,0,0,0,0,0,0,0,0,0,0,0,0,0,0,0,0,0,0,0,0,0,0,0,0,0,0,0,0,0,0,0,0,0,0,0,0,0,0,0,0,0,0,0,0,0,0,0,0,0,0,0,0,0,0,0,0,0,0,0,0,0,0,0,0,0,0,0,0,0,0,0,0,0,0,0,0,0,0,0,0,0,0,0,0,0,0,0,0,0,0,0,0,0,0,0,0,0,0,0,0,0,0,0,0,0,0,0,0,0,0,0,0,0,0,0,0,0,0,0,0,0,0,0,0,0,0,0,0,0,0,0,0,0,0,0,0,0,0,0,0,0,0,0,0,0,0,0,0,0,0,0,0,0,0,0,0,0,0,0,0,0,0,0,0,0,0,0,0,0,0,0,0,0,0,0,0,0,0,0,0
0,0.132409048462471,0,0.041172338956928,0.107359912685637,0.078342403747824,0.041172338956928,0.0545213728963117,0,0,0,0.0999899660382537,0.0322586368373393,0.0999899660382537,0,0.0545213728963117,0.132409048462471,0.078342403747824,0.182053533683929,0.0220824020542819,0.041172338956928,0.041172338956928,0,0.132409048462471,0.041172338956928,0.0262176875118606,0.0262176875118606,0.0322586368373393,0,0,0,0,0.107359912685637,0.053628690703256,0.053628690703256,0.0999899660382537,0,0,0.0999899660382537,0.132409048462471,0,0,0,0.0322586368373393,0,0,0.0774206211888767,0,0,1,0,0,0.078342403747824,0,0.041172338956928,0,0,0,0.0545213728963117,0,0,0.0999899660382537,0.107359912685637,0,0,0.041172338956928,0.0999899660382537,0.041172338956928,0.0467066854134993,0.04191314957563,0.0545213728963117,0.0999899660382537,0,0,0,0.0774206211888767,0.0545213728963117,0.0545213728963117,0,0.041172338956928,0,0,0.041172338956928,0,0.041172338956928,0.0192321645820291,0.0999899660382537,0,0.078342403747824,0,0.107359912685637,0.041172338956928,0,0,0,0,0.041172338956928,0,0,0,0,0,0,0.302808285044318,0.0192321645820291,0.0220824020542819,0,0.309764233772802,0,0.0467066854134993,0,0,0,0,0,0.04191314957563,0,0.0999899660382537,0.078342403747824,0.078342403747824,0.078342403747824,0,0.144176356477088,0.074963219752206,0,0,0,0,0,0,0.458800951860886,0,0.107359912685637,0.0545213728963117,0,0.078342403747824,0,0.041172338956928,0.0545213728963117,0.0999899660382537,0.041172338956928,0.041172338956928,0,0,0.0322586368373393,0.0636715268145186,0.0999899660382537,0,0.041172338956928,0.0545213728963117,0.0999899660382537,0.0262176875118606,0,0.107359912685637,0.078342403747824,0.0192321645820291,0.0636715268145186,0.0999899660382537,0.0262176875118606,0,0,0.078342403747824,0.078342403747824,0,0.078342403747824,0,0,0,0,0.0999899660382537,0.0999899660382537,0,0.0322586368373393,0.132409048462471,0.0999899660382537,0,0.078342403747824,0,0.078342403747824,0.0999899660382537,0.107359912685637,0,0,0,0,0,0.0636715268145186,0.041172338956928,0,0.041172338956928,0.0322586368373393,0,0,0,0.0545213728963117,0,0,0,0,0,0,0.0545213728963117,0.041172338956928,0.0545213728963117,0.0545213728963117,0.0545213728963117,0,0.0322586368373393,0,0,0,0.0999899660382537,0,0,0,0,0,0,0.0262176875118606,0.0657270373610538,0,0.0999899660382537,0,0.0999899660382537,0.0262176875118606,0,0.0545213728963117,0,0,0.078342403747824,0.041172338956928,0.132409048462471,0,0,0.0609201902754844,0,0.0999899660382537,0,0,0.0220824020542819,0,0.0999899660382537,0,0,0.0609201902754844,0.0158870107303694,0.0220824020542819,0.0220824020542819,0.053628690703256,0.0467066854134993,0.0999899660382537,0,0,0,0,0,0,0.0262176875118606,0,0,0,0,0,0.078342403747824,0,0.078342403747824,0.0999899660382537,0,0.564515588188714,0.0636715268145186,0.078342403747824,0,0.0322586368373393,0,0.0220824020542819,0,0,0.0262176875118606,0.0657270373610538,0.0774206211888767,0,0,0.564515588188714,0,0,0.041172338956928,0.0884831883993457,0,0.0636715268145186,0.0636715268145186,0,0,0,0,0,0,0,0,0,0.132409048462471,0,0,0,0.053628690703256,0,0,0.0999899660382537,0,0.0986948173446475,0,0.564515588188714,0,0,0,0,0,0,0,0,0,0.0262176875118606,0.101868774864881,0,0,0,0,0,0,0.0636715268145186,0.0322586368373393,0,0.0220824020542819,0.041172338956928,0,0.0467066854134993,0,0,0,0,0,0,0.458800951860886,0,0,0,0,0,0.0999899660382537,0,0,0.255046685284169,0,0.078342403747824,0,0,0,0.309764233772802,0,0,0,0,0.074963219752206,0,0.041172338956928,0,0.053628690703256,0,0.041172338956928,0.053628690703256,0,0,0.0636715268145186,0.078342403747824,0,0,0.0999899660382537,0,0,0.041172338956928,0.078342403747824,0,0.0636715268145186,0.0999899660382537,0,0,0,0,0,0,0,0,0,0,0,0,0,0,0,0,0.0220824020542819,0.041172338956928,0.0999899660382537,0.309764233772802,0,0.0999899660382537,0,0,0,0
0,0,0,0,0,0,0,0,0,0,0,0,0,0,0,0,0,0,0,0,0,0,0,0,0,0,0,0,0,0,0,0,0,0,0,0,0,0,0,0,0,0,0,0,0,0,0,0,0,0,1,0,0,0,0,0,0,0,0,0,0,0,0,0,0,0,0,0,0,0,0,0,0,0,0,0,0,0,0,0,0,0,0,0,0,0,0,0,0,0,0,0,0,0,0,0,0,0,0,0,0,0,0,0,0,0,0,0,0,0,0,0,0,0,0,0,0,0,0,0,0,0,0,0,0,0,0,0,0,0,0,0,0,0,0,0,0,0,0,0,0,0,0,0,0,0,0,0,0,0,0,0,0,0,0,0,0,0,0,0,0,0,0,0,0,0,0,0,0,0,0,0,0,0,0,0,0,0,0,0,0,0,0,0,0,0,0,0,0,0,0,0,0,0,0,0,0,0,0,0,0,0,0,0,0,0,0,0,0,0,0,0,0,0,0,0,0,0,0,0,0,0,0,0,0,0,0,0,0,0,0,0,0,0,0,0,0,0,0,0,0,0,0,0,0,0,0,0,0,0,0,0,0,0,0,0,0,0,0,0,0,0,0,0,0,0,0,0,0,0,0,0,0,0,0,0,0,0,0,0,0,0,0,0,0,0,0,0,0,0,0,0,0,0,0,0,0,0,0,0,0,0,0,0,0,0,0,0,0,0,0,0,0,0,0,0,0,0,0,0,0,0,0,0,0,0,0,0,0,0,0,0,0,0,0,0,0,0,0,0,0,0,0,0,0,0,0,0,0,0,0,0,0,0,0,0,0,0,0,0,0,0,0,0,0,0,0,0,0,0,0,0,0,0,0,0,0,0,0,0,0,0,0,0,0,0,0,0,0,0,0,0,0,0,0,0,0,0,0,0,0,0,0,0,0,0,0,0,0
0,0,0,0,0,0,0,0,0,0,0,0,0,0,0,0,0,0,0,0,0,0,0,0,0,0,0,0,0,0,0,0,0,0,0,0,0,0,0,0,0,0,0,0,0,0,0,0,0,0,0,1,0,0,0,0,0,0,0,0,0,0,0,0,0,0,0,0,0,0,0,0,0,0,0,0,0,0,0,0,0,0,0,0,0,0,0,0,0,0,0,0,0,0,0,0,0,0,0,0,0,0,0,0,0,0,0,0,0,0,0,0,0,0,0,0,0,0,0,0,0,0,0,0,0,0,0,0,0,0,0,0,0,0,0,0,0,0,0,0,0,0,0,0,0,0,0,0,0,0,0,0,0,0,0,0,0,0,0,0,0,0,0,0,0,0,0,0,0,0,0,0,0,0,0,0,0,0,0,0,0,0,0,0,0,0,0,0,0,0,0,0,0,0,0,0,0,0,0,0,0,0,0,0,0,0,0,0,0,0,0,0,0,0,0,0,0,0,0,0,0,0,0,0,0,0,0,0,0,0,0,0,0,0,0,0,0,0,0,0,0,0,0,0,0,0,0,0,0,0,0,0,0,0,0,0,0,0,0,0,0,0,0,0,0,0,0,0,0,0,0,0,0,0,0,0,0,0,0,0,0,0,0,0,0,0,0,0,0,0,0,0,0,0,0,0,0,0,0,0,0,0,0,0,0,0,0,0,0,0,0,0,0,0,0,0,0,0,0,0,0,0,0,0,0,0,0,0,0,0,0,0,0,0,0,0,0,0,0,0,0,0,0,0,0,0,0,0,0,0,0,0,0,0,0,0,0,0,0,0,0,0,0,0,0,0,0,0,0,0,0,0,0,0,0,0,0,0,0,0,0,0,0,0,0,0,0,0,0,0,0,0,0,0,0,0,0,0,0,0,0,0,0,0,0,0,0,0,0
0,0.453010235567401,0,0.0476199206365212,0.115768709113422,0.093408272931481,0.0476199206365212,0.0613432731147329,0,0,0,0.115648378688694,0.0384622300306098,0.115648378688694,0,0.0613432731147329,0.148976520421494,0.093408272931481,0.200063521369343,0.0280132767810044,0.0476199206365212,0.0476199206365212,0,0.148976520421494,0.0476199206365212,0.0322586368373393,0.0322586368373393,0.0384622300306098,0,0,0,0,0.115768709113422,0.490223176474009,0.490223176474009,0.115648378688694,0,0,0.115648378688694,0.148976520421494,0,0,0,0.0384622300306098,0,0,0.239298559427275,0,0,0.078342403747824,0,0,1,0,0.0476199206365212,0,0,0,0.0613432731147329,0,0,0.115648378688694,0.115768709113422,0,0,0.0476199206365212,0.115648378688694,0.0476199206365212,0.112126960792045,0.103073546573992,0.0613432731147329,0.115648378688694,0,0,0,0.271447940451988,0.0613432731147329,0.0613432731147329,0,0.0476199206365212,0,0,0.0476199206365212,0,0.0476199206365212,0.0250877674831517,0.115648378688694,0,0.093408272931481,0,0.115768709113422,0.0476199206365212,0,0,0,0,0.0476199206365212,0,0,0,0,0,0,0.078342403747824,0.0250877674831517,0.0280132767810044,0,0.114242844100718,0,0.112126960792045,0,0,0,0,0,0.103073546573992,0,0.549999174998487,0.093408272931481,0.093408272931481,0.171902619932726,0,0.093408272931481,0.0823790970344355,0,0,0,0,0,0,0.078342403747824,0,0.115768709113422,0.0613432731147329,0,0.284037401363075,0,0.0476199206365212,0.0613432731147329,0.115648378688694,0.0476199206365212,0.0476199206365212,0,0,0.0384622300306098,0.078342403747824,0.115648378688694,0,0.0476199206365212,0.0613432731147329,0.115648378688694,0.0322586368373393,0,0.115768709113422,0.093408272931481,0.0250877674831517,0.078342403747824,0.115648378688694,0.0322586368373393,0,0,0.093408272931481,0.444229946263574,0,0.171902619932726,0,0,0,0,0.115648378688694,0.115648378688694,0,0.0384622300306098,0.148976520421494,0.115648378688694,0,0.093408272931481,0,0.093408272931481,0.115648378688694,0.115768709113422,0,0,0,0,0,0.372579865945962,0.0476199206365212,0,0.0476199206365212,0.0384622300306098,0,0,0,0.0613432731147329,0,0,0,0,0,0,0.0613432731147329,0.0476199206365212,0.0613432731147329,0.0613432731147329,0.0613432731147329,0,0.0384622300306098,0,0,0,0.115648378688694,0,0,0,0,0,0,0.0322586368373393,0.0781973600772233,0,0.115648378688694,0,0.115648378688694,0.0322586368373393,0,0.0613432731147329,0,0,0.093408272931481,0.0476199206365212,0.148976520421494,0,0,0.34440859650897,0,0.115648378688694,0,0,0.0280132767810044,0,0.115648378688694,0,0,0.133274986446135,0.0216548926727131,0.0280132767810044,0.0280132767810044,0.490223176474009,0.439027721118709,0.115648378688694,0,0,0,0,0,0,0.0322586368373393,0,0,0,0,0,0.093408272931481,0,0.093408272931481,0.115648378688694,0,0.093408272931481,0.078342403747824,0.093408272931481,0,0.0384622300306098,0,0.0280132767810044,0,0,0.0322586368373393,0.0781973600772233,0.0892681146452845,0,0,0.093408272931481,0,0,0.0476199206365212,0.100712305912714,0,0.372579865945962,0.372579865945962,0,0,0,0,0,0,0,0,0,0.148976520421494,0,0,0,0.490223176474009,0,0,0.115648378688694,0,0.0680322436110106,0,0.093408272931481,0,0,0,0,0,0,0,0,0,0.0322586368373393,0.114242844100718,0,0,0,0,0,0,0.078342403747824,0.0384622300306098,0,0.0280132767810044,0.0476199206365212,0,0.112126960792045,0,0,0,0,0,0,0.078342403747824,0,0,0,0,0,0.115648378688694,0,0,0.0680322436110106,0,0.673076438978573,0,0,0,0.114242844100718,0,0,0,0,0.0823790970344355,0,0.0476199206365212,0,0.490223176474009,0,0.0476199206365212,0.323546929785103,0,0,0.078342403747824,0.093408272931481,0,0,0.115648378688694,0,0,0.0476199206365212,0.444229946263574,0,0.372579865945962,0.115648378688694,0,0,0,0,0,0,0,0,0,0,0,0,0,0,0,0,0.0280132767810044,0.0476199206365212,0.115648378688694,0.114242844100718,0,0.115648378688694,0,0,0,0
0,0,0,0,0,0,0,0,0,0,0,0,0,0,0,0,0,0,0,0,0,0,0,0,0,0,0,0,0,0,0,0,0,0,0,0,0,0,0,0,0,0,0,0,0,0,0,0,0,0,0,0,0,1,0,0,0,0,0,0,0,0,0,0,0,0,0,0,0,0,0,0,0,0,0,0,0,0,0,0,0,0,0,0,0,0,0,0,0,0,0,0,0,0,0,0,0,0,0,0,0,0,0,0,0,0,0,0,0,0,0,0,0,0,0,0,0,0,0,0,0,0,0,0,0,0,0,0,0,0,0,0,0,0,0,0,0,0,0,0,0,0,0,0,0,0,0,0,0,0,0,0,0,0,0,0,0,0,0,0,0,0,0,0,0,0,0,0,0,0,0,0,0,0,0,0,0,0,0,0,0,0,0,0,0,0,0,0,0,0,0,0,0,0,0,0,0,0,0,0,0,0,0,0,0,0,0,0,0,0,0,0,0,0,0,0,0,0,0,0,0,0,0,0,0,0,0,0,0,0,0,0,0,0,0,0,0,0,0,0,0,0,0,0,0,0,0,0,0,0,0,0,0,0,0,0,0,0,0,0,0,0,0,0,0,0,0,0,0,0,0,0,0,0,0,0,0,0,0,0,0,0,0,0,0,0,0,0,0,0,0,0,0,0,0,0,0,0,0,0,0,0,0,0,0,0,0,0,0,0,0,0,0,0,0,0,0,0,0,0,0,0,0,0,0,0,0,0,0,0,0,0,0,0,0,0,0,0,0,0,0,0,0,0,0,0,0,0,0,0,0,0,0,0,0,0,0,0,0,0,0,0,0,0,0,0,0,0,0,0,0,0,0,0,0,0,0,0,0,0,0,0,0,0,0,0,0,0,0,0,0,0,0,0,0,0,0,0,0,0,0,0,0,0,0,0,0,0,0
0,0.0714299464323527,0,0.0571439257166366,0.128249502550101,0.0476199206365212,0.0571439257166366,0.0714299464323527,0,0,0,0.0571439257166366,0.0476199206365212,0.0571439257166366,0,0.0714299464323527,0.0714299464323527,0.0476199206365212,0.0933602719681705,0.271481053610807,0.421998728397202,0.0571439257166366,0,0.0714299464323527,0.421998728397202,0.47553108355459,0.47553108355459,0.0476199206365212,0,0,0,0,0.128249502550101,0.0367619429090039,0.0367619429090039,0.0571439257166366,0,0,0.0571439257166366,0.0714299464323527,0,0,0,0.0476199206365212,0,0,0.0533176407887724,0,0,0.041172338956928,0,0,0.0476199206365212,0,1,0,0,0,0.0714299464323527,0,0,0.0571439257166366,0.128249502550101,0,0,0.659999251998354,0.0571439257166366,0.0571439257166366,0.0337236205744276,0.0316202950567523,0.319248127932352,0.0571439257166366,0,0,0,0.0439086453554596,0.0714299464323527,0.0714299464323527,0,0.0571439257166366,0,0,0.0571439257166366,0,0.0571439257166366,0.249043530364504,0.0571439257166366,0,0.0476199206365212,0,0.128249502550101,0.0571439257166366,0,0,0,0,0.0571439257166366,0,0,0,0,0,0,0.041172338956928,0.249043530364504,0.271481053610807,0,0.0545144690325174,0,0.0337236205744276,0,0,0,0,0,0.0316202950567523,0,0.0571439257166366,0.0476199206365212,0.0476199206365212,0.0476199206365212,0,0.0476199206365212,0.0933602719681705,0,0,0,0,0,0,0.041172338956928,0,0.128249502550101,0.0714299464323527,0,0.0476199206365212,0,0.0571439257166366,0.173472727049999,0.0571439257166366,0.0571439257166366,0.0571439257166366,0,0,0.351665478053376,0.041172338956928,0.0571439257166366,0,0.0571439257166366,0.0714299464323527,0.0571439257166366,0.304051121218363,0,0.128249502550101,0.0476199206365212,0.249043530364504,0.041172338956928,0.0571439257166366,0.304051121218363,0,0,0.0476199206365212,0.0476199206365212,0,0.0476199206365212,0,0,0,0,0.0571439257166366,0.0571439257166366,0,0.351665478053376,0.0714299464323527,0.0571439257166366,0,0.0476199206365212,0,0.0476199206365212,0.0571439257166366,0.128249502550101,0,0,0,0,0,0.041172338956928,0.0571439257166366,0,0.421998728397202,0.0476199206365212,0,0,0,0.0714299464323527,0,0,0,0,0,0,0.0714299464323527,0.0571439257166366,0.0714299464323527,0.0714299464323527,0.0714299464323527,0,0.0476199206365212,0,0,0,0.0571439257166366,0,0,0,0,0,0,0.184015147583005,0.0397384474440781,0,0.0571439257166366,0,0.0571439257166366,0.304051121218363,0,0.0714299464323527,0,0,0.0476199206365212,0.0571439257166366,0.0714299464323527,0,0,0.0367574589715877,0,0.0571439257166366,0,0,0.271481053610807,0,0.0571439257166366,0,0,0.0367574589715877,0.222721733769102,0.271481053610807,0.271481053610807,0.0367619429090039,0.0337236205744276,0.0571439257166366,0,0,0,0,0,0,0.304051121218363,0,0,0,0,0,0.0476199206365212,0,0.0476199206365212,0.0571439257166366,0,0.0476199206365212,0.041172338956928,0.0476199206365212,0,0.351665478053376,0,0.271481053610807,0,0,0.304051121218363,0.0397384474440781,0.0439086453554596,0,0,0.0476199206365212,0,0,0.0571439257166366,0.0545144690325174,0,0.041172338956928,0.041172338956928,0,0,0,0,0,0,0,0,0,0.0714299464323527,0,0,0,0.0367619429090039,0,0,0.0571439257166366,0,0.0367619429090039,0,0.0476199206365212,0,0,0,0,0,0,0,0,0,0.0999899660382537,0.0545144690325174,0,0,0,0,0,0,0.041172338956928,0.351665478053376,0,0.271481053610807,0.0571439257166366,0,0.0337236205744276,0,0,0,0,0,0,0.041172338956928,0,0,0,0,0,0.0571439257166366,0,0,0.0367619429090039,0,0.0476199206365212,0,0,0,0.0545144690325174,0,0,0,0,0.0933602719681705,0,0.0571439257166366,0,0.0367619429090039,0,0.659999251998354,0.0367619429090039,0,0,0.041172338956928,0.0476199206365212,0,0,0.0571439257166366,0,0,0.0571439257166366,0.0476199206365212,0,0.041172338956928,0.0571439257166366,0,0,0,0,0,0,0,0,0,0,0,0,0,0,0,0,0.271481053610807,0.421998728397202,0.0571439257166366,0.0545144690325174,0,0.0571439257166366,0,0,0,0
0,0,0,0,0,0,0,0,0,0,0,0,0,0,0,0,0,0,0,0,0,0,0,0,0,0,0,0,0,0,0,0,0,0,0,0,0,0,0,0,0,0,0,0,0,0,0,0,0,0,0,0,0,0,0,1,0,0,0,0,0,0,0,0,0,0,0,0,0,0,0,0,0,0,0,0,0,0,0,0,0,0,0,0,0,0,0,0,0,0,0,0,0,0,0,0,0,0,0,0,0,0,0,0,0,0,0,0,0,0,0,0,0,0,0,0,0,0,0,0,0,0,0,0,0,0,0,0,0,0,0,0,0,0,0,0,0,0,0,0,0,0,0,0,0,0,0,0,0,0,0,0,0,0,0,0,0,0,0,0,0,0,0,0,0,0,0,0,0,0,0,0,0,0,0,0,0,0,0,0,0,0,0,0,0,0,0,0,0,0,0,0,0,0,0,0,0,0,0,0,0,0,0,0,0,0,0,0,0,0,0,0,0,0,0,0,0,0,0,0,0,0,0,0,0,0,0,0,0,0,0,0,0,0,0,0,0,0,0,0,0,0,0,0,0,0,0,0,0,0,0,0,0,0,0,0,0,0,0,0,0,0,0,0,0,0,0,0,0,0,0,0,0,0,0,0,0,0,0,0,0,0,0,0,0,0,0,0,0,0,0,0,0,0,0,0,0,0,0,0,0,0,0,0,0,0,0,0,0,0,0,0,0,0,0,0,0,0,0,0,0,0,0,0,0,0,0,0,0,0,0,0,0,0,0,0,0,0,0,0,0,0,0,0,0,0,0,0,0,0,0,0,0,0,0,0,0,0,0,0,0,0,0,0,0,0,0,0,0,0,0,0,0,0,0,0,0,0,0,0,0,0,0,0,0,0,0,0,0,0,0,0,0,0,0,0,0,0,0,0,0,0,0,0,0,0,0,0,0
0,0,0,0,0,0,0,0,0,0,0,0,0,0,0,0,0,0,0,0,0,0,0,0,0,0,0,0,0,0,0,0,0,0,0,0,0,0,0,0,0,0,0,0,0,0,0,0,0,0,0,0,0,0,0,0,1,0,0,0,0,0,0,0,0,0,0,0,0,0,0,0,0,0,0,0,0,0,0,0,0,0,0,0,0,0,0,0,0,0,0,0,0,0,0,0,0,0,0,0,0,0,0,0,0,0,0,0,0,0,0,0,0,0,0,0,0,0,0,0,0,0,0,0,0,0,0,0,0,0,0,0,0,0,0,0,0,0,0,0,0,0,0,0,0,0,0,0,0,0,0,0,0,0,0,0,0,0,0,0,0,0,0,0,0,0,0,0,0,0,0,0,0,0,0,0,0,0,0,0,0,0,0,0,0,0,0,0,0,0,0,0,0,0,0,0,0,0,0,0,0,0,0,0,0,0,0,0,0,0,0,0,0,0,0,0,0,0,0,0,0,0,0,0,0,0,0,0,0,0,0,0,0,0,0,0,0,0,0,0,0,0,0,0,0,0,0,0,0,0,0,0,0,0,0,0,0,0,0,0,0,0,0,0,0,0,0,0,0,0,0,0,0,0,0,0,0,0,0,0,0,0,0,0,0,0,0,0,0,0,0,0,0,0,0,0,0,0,0,0,0,0,0,0,0,0,0,0,0,0,0,0,0,0,0,0,0,0,0,0,0,0,0,0,0,0,0,0,0,0,0,0,0,0,0,0,0,0,0,0,0,0,0,0,0,0,0,0,0,0,0,0,0,0,0,0,0,0,0,0,0,0,0,0,0,0,0,0,0,0,0,0,0,0,0,0,0,0,0,0,0,0,0,0,0,0,0,0,0,0,0,0,0,0,0,0,0,0,0,0,0,0,0,0,0,0,0,0,0
0,0,0,0,0,0,0,0,0,0,0,0,0,0,0,0,0,0,0,0,0,0,0,0,0,0,0,0,0,0,0,0,0,0,0,0,0,0,0,0,0,0,0,0,0,0,0,0,0,0,0,0,0,0,0,0,0,1,0,0,0,0,0,0,0,0,0,0,0,0,0,0,0,0,0,0,0,0,0,0,0,0,0,0,0,0,0,0,0,0,0,0,0,0,0,0,0,0,0,0,0,0,0,0,0,0,0,0,0,0,0,0,0,0,0,0,0,0,0,0,0,0,0,0,0,0,0,0,0,0,0,0,0,0,0,0,0,0,0,0,0,0,0,0,0,0,0,0,0,0,0,0,0,0,0,0,0,0,0,0,0,0,0,0,0,0,0,0,0,0,0,0,0,0,0,0,0,0,0,0,0,0,0,0,0,0,0,0,0,0,0,0,0,0,0,0,0,0,0,0,0,0,0,0,0,0,0,0,0,0,0,0,0,0,0,0,0,0,0,0,0,0,0,0,0,0,0,0,0,0,0,0,0,0,0,0,0,0,0,0,0,0,0,0,0,0,0,0,0,0,0,0,0,0,0,0,0,0,0,0,0,0,0,0,0,0,0,0,0,0,0,0,0,0,0,0,0,0,0,0,0,0,0,0,0,0,0,0,0,0,0,0,0,0,0,0,0,0,0,0,0,0,0,0,0,0,0,0,0,0,0,0,0,0,0,0,0,0,0,0,0,0,0,0,0,0,0,0,0,0,0,0,0,0,0,0,0,0,0,0,0,0,0,0,0,0,0,0,0,0,0,0,0,0,0,0,0,0,0,0,0,0,0,0,0,0,0,0,0,0,0,0,0,0,0,0,0,0,0,0,0,0,0,0,0,0,0,0,0,0,0,0,0,0,0,0,0,0,0,0,0,0,0,0,0,0,0,0,0
0,0.0865818037575277,0,0.319248127932352,0.147105639620399,0.0613432731147329,0.319248127932352,0.0865818037575277,0,0,0,0.0714299464323527,0.0613432731147329,0.0714299464323527,0,0.0865818037575277,0.0865818037575277,0.0613432731147329,0.109892388006257,0.0498579928542293,0.0714299464323527,0.319248127932352,0,0.0865818037575277,0.0714299464323527,0.0545213728963117,0.0545213728963117,0.0613432731147329,0,0,0,0,0.147105639620399,0.0498579928542293,0.0498579928542293,0.0714299464323527,0,0,0.0714299464323527,0.0865818037575277,0,0,0,0.0613432731147329,0,0,0.0641346694500205,0,0,0.0545213728963117,0,0,0.0613432731147329,0,0.0714299464323527,0,0,0,1,0,0,0.0714299464323527,0.147105639620399,0,0,0.0714299464323527,0.0714299464323527,0.0714299464323527,0.0466468368249435,0.0444245555713213,0.0865818037575277,0.0714299464323527,0,0,0,0.243646300369823,0.0865818037575277,0.0865818037575277,0,0.0714299464323527,0,0,0.0714299464323527,0,0.0714299464323527,0.0466468368249435,0.0714299464323527,0,0.0613432731147329,0,0.357256553363825,0.0714299464323527,0,0,0,0,0.319248127932352,0,0,0,0,0,0,0.0545213728963117,0.0466468368249435,0.0498579928542293,0,0.0656073668246963,0,0.0466468368249435,0,0,0,0,0,0.0444245555713213,0,0.0714299464323527,0.0613432731147329,0.0613432731147329,0.0613432731147329,0,0.0613432731147329,0.109892388006257,0,0,0,0,0,0,0.0545213728963117,0,0.147105639620399,0.0865818037575277,0,0.0613432731147329,0,0.0714299464323527,0.0865818037575277,0.0714299464323527,0.319248127932352,0.319248127932352,0,0,0.0613432731147329,0.0545213728963117,0.0714299464323527,0,0.0714299464323527,0.0865818037575277,0.0714299464323527,0.0545213728963117,0,0.147105639620399,0.0613432731147329,0.0466468368249435,0.0545213728963117,0.0714299464323527,0.0545213728963117,0,0,0.0613432731147329,0.0613432731147329,0,0.0613432731147329,0,0,0,0,0.0714299464323527,0.0714299464323527,0,0.0613432731147329,0.0865818037575277,0.0714299464323527,0,0.0613432731147329,0,0.0613432731147329,0.0714299464323527,0.147105639620399,0,0,0,0,0,0.0545213728963117,0.0714299464323527,0,0.0714299464323527,0.0613432731147329,0,0,0,0.0865818037575277,0,0,0,0,0,0,0.0865818037575277,0.319248127932352,0.0865818037575277,0.0865818037575277,0.0865818037575277,0,0.0613432731147329,0,0,0,0.0714299464323527,0,0,0,0,0,0,0.0545213728963117,0.0509474689183968,0,0.0714299464323527,0,0.0714299464323527,0.0545213728963117,0,0.0865818037575277,0,0,0.0613432731147329,0.0714299464323527,0.0865818037575277,0,0,0.0470411711002957,0,0.0714299464323527,0,0,0.0498579928542293,0,0.0714299464323527,0,0,0.0470411711002957,0.0428812849891,0.0498579928542293,0.0498579928542293,0.0498579928542293,0.0466468368249435,0.0714299464323527,0,0,0,0,0,0,0.0545213728963117,0,0,0,0,0,0.0613432731147329,0,0.0613432731147329,0.0714299464323527,0,0.0613432731147329,0.0545213728963117,0.0613432731147329,0,0.0613432731147329,0,0.0498579928542293,0,0,0.0545213728963117,0.0509474689183968,0.0545144690325174,0,0,0.0613432731147329,0,0,0.0714299464323527,0.0656073668246963,0,0.0545213728963117,0.0545213728963117,0,0,0,0,0,0,0,0,0,0.0865818037575277,0,0,0,0.0498579928542293,0,0,0.0714299464323527,0,0.0498579928542293,0,0.0613432731147329,0,0,0,0,0,0,0,0,0,0.0545213728963117,0.0656073668246963,0,0,0,0,0,0,0.0545213728963117,0.0613432731147329,0,0.0498579928542293,0.0714299464323527,0,0.0466468368249435,0,0,0,0,0,0,0.0545213728963117,0,0,0,0,0,0.0714299464323527,0,0,0.0498579928542293,0,0.0613432731147329,0,0,0,0.0656073668246963,0,0,0,0,0.109892388006257,0,0.0714299464323527,0,0.0498579928542293,0,0.0714299464323527,0.0498579928542293,0,0,0.0545213728963117,0.0613432731147329,0,0,0.0714299464323527,0,0,0.0714299464323527,0.0613432731147329,0,0.0545213728963117,0.0714299464323527,0,0,0,0,0,0,0,0,0,0,0,0,0,0,0,0,0.0498579928542293,0.0714299464323527,0.0714299464323527,0.0656073668246963,0,0.0714299464323527,0,0,0,0
0,0,0,0,0,0,0,0,0,0,0,0,0,0,0,0,0,0,0,0,0,0,0,0,0,0,0,0,0,0,0,0,0,0,0,0,0,0,0,0,0,0,0,0,0,0,0,0,0,0,0,0,0,0,0,0,0,0,0,1,0,0,0,0,0,0,0,0,0,0,0,0,0,0,0,0,0,0,0,0,0,0,0,0,0,0,0,0,0,0,0,0,0,0,0,0,0,0,0,0,0,0,0,0,0,0,0,0,0,0,0,0,0,0,0,0,0,0,0,0,0,0,0,0,0,0,0,0,0,0,0,0,0,0,0,0,0,0,0,0,0,0,0,0,0,0,0,0,0,0,0,0,0,0,0,0,0,0,0,0,0,0,0,0,0,0,0,0,0,0,0,0,0,0,0,0,0,0,0,0,0,0,0,0,0,0,0,0,0,0,0,0,0,0,0,0,0,0,0,0,0,0,0,0,0,0,0,0,0,0,0,0,0,0,0,0,0,0,0,0,0,0,0,0,0,0,0,0,0,0,0,0,0,0,0,0,0,0,0,0,0,0,0,0,0,0,0,0,0,0,0,0,0,0,0,0,0,0,0,0,0,0,0,0,0,0,0,0,0,0,0,0,0,0,0,0,0,0,0,0,0,0,0,0,0,0,0,0,0,0,0,0,0,0,0,0,0,0,0,0,0,0,0,0,0,0,0,0,0,0,0,0,0,0,0,0,0,0,0,0,0,0,0,0,0,0,0,0,0,0,0,0,0,0,0,0,0,0,0,0,0,0,0,0,0,0,0,0,0,0,0,0,0,0,0,0,0,0,0,0,0,0,0,0,0,0,0,0,0,0,0,0,0,0,0,0,0,0,0,0,0,0,0,0,0,0,0,0,0,0,0,0,0,0,0,0,0,0,0,0,0,0,0,0,0,0,0,0,0
0,0,0,0,0,0,0,0,0,0,0,0,0,0,0,0,0,0,0,0,0,0,0,0,0,0,0,0,0,0,0,0,0,0,0,0,0,0,0,0,0,0,0,0,0,0,0,0,0,0,0,0,0,0,0,0,0,0,0,0,1,0,0,0,0,0,0,0,0,0,0,0,0,0,0,0,0,0,0,0,0,0,0,0,0,0,0,0,0,0,0,0,0,0,0,0,0,0,0,0,0,0,0,0,0,0,0,0,0,0,0,0,0,0,0,0,0,0,0,0,0,0,0,0,0,0,0,0,0,0,0,0,0,0,0,0,0,0,0,0,0,0,0,0,0,0,0,0,0,0,0,0,0,0,0,0,0,0,0,0,0,0,0,0,0,0,0,0,0,0,0,0,0,0,0,0,0,0,0,0,0,0,0,0,0,0,0,0,0,0,0,0,0,0,0,0,0,0,0,0,0,0,0,0,0,0,0,0,0,0,0,0,0,0,0,0,0,0,0,0,0,0,0,0,0,0,0,0,0,0,0,0,0,0,0,0,0,0,0,0,0,0,0,0,0,0,0,0,0,0,0,0,0,0,0,0,0,0,0,0,0,0,0,0,0,0,0,0,0,0,0,0,0,0,0,0,0,0,0,0,0,0,0,0,0,0,0,0,0,0,0,0,0,0,0,0,0,0,0,0,0,0,0,0,0,0,0,0,0,0,0,0,0,0,0,0,0,0,0,0,0,0,0,0,0,0,0,0,0,0,0,0,0,0,0,0,0,0,0,0,0,0,0,0,0,0,0,0,0,0,0,0,0,0,0,0,0,0,0,0,0,0,0,0,0,0,0,0,0,0,0,0,0,0,0,0,0,0,0,0,0,0,0,0,0,0,0,0,0,0,0,0,0,0,0,0,0,0,0,0,0,0,0,0,0,0,0,0,0
0,0.173472727049999,0,0.0571439257166366,0.128249502550101,0.115648378688694,0.0571439257166366,0.0714299464323527,0,0,0,0.138778105311832,0.0476199206365212,0.138778105311832,0,0.0714299464323527,0.173472727049999,0.115648378688694,0.226732089065557,0.0367619429090039,0.0571439257166366,0.0571439257166366,0,0.173472727049999,0.0571439257166366,0.041172338956928,0.041172338956928,0.0476199206365212,0,0,0,0,0.128249502550101,0.0892790042075809,0.0892790042075809,0.138778105311832,0,0,0.138778105311832,0.173472727049999,0,0,0,0.0476199206365212,0,0,0.106635281577545,0,0,0.0999899660382537,0,0,0.115648378688694,0,0.0571439257166366,0,0,0,0.0714299464323527,0,0,1,0.128249502550101,0,0,0.0571439257166366,0.138778105311832,0.0571439257166366,0.0819002213950383,0.0767921451378269,0.0714299464323527,0.138778105311832,0,0,0,0.106635281577545,0.0714299464323527,0.0714299464323527,0,0.0571439257166366,0,0,0.0571439257166366,0,0.0571439257166366,0.0337236205744276,0.138778105311832,0,0.115648378688694,0,0.128249502550101,0.0571439257166366,0,0,0,0,0.0571439257166366,0,0,0,0,0,0,0.0999899660382537,0.0337236205744276,0.0367619429090039,0,0.132392281936114,0,0.0819002213950383,0,0,0,0,0,0.0767921451378269,0,0.138778105311832,0.115648378688694,0.115648378688694,0.115648378688694,0,0.115648378688694,0.0933602719681705,0,0,0,0,0,0,0.0999899660382537,0,0.128249502550101,0.0714299464323527,0,0.115648378688694,0,0.0571439257166366,0.0714299464323527,0.138778105311832,0.0571439257166366,0.0571439257166366,0,0,0.0476199206365212,0.0999899660382537,0.138778105311832,0,0.0571439257166366,0.0714299464323527,0.138778105311832,0.041172338956928,0,0.128249502550101,0.115648378688694,0.0337236205744276,0.0999899660382537,0.138778105311832,0.041172338956928,0,0,0.115648378688694,0.115648378688694,0,0.115648378688694,0,0,0,0,0.138778105311832,0.138778105311832,0,0.0476199206365212,0.173472727049999,0.138778105311832,0,0.115648378688694,0,0.115648378688694,0.138778105311832,0.128249502550101,0,0,0,0,0,0.0999899660382537,0.0571439257166366,0,0.0571439257166366,0.0476199206365212,0,0,0,0.0714299464323527,0,0,0,0,0,0,0.0714299464323527,0.0571439257166366,0.0714299464323527,0.0714299464323527,0.0714299464323527,0,0.0476199206365212,0,0,0,0.138778105311832,0,0,0,0,0,0,0.041172338956928,0.0965076580784755,0,0.659999251998354,0,0.138778105311832,0.041172338956928,0,0.0714299464323527,0,0,0.115648378688694,0.0571439257166366,0.173472727049999,0,0,0.0892681146452845,0,0.138778105311832,0,0,0.0367619429090039,0,0.138778105311832,0,0,0.0892681146452845,0.0301593188641145,0.0367619429090039,0.0367619429090039,0.0892790042075809,0.0819002213950383,0.138778105311832,0,0,0,0,0,0,0.041172338956928,0,0,0,0,0,0.115648378688694,0,0.115648378688694,0.659999251998354,0,0.115648378688694,0.0999899660382537,0.115648378688694,0,0.0476199206365212,0,0.0367619429090039,0,0,0.041172338956928,0.0965076580784755,0.106635281577545,0,0,0.115648378688694,0,0,0.0571439257166366,0.118649138482538,0,0.0999899660382537,0.0999899660382537,0,0,0,0,0,0,0,0,0,0.173472727049999,0,0,0,0.0892790042075809,0,0,0.138778105311832,0,0.0892790042075809,0,0.115648378688694,0,0,0,0,0,0,0,0,0,0.041172338956928,0.132392281936114,0,0,0,0,0,0,0.0999899660382537,0.0476199206365212,0,0.0367619429090039,0.0571439257166366,0,0.0819002213950383,0,0,0,0,0,0,0.0999899660382537,0,0,0,0,0,0.138778105311832,0,0,0.0892790042075809,0,0.115648378688694,0,0,0,0.132392281936114,0,0,0,0,0.0933602719681705,0,0.0571439257166366,0,0.0892790042075809,0,0.0571439257166366,0.0892790042075809,0,0,0.0999899660382537,0.115648378688694,0,0,0.138778105311832,0,0,0.0571439257166366,0.115648378688694,0,0.0999899660382537,0.138778105311832,0,0,0,0,0,0,0,0,0,0,0,0,0,0,0,0,0.0367619429090039,0.0571439257166366,0.138778105311832,0.132392281936114,0,0.138778105311832,0,0,0,0
0,0.147105639620399,0,0.128249502550101,0.54337899543379,0.115768709113422,0.128249502550101,0.147105639620399,0,0,0,0.128249502550101,0.115768709113422,0.128249502550101,0,0.147105639620399,0.147105639620399,0.115768709113422,0.176370950666949,0.10162667835798,0.128249502550101,0.128249502550101,0,0.147105639620399,0.128249502550101,0.107359912685637,0.107359912685637,0.115768709113422,0,0,0,0,0.54337899543379,0.10162667835798,0.10162667835798,0.128249502550101,0,0,0.128249502550101,0.147105639620399,0,0,0,0.115768709113422,0,0,0.105746154191537,0,0,0.107359912685637,0,0,0.115768709113422,0,0.128249502550101,0,0,0,0.147105639620399,0,0,0.128249502550101,1,0,0,0.128249502550101,0.128249502550101,0.128249502550101,0.0976858574475728,0.0949619587666687,0.147105639620399,0.128249502550101,0,0,0,0.0953134799189487,0.147105639620399,0.147105639620399,0,0.128249502550101,0,0,0.128249502550101,0,0.128249502550101,0.0976858574475728,0.128249502550101,0,0.115768709113422,0,0.223744292237443,0.128249502550101,0,0,0,0,0.128249502550101,0,0,0,0,0,0,0.107359912685637,0.0976858574475728,0.10162667835798,0,0.108384549152341,0,0.0976858574475728,0,0,0,0,0,0.0949619587666687,0,0.128249502550101,0.115768709113422,0.115768709113422,0.115768709113422,0,0.115768709113422,0.176370950666949,0,0,0,0,0,0,0.107359912685637,0,0.54337899543379,0.147105639620399,0,0.115768709113422,0,0.128249502550101,0.147105639620399,0.128249502550101,0.128249502550101,0.128249502550101,0,0,0.115768709113422,0.107359912685637,0.128249502550101,0,0.128249502550101,0.147105639620399,0.128249502550101,0.107359912685637,0,0.54337899543379,0.115768709113422,0.0976858574475728,0.107359912685637,0.128249502550101,0.107359912685637,0,0,0.115768709113422,0.115768709113422,0,0.115768709113422,0,0,0,0,0.128249502550101,0.128249502550101,0,0.115768709113422,0.147105639620399,0.128249502550101,0,0.115768709113422,0,0.115768709113422,0.128249502550101,0.54337899543379,0,0,0,0,0,0.107359912685637,0.128249502550101,0,0.128249502550101,0.115768709113422,0,0,0,0.147105639620399,0,0,0,0,0,0,0.147105639620399,0.128249502550101,0.147105639620399,0.147105639620399,0.147105639620399,0,0.115768709113422,0,0,0,0.128249502550101,0,0,0,0,0,0,0.107359912685637,0.0943727413365712,0,0.128249502550101,0,0.128249502550101,0.107359912685637,0,0.147105639620399,0,0,0.115768709113422,0.128249502550101,0.147105639620399,0,0,0.0865360309624762,0,0.128249502550101,0,0,0.10162667835798,0,0.128249502550101,0,0,0.0865360309624762,0.0930719467558259,0.10162667835798,0.10162667835798,0.10162667835798,0.0976858574475728,0.128249502550101,0,0,0,0,0,0,0.107359912685637,0,0,0,0,0,0.115768709113422,0,0.115768709113422,0.128249502550101,0,0.115768709113422,0.107359912685637,0.115768709113422,0,0.115768709113422,0,0.10162667835798,0,0,0.107359912685637,0.0943727413365712,0.0953134799189487,0,0,0.115768709113422,0,0,0.128249502550101,0.108384549152341,0,0.107359912685637,0.107359912685637,0,0,0,0,0,0,0,0,0,0.147105639620399,0,0,0,0.10162667835798,0,0,0.128249502550101,0,0.10162667835798,0,0.115768709113422,0,0,0,0,0,0,0,0,0,0.107359912685637,0.108384549152341,0,0,0,0,0,0,0.107359912685637,0.115768709113422,0,0.10162667835798,0.128249502550101,0,0.0976858574475728,0,0,0,0,0,0,0.107359912685637,0,0,0,0,0,0.128249502550101,0,0,0.10162667835798,0,0.115768709113422,0,0,0,0.108384549152341,0,0,0,0,0.176370950666949,0,0.128249502550101,0,0.10162667835798,0,0.128249502550101,0.10162667835798,0,0,0.107359912685637,0.115768709113422,0,0,0.128249502550101,0,0,0.128249502550101,0.115768709113422,0,0.107359912685637,0.128249502550101,0,0,0,0,0,0,0,0,0,0,0,0,0,0,0,0,0.10162667835798,0.128249502550101,0.128249502550101,0.108384549152341,0,0.128249502550101,0,0,0,0
0,0,0,0,0,0,0,0,0,0,0,0,0,0,0,0,0,0,0,0,0,0,0,0,0,0,0,0,0,0,0,0,0,0,0,0,0,0,0,0,0,0,0,0,0,0,0,0,0,0,0,0,0,0,0,0,0,0,0,0,0,0,0,1,0,0,0,0,0,0,0,0,0,0,0,0,0,0,0,0,0,0,0,0,0,0,0,0,0,0,0,0,0,0,0,0,0,0,0,0,0,0,0,0,0,0,0,0,0,0,0,0,0,0,0,0,0,0,0,0,0,0,0,0,0,0,0,0,0,0,0,0,0,0,0,0,0,0,0,0,0,0,0,0,0,0,0,0,0,0,0,0,0,0,0,0,0,0,0,0,0,0,0,0,0,0,0,0,0,0,0,0,0,0,0,0,0,0,0,0,0,0,0,0,0,0,0,0,0,0,0,0,0,0,0,0,0,0,0,0,0,0,0,0,0,0,0,0,0,0,0,0,0,0,0,0,0,0,0,0,0,0,0,0,0,0,0,0,0,0,0,0,0,0,0,0,0,0,0,0,0,0,0,0,0,0,0,0,0,0,0,0,0,0,0,0,0,0,0,0,0,0,0,0,0,0,0,0,0,0,0,0,0,0,0,0,0,0,0,0,0,0,0,0,0,0,0,0,0,0,0,0,0,0,0,0,0,0,0,0,0,0,0,0,0,0,0,0,0,0,0,0,0,0,0,0,0,0,0,0,0,0,0,0,0,0,0,0,0,0,0,0,0,0,0,0,0,0,0,0,0,0,0,0,0,0,0,0,0,0,0,0,0,0,0,0,0,0,0,0,0,0,0,0,0,0,0,0,0,0,0,0,0,0,0,0,0,0,0,0,0,0,0,0,0,0,0,0,0,0,0,0,0,0,0,0,0,0,0,0,0,0,0,0,0,0,0,0,0
0,0,0,0,0,0,0,0,0,0,0,0,0,0,0,0,0,0,0,0,0,0,0,0,0,0,0,0,0,0,0,0,0,0,0,0,0,0,0,0,0,0,0,0,0,0,0,0,0,0,0,0,0,0,0,0,0,0,0,0,0,0,0,0,1,0,0,0,0,0,0,0,0,0,0,0,0,0,0,0,0,0,0,0,0,0,0,0,0,0,0,0,0,0,0,0,0,0,0,0,0,0,0,0,0,0,0,0,0,0,0,0,0,0,0,0,0,0,0,0,0,0,0,0,0,0,0,0,0,0,0,0,0,0,0,0,0,0,0,0,0,0,0,0,0,0,0,0,0,0,0,0,0,0,0,0,0,0,0,0,0,0,0,0,0,0,0,0,0,0,0,0,0,0,0,0,0,0,0,0,0,0,0,0,0,0,0,0,0,0,0,0,0,0,0,0,0,0,0,0,0,0,0,0,0,0,0,0,0,0,0,0,0,0,0,0,0,0,0,0,0,0,0,0,0,0,0,0,0,0,0,0,0,0,0,0,0,0,0,0,0,0,0,0,0,0,0,0,0,0,0,0,0,0,0,0,0,0,0,0,0,0,0,0,0,0,0,0,0,0,0,0,0,0,0,0,0,0,0,0,0,0,0,0,0,0,0,0,0,0,0,0,0,0,0,0,0,0,0,0,0,0,0,0,0,0,0,0,0,0,0,0,0,0,0,0,0,0,0,0,0,0,0,0,0,0,0,0,0,0,0,0,0,0,0,0,0,0,0,0,0,0,0,0,0,0,0,0,0,0,0,0,0,0,0,0,0,0,0,0,0,0,0,0,0,0,0,0,0,0,0,0,0,0,0,0,0,0,0,0,0,0,0,0,0,0,0,0,0,0,0,0,0,0,0,0,0,0,0,0,0,0,0,0,0,0,0,0,0
0,0.0714299464323527,0,0.0571439257166366,0.128249502550101,0.0476199206365212,0.0571439257166366,0.0714299464323527,0,0,0,0.0571439257166366,0.0476199206365212,0.0571439257166366,0,0.0714299464323527,0.0714299464323527,0.0476199206365212,0.0933602719681705,0.271481053610807,0.421998728397202,0.0571439257166366,0,0.0714299464323527,0.421998728397202,0.47553108355459,0.47553108355459,0.0476199206365212,0,0,0,0,0.128249502550101,0.0367619429090039,0.0367619429090039,0.0571439257166366,0,0,0.0571439257166366,0.0714299464323527,0,0,0,0.0476199206365212,0,0,0.0533176407887724,0,0,0.041172338956928,0,0,0.0476199206365212,0,0.659999251998354,0,0,0,0.0714299464323527,0,0,0.0571439257166366,0.128249502550101,0,0,1,0.0571439257166366,0.0571439257166366,0.0337236205744276,0.0316202950567523,0.319248127932352,0.0571439257166366,0,0,0,0.0439086453554596,0.0714299464323527,0.0714299464323527,0,0.0571439257166366,0,0,0.0571439257166366,0,0.0571439257166366,0.249043530364504,0.0571439257166366,0,0.0476199206365212,0,0.128249502550101,0.0571439257166366,0,0,0,0,0.0571439257166366,0,0,0,0,0,0,0.041172338956928,0.249043530364504,0.271481053610807,0,0.0545144690325174,0,0.0337236205744276,0,0,0,0,0,0.0316202950567523,0,0.0571439257166366,0.0476199206365212,0.0476199206365212,0.0476199206365212,0,0.0476199206365212,0.0933602719681705,0,0,0,0,0,0,0.041172338956928,0,0.128249502550101,0.0714299464323527,0,0.0476199206365212,0,0.0571439257166366,0.173472727049999,0.0571439257166366,0.0571439257166366,0.0571439257166366,0,0,0.351665478053376,0.041172338956928,0.0571439257166366,0,0.0571439257166366,0.0714299464323527,0.0571439257166366,0.304051121218363,0,0.128249502550101,0.0476199206365212,0.249043530364504,0.041172338956928,0.0571439257166366,0.304051121218363,0,0,0.0476199206365212,0.0476199206365212,0,0.0476199206365212,0,0,0,0,0.0571439257166366,0.0571439257166366,0,0.351665478053376,0.0714299464323527,0.0571439257166366,0,0.0476199206365212,0,0.0476199206365212,0.0571439257166366,0.128249502550101,0,0,0,0,0,0.041172338956928,0.0571439257166366,0,0.421998728397202,0.0476199206365212,0,0,0,0.0714299464323527,0,0,0,0,0,0,0.0714299464323527,0.0571439257166366,0.0714299464323527,0.0714299464323527,0.0714299464323527,0,0.0476199206365212,0,0,0,0.0571439257166366,0,0,0,0,0,0,0.184015147583005,0.0397384474440781,0,0.0571439257166366,0,0.0571439257166366,0.304051121218363,0,0.0714299464323527,0,0,0.0476199206365212,0.0571439257166366,0.0714299464323527,0,0,0.0367574589715877,0,0.0571439257166366,0,0,0.271481053610807,0,0.0571439257166366,0,0,0.0367574589715877,0.222721733769102,0.271481053610807,0.271481053610807,0.0367619429090039,0.0337236205744276,0.0571439257166366,0,0,0,0,0,0,0.304051121218363,0,0,0,0,0,0.0476199206365212,0,0.0476199206365212,0.0571439257166366,0,0.0476199206365212,0.041172338956928,0.0476199206365212,0,0.351665478053376,0,0.271481053610807,0,0,0.304051121218363,0.0397384474440781,0.0439086453554596,0,0,0.0476199206365212,0,0,0.0571439257166366,0.0545144690325174,0,0.041172338956928,0.041172338956928,0,0,0,0,0,0,0,0,0,0.0714299464323527,0,0,0,0.0367619429090039,0,0,0.0571439257166366,0,0.0367619429090039,0,0.0476199206365212,0,0,0,0,0,0,0,0,0,0.0999899660382537,0.0545144690325174,0,0,0,0,0,0,0.041172338956928,0.351665478053376,0,0.271481053610807,0.0571439257166366,0,0.0337236205744276,0,0,0,0,0,0,0.041172338956928,0,0,0,0,0,0.0571439257166366,0,0,0.0367619429090039,0,0.0476199206365212,0,0,0,0.0545144690325174,0,0,0,0,0.0933602719681705,0,0.0571439257166366,0,0.0367619429090039,0,0.659999251998354,0.0367619429090039,0,0,0.041172338956928,0.0476199206365212,0,0,0.0571439257166366,0,0,0.0571439257166366,0.0476199206365212,0,0.041172338956928,0.0571439257166366,0,0,0,0,0,0,0,0,0,0,0,0,0,0,0,0,0.271481053610807,0.421998728397202,0.0571439257166366,0.0545144690325174,0,0.0571439257166366,0,0,0,0
0,0.173472727049999,0,0.0571439257166366,0.128249502550101,0.115648378688694,0.0571439257166366,0.0714299464323527,0,0,0,0.138778105311832,0.0476199206365212,0.138778105311832,0,0.0714299464323527,0.173472727049999,0.115648378688694,0.417263256347538,0.0367619429090039,0.0571439257166366,0.0571439257166366,0,0.173472727049999,0.0571439257166366,0.041172338956928,0.041172338956928,0.0476199206365212,0,0,0,0,0.128249502550101,0.0892790042075809,0.0892790042075809,0.138778105311832,0,0,0.138778105311832,0.173472727049999,0,0,0,0.0476199206365212,0,0,0.106635281577545,0,0,0.0999899660382537,0,0,0.115648378688694,0,0.0571439257166366,0,0,0,0.0714299464323527,0,0,0.138778105311832,0.128249502550101,0,0,0.0571439257166366,1,0.0571439257166366,0.0819002213950383,0.0767921451378269,0.0714299464323527,0.138778105311832,0,0,0,0.106635281577545,0.0714299464323527,0.0714299464323527,0,0.0571439257166366,0,0,0.0571439257166366,0,0.0571439257166366,0.0337236205744276,0.138778105311832,0,0.115648378688694,0,0.128249502550101,0.0571439257166366,0,0,0,0,0.0571439257166366,0,0,0,0,0,0,0.0999899660382537,0.0337236205744276,0.0367619429090039,0,0.132392281936114,0,0.0819002213950383,0,0,0,0,0,0.0767921451378269,0,0.138778105311832,0.115648378688694,0.351665478053376,0.115648378688694,0,0.115648378688694,0.0933602719681705,0,0,0,0,0,0,0.0999899660382537,0,0.128249502550101,0.0714299464323527,0,0.115648378688694,0,0.0571439257166366,0.0714299464323527,0.138778105311832,0.0571439257166366,0.0571439257166366,0,0,0.0476199206365212,0.0999899660382537,0.138778105311832,0,0.0571439257166366,0.0714299464323527,0.138778105311832,0.041172338956928,0,0.128249502550101,0.115648378688694,0.0337236205744276,0.0999899660382537,0.138778105311832,0.041172338956928,0,0,0.115648378688694,0.115648378688694,0,0.115648378688694,0,0,0,0,0.138778105311832,0.138778105311832,0,0.0476199206365212,0.173472727049999,0.138778105311832,0,0.115648378688694,0,0.115648378688694,0.138778105311832,0.128249502550101,0,0,0,0,0,0.0999899660382537,0.0571439257166366,0,0.0571439257166366,0.0476199206365212,0,0,0,0.0714299464323527,0,0,0,0,0,0,0.0714299464323527,0.0571439257166366,0.0714299464323527,0.0714299464323527,0.0714299464323527,0,0.0476199206365212,0,0,0,0.138778105311832,0,0,0,0,0,0,0.041172338956928,0.0965076580784755,0,0.138778105311832,0,0.138778105311832,0.041172338956928,0,0.0714299464323527,0,0,0.115648378688694,0.0571439257166366,0.173472727049999,0,0,0.0892681146452845,0,0.138778105311832,0,0,0.0367619429090039,0,0.138778105311832,0,0,0.0892681146452845,0.0301593188641145,0.0367619429090039,0.0367619429090039,0.0892790042075809,0.0819002213950383,0.138778105311832,0,0,0,0,0,0,0.041172338956928,0,0,0,0,0,0.115648378688694,0,0.115648378688694,0.138778105311832,0,0.115648378688694,0.0999899660382537,0.115648378688694,0,0.0476199206365212,0,0.0367619429090039,0,0,0.041172338956928,0.0965076580784755,0.106635281577545,0,0,0.115648378688694,0,0,0.0571439257166366,0.21027009483971,0,0.0999899660382537,0.0999899660382537,0,0,0,0,0,0,0,0,0,0.173472727049999,0,0,0,0.0892790042075809,0,0,0.138778105311832,0,0.0892790042075809,0,0.115648378688694,0,0,0,0,0,0,0,0,0,0.041172338956928,0.243646300369823,0,0,0,0,0,0,0.0999899660382537,0.0476199206365212,0,0.0367619429090039,0.0571439257166366,0,0.0819002213950383,0,0,0,0,0,0,0.0999899660382537,0,0,0,0,0,0.138778105311832,0,0,0.0892790042075809,0,0.115648378688694,0,0,0,0.132392281936114,0,0,0,0,0.0933602719681705,0,0.0571439257166366,0,0.0892790042075809,0,0.0571439257166366,0.0892790042075809,0,0,0.0999899660382537,0.115648378688694,0,0,0.138778105311832,0,0,0.0571439257166366,0.115648378688694,0,0.0999899660382537,0.138778105311832,0,0,0,0,0,0,0,0,0,0,0,0,0,0,0,0,0.0367619429090039,0.0571439257166366,0.138778105311832,0.132392281936114,0,0.138778105311832,0,0,0,0
0,0.0714299464323527,0,0.0571439257166366,0.128249502550101,0.0476199206365212,0.0571439257166366,0.173472727049999,0,0,0,0.0571439257166366,0.0476199206365212,0.0571439257166366,0,0.173472727049999,0.0714299464323527,0.0476199206365212,0.0933602719681705,0.0367619429090039,0.0571439257166366,0.0571439257166366,0,0.0714299464323527,0.0571439257166366,0.041172338956928,0.041172338956928,0.0476199206365212,0,0,0,0,0.128249502550101,0.0367619429090039,0.0367619429090039,0.0571439257166366,0,0,0.0571439257166366,0.0714299464323527,0,0,0,0.0476199206365212,0,0,0.129485699058447,0,0,0.041172338956928,0,0,0.0476199206365212,0,0.0571439257166366,0,0,0,0.0714299464323527,0,0,0.0571439257166366,0.128249502550101,0,0,0.0571439257166366,0.0571439257166366,1,0.0337236205744276,0.0316202950567523,0.0714299464323527,0.0571439257166366,0,0,0,0.0439086453554596,0.527498700621427,0.0714299464323527,0,0.0571439257166366,0,0,0.0571439257166366,0,0.0571439257166366,0.0337236205744276,0.0571439257166366,0,0.0476199206365212,0,0.128249502550101,0.0571439257166366,0,0,0,0,0.0571439257166366,0,0,0,0,0,0,0.041172338956928,0.0337236205744276,0.0367619429090039,0,0.0545144690325174,0,0.0337236205744276,0,0,0,0,0,0.0316202950567523,0,0.0571439257166366,0.0476199206365212,0.0476199206365212,0.0476199206365212,0,0.0476199206365212,0.226732089065557,0,0,0,0,0,0,0.041172338956928,0,0.128249502550101,0.173472727049999,0,0.0476199206365212,0,0.0571439257166366,0.0714299464323527,0.0571439257166366,0.0571439257166366,0.0571439257166366,0,0,0.0476199206365212,0.041172338956928,0.0571439257166366,0,0.0571439257166366,0.173472727049999,0.0571439257166366,0.041172338956928,0,0.128249502550101,0.0476199206365212,0.0337236205744276,0.041172338956928,0.0571439257166366,0.041172338956928,0,0,0.0476199206365212,0.0476199206365212,0,0.0476199206365212,0,0,0,0,0.0571439257166366,0.0571439257166366,0,0.0476199206365212,0.0714299464323527,0.0571439257166366,0,0.0476199206365212,0,0.0476199206365212,0.0571439257166366,0.128249502550101,0,0,0,0,0,0.041172338956928,0.255398361876396,0,0.0571439257166366,0.0476199206365212,0,0,0,0.0714299464323527,0,0,0,0,0,0,0.0714299464323527,0.0571439257166366,0.0714299464323527,0.0714299464323527,0.0714299464323527,0,0.0476199206365212,0,0,0,0.0571439257166366,0,0,0,0,0,0,0.041172338956928,0.0397384474440781,0,0.0571439257166366,0,0.0571439257166366,0.041172338956928,0,0.0714299464323527,0,0,0.0476199206365212,0.0571439257166366,0.0714299464323527,0,0,0.0367574589715877,0,0.0571439257166366,0,0,0.0367619429090039,0,0.0571439257166366,0,0,0.0367574589715877,0.0301593188641145,0.0367619429090039,0.0367619429090039,0.0367619429090039,0.0337236205744276,0.0571439257166366,0,0,0,0,0,0,0.041172338956928,0,0,0,0,0,0.0476199206365212,0,0.0476199206365212,0.0571439257166366,0,0.0476199206365212,0.041172338956928,0.0476199206365212,0,0.0476199206365212,0,0.0367619429090039,0,0,0.041172338956928,0.0397384474440781,0.0439086453554596,0,0,0.0476199206365212,0,0,0.0571439257166366,0.0545144690325174,0,0.041172338956928,0.041172338956928,0,0,0,0,0,0,0,0,0,0.0714299464323527,0,0,0,0.0367619429090039,0,0,0.0571439257166366,0,0.0367619429090039,0,0.0476199206365212,0,0,0,0,0,0,0,0,0,0.041172338956928,0.0545144690325174,0,0,0,0,0,0,0.041172338956928,0.0476199206365212,0,0.0367619429090039,0.0571439257166366,0,0.0337236205744276,0,0,0,0,0,0,0.041172338956928,0,0,0,0,0,0.0571439257166366,0,0,0.0367619429090039,0,0.0476199206365212,0,0,0,0.0545144690325174,0,0,0,0,0.226732089065557,0,0.0571439257166366,0,0.0367619429090039,0,0.0571439257166366,0.0367619429090039,0,0,0.041172338956928,0.0476199206365212,0,0,0.0571439257166366,0,0,0.421998728397202,0.0476199206365212,0,0.041172338956928,0.0571439257166366,0,0,0,0,0,0,0,0,0,0,0,0,0,0,0,0,0.0367619429090039,0.0571439257166366,0.0571439257166366,0.0545144690325174,0,0.0571439257166366,0,0,0,0
0,0.208482801319646,0,0.0337236205744276,0.0976858574475728,0.0609274353162256,0.0337236205744276,0.0466468368249435,0,0,0,0.0819002213950383,0.0250877674831517,0.0819002213950383,0,0.0466468368249435,0.113285175146291,0.0609274353162256,0.161291303605171,0.0152223787564515,0.0337236205744276,0.0337236205744276,0,0.113285175146291,0.0337236205744276,0.0192321645820291,0.0192321645820291,0.0250877674831517,0,0,0,0,0.0976858574475728,0.0680347132176099,0.0680347132176099,0.0819002213950383,0,0,0.0819002213950383,0.113285175146291,0,0,0,0.0250877674831517,0,0,0.10418452955258,0,0,0.0467066854134993,0,0,0.112126960792045,0,0.0337236205744276,0,0,0,0.0466468368249435,0,0,0.0819002213950383,0.0976858574475728,0,0,0.0337236205744276,0.0819002213950383,0.0337236205744276,1,0.846309838331681,0.0466468368249435,0.0819002213950383,0,0,0,0.117122319538408,0.0466468368249435,0.0466468368249435,0,0.0337236205744276,0,0,0.0337236205744276,0,0.0337236205744276,0.0124579894676926,0.0819002213950383,0,0.0609274353162256,0,0.0976858574475728,0.0337236205744276,0,0,0,0,0.0337236205744276,0,0,0,0,0,0,0.0467066854134993,0.0124579894676926,0.0152223787564515,0,0.0874847549747102,0,0.323901902146027,0,0,0,0,0,0.0778607205818629,0,0.150723936853054,0.0609274353162256,0.0609274353162256,0.185269140043217,0,0.0609274353162256,0.0664140661903645,0,0,0,0,0,0,0.0467066854134993,0,0.0976858574475728,0.0466468368249435,0,0.112126960792045,0,0.0337236205744276,0.0466468368249435,0.0819002213950383,0.0337236205744276,0.0337236205744276,0,0,0.0250877674831517,0.0467066854134993,0.0819002213950383,0,0.0337236205744276,0.0466468368249435,0.0819002213950383,0.0192321645820291,0,0.0976858574475728,0.0609274353162256,0.0124579894676926,0.0467066854134993,0.0819002213950383,0.0192321645820291,0,0,0.0609274353162256,0.112126960792045,0,0.112126960792045,0,0,0,0,0.0819002213950383,0.0819002213950383,0,0.0250877674831517,0.113285175146291,0.0819002213950383,0,0.0609274353162256,0,0.0609274353162256,0.0819002213950383,0.0976858574475728,0,0,0,0,0,0.0859560008870281,0.0337236205744276,0,0.0337236205744276,0.0250877674831517,0,0,0,0.0466468368249435,0,0,0,0,0,0,0.0466468368249435,0.0337236205744276,0.0466468368249435,0.0466468368249435,0.0466468368249435,0,0.0250877674831517,0,0,0,0.0819002213950383,0,0,0,0,0,0,0.0192321645820291,0.0512447821477043,0,0.0819002213950383,0,0.0819002213950383,0.0192321645820291,0,0.0466468368249435,0,0,0.0609274353162256,0.0337236205744276,0.113285175146291,0,0,0.0874943253370645,0,0.0819002213950383,0,0,0.0152223787564515,0,0.0819002213950383,0,0,0.0874943253370645,0.00921291141318637,0.0152223787564515,0.0152223787564515,0.0680347132176099,0.0556795855800954,0.0819002213950383,0,0,0,0,0,0,0.0192321645820291,0,0,0,0,0,0.0609274353162256,0,0.0609274353162256,0.0819002213950383,0,0.0609274353162256,0.0467066854134993,0.0609274353162256,0,0.0250877674831517,0,0.0152223787564515,0,0,0.0192321645820291,0.0512447821477043,0.0636418083336554,0,0,0.0609274353162256,0,0,0.0337236205744276,0.0742676650982407,0,0.0859560008870281,0.0859560008870281,0,0,0,0,0,0,0,0,0,0.113285175146291,0,0,0,0.0680347132176099,0,0,0.0819002213950383,0,0.0369686341228109,0,0.0609274353162256,0,0,0,0,0,0,0,0,0,0.0192321645820291,0.0874847549747102,0,0,0,0,0,0,0.0467066854134993,0.0250877674831517,0,0.0152223787564515,0.0337236205744276,0,1,0,0,0,0,0,0,0.0467066854134993,0,0,0,0,0,0.0819002213950383,0,0,0.0369686341228109,0,0.112126960792045,0,0,0,0.0874847549747102,0,0,0,0,0.0664140661903645,0,0.0337236205744276,0,0.0680347132176099,0,0.0337236205744276,0.0680347132176099,0,0,0.0467066854134993,0.0609274353162256,0,0,0.0819002213950383,0,0,0.0337236205744276,0.112126960792045,0,0.0859560008870281,0.0819002213950383,0,0,0,0,0,0,0,0,0,0,0,0,0,0,0,0,0.0152223787564515,0.0337236205744276,0.0819002213950383,0.0874847549747102,0,0.0819002213950383,0,0,0,0
0,0.198550564696314,0,0.0316202950567523,0.0949619587666687,0.0560080001931739,0.0316202950567523,0.0444245555713213,0,0,0,0.0767921451378269,0.023062117726601,0.0767921451378269,0,0.0444245555713213,0.107888206387495,0.0560080001931739,0.155437149781916,0.013283683417403,0.0316202950567523,0.0316202950567523,0,0.107888206387495,0.0316202950567523,0.0172583557076123,0.0172583557076123,0.023062117726601,0,0,0,0,0.0949619587666687,0.0593699320083931,0.0593699320083931,0.0767921451378269,0,0,0.0767921451378269,0.107888206387495,0,0,0,0.023062117726601,0,0,0.0970369564522621,0,0,0.04191314957563,0,0,0.103073546573992,0,0.0316202950567523,0,0,0,0.0444245555713213,0,0,0.0767921451378269,0.0949619587666687,0,0,0.0316202950567523,0.0767921451378269,0.0316202950567523,0.846309838331681,1,0.0444245555713213,0.0767921451378269,0,0,0,0.109928959088172,0.0444245555713213,0.0444245555713213,0,0.0316202950567523,0,0,0.0316202950567523,0,0.0316202950567523,0.0105433190523407,0.0767921451378269,0,0.0560080001931739,0,0.0949619587666687,0.0316202950567523,0,0,0,0,0.0316202950567523,0,0,0,0,0,0,0.04191314957563,0.0105433190523407,0.013283683417403,0,0.0834057617636217,0,0.274121366440528,0,0,0,0,0,0.0638434257000137,0,0.141323359539362,0.0560080001931739,0.0560080001931739,0.170310041403733,0,0.0560080001931739,0.0640035322631421,0,0,0,0,0,0,0.04191314957563,0,0.0949619587666687,0.0444245555713213,0,0.103073546573992,0,0.0316202950567523,0.0444245555713213,0.0767921451378269,0.0316202950567523,0.0316202950567523,0,0,0.023062117726601,0.04191314957563,0.0767921451378269,0,0.0316202950567523,0.0444245555713213,0.0767921451378269,0.0172583557076123,0,0.0949619587666687,0.0560080001931739,0.0105433190523407,0.04191314957563,0.0767921451378269,0.0172583557076123,0,0,0.0560080001931739,0.103073546573992,0,0.103073546573992,0,0,0,0,0.0767921451378269,0.0767921451378269,0,0.023062117726601,0.107888206387495,0.0767921451378269,0,0.0560080001931739,0,0.0560080001931739,0.0767921451378269,0.0949619587666687,0,0,0,0,0,0.077134283672798,0.0316202950567523,0,0.0316202950567523,0.023062117726601,0,0,0,0.0444245555713213,0,0,0,0,0,0,0.0444245555713213,0.0316202950567523,0.0444245555713213,0.0444245555713213,0.0444245555713213,0,0.023062117726601,0,0,0,0.0767921451378269,0,0,0,0,0,0,0.0172583557076123,0.0471406000776943,0,0.0767921451378269,0,0.0767921451378269,0.0172583557076123,0,0.0444245555713213,0,0,0.0560080001931739,0.0316202950567523,0.107888206387495,0,0,0.0805087853842884,0,0.0767921451378269,0,0,0.013283683417403,0,0.0767921451378269,0,0,0.0805087853842884,0.00732625321903591,0.013283683417403,0.013283683417403,0.0593699320083931,0.0471221810706655,0.0767921451378269,0,0,0,0,0,0,0.0172583557076123,0,0,0,0,0,0.0560080001931739,0,0.0560080001931739,0.0767921451378269,0,0.0560080001931739,0.04191314957563,0.0560080001931739,0,0.023062117726601,0,0.013283683417403,0,0,0.0172583557076123,0.0471406000776943,0.0597330873584133,0,0,0.0560080001931739,0,0,0.0316202950567523,0.0702364538318479,0,0.077134283672798,0.077134283672798,0,0,0,0,0,0,0,0,0,0.107888206387495,0,0,0,0.0593699320083931,0,0,0.0767921451378269,0,0.0322603740136931,0,0.0560080001931739,0,0,0,0,0,0,0,0,0,0.0172583557076123,0.0834057617636217,0,0,0,0,0,0,0.04191314957563,0.023062117726601,0,0.013283683417403,0.0316202950567523,0,0.846309838331681,0,0,0,0,0,0,0.04191314957563,0,0,0,0,0,0.0767921451378269,0,0,0.0322603740136931,0,0.103073546573992,0,0,0,0.0834057617636217,0,0,0,0,0.0640035322631421,0,0.0316202950567523,0,0.0593699320083931,0,0.0316202950567523,0.0593699320083931,0,0,0.04191314957563,0.0560080001931739,0,0,0.0767921451378269,0,0,0.0316202950567523,0.103073546573992,0,0.077134283672798,0.0767921451378269,0,0,0,0,0,0,0,0,0,0,0,0,0,0,0,0,0.013283683417403,0.0316202950567523,0.0767921451378269,0.0834057617636217,0,0.0767921451378269,0,0,0,0
0,0.0865818037575277,0,0.0714299464323527,0.147105639620399,0.0613432731147329,0.0714299464323527,0.0865818037575277,0,0,0,0.0714299464323527,0.0613432731147329,0.0714299464323527,0,0.0865818037575277,0.0865818037575277,0.0613432731147329,0.109892388006257,0.222834702756658,0.319248127932352,0.0714299464323527,0,0.0865818037575277,0.319248127932352,0.243677156414128,0.243677156414128,0.0613432731147329,0,0,0,0,0.147105639620399,0.0498579928542293,0.0498579928542293,0.0714299464323527,0,0,0.0714299464323527,0.0865818037575277,0,0,0,0.0613432731147329,0,0,0.0641346694500205,0,0,0.0545213728963117,0,0,0.0613432731147329,0,0.319248127932352,0,0,0,0.0865818037575277,0,0,0.0714299464323527,0.147105639620399,0,0,0.319248127932352,0.0714299464323527,0.0714299464323527,0.0466468368249435,0.0444245555713213,1,0.0714299464323527,0,0,0,0.0545144690325174,0.0865818037575277,0.0865818037575277,0,0.0714299464323527,0,0,0.0714299464323527,0,0.0714299464323527,0.208482801319646,0.0714299464323527,0,0.0613432731147329,0,0.147105639620399,0.0714299464323527,0,0,0,0,0.0714299464323527,0,0,0,0,0,0,0.0545213728963117,0.208482801319646,0.222834702756658,0,0.0656073668246963,0,0.0466468368249435,0,0,0,0,0,0.0444245555713213,0,0.0714299464323527,0.0613432731147329,0.0613432731147329,0.0613432731147329,0,0.0613432731147329,0.109892388006257,0,0,0,0,0,0,0.0545213728963117,0,0.147105639620399,0.0865818037575277,0,0.0613432731147329,0,0.0714299464323527,0.21027009483971,0.0714299464323527,0.0714299464323527,0.0714299464323527,0,0,0.274166873716867,0.0545213728963117,0.0714299464323527,0,0.0714299464323527,0.0865818037575277,0.0714299464323527,0.243677156414128,0,0.147105639620399,0.0613432731147329,0.208482801319646,0.0545213728963117,0.0714299464323527,0.243677156414128,0,0,0.0613432731147329,0.0613432731147329,0,0.0613432731147329,0,0,0,0,0.0714299464323527,0.0714299464323527,0,0.274166873716867,0.0865818037575277,0.0714299464323527,0,0.0613432731147329,0,0.0613432731147329,0.0714299464323527,0.147105639620399,0,0,0,0,0,0.0545213728963117,0.0714299464323527,0,0.319248127932352,0.0613432731147329,0,0,0,0.0865818037575277,0,0,0,0,0,0,0.0865818037575277,0.0714299464323527,0.0865818037575277,0.0865818037575277,0.0865818037575277,0,0.0613432731147329,0,0,0,0.0714299464323527,0,0,0,0,0,0,0.402631596345066,0.0509474689183968,0,0.0714299464323527,0,0.0714299464323527,0.243677156414128,0,0.0865818037575277,0,0,0.0613432731147329,0.0714299464323527,0.0865818037575277,0,0,0.0470411711002957,0,0.0714299464323527,0,0,0.222834702756658,0,0.0714299464323527,0,0,0.0470411711002957,0.191653090053325,0.222834702756658,0.222834702756658,0.0498579928542293,0.0466468368249435,0.0714299464323527,0,0,0,0,0,0,0.243677156414128,0,0,0,0,0,0.0613432731147329,0,0.0613432731147329,0.0714299464323527,0,0.0613432731147329,0.0545213728963117,0.0613432731147329,0,0.274166873716867,0,0.222834702756658,0,0,0.243677156414128,0.0509474689183968,0.0545144690325174,0,0,0.0613432731147329,0,0,0.0714299464323527,0.0656073668246963,0,0.0545213728963117,0.0545213728963117,0,0,0,0,0,0,0,0,0,0.0865818037575277,0,0,0,0.0498579928542293,0,0,0.0714299464323527,0,0.0498579928542293,0,0.0613432731147329,0,0,0,0,0,0,0,0,0,0.132409048462471,0.0656073668246963,0,0,0,0,0,0,0.0545213728963117,0.274166873716867,0,0.222834702756658,0.0714299464323527,0,0.0466468368249435,0,0,0,0,0,0,0.0545213728963117,0,0,0,0,0,0.0714299464323527,0,0,0.0498579928542293,0,0.0613432731147329,0,0,0,0.0656073668246963,0,0,0,0,0.109892388006257,0,0.0714299464323527,0,0.0498579928542293,0,0.319248127932352,0.0498579928542293,0,0,0.0545213728963117,0.0613432731147329,0,0,0.0714299464323527,0,0,0.0714299464323527,0.0613432731147329,0,0.0545213728963117,0.0714299464323527,0,0,0,0,0,0,0,0,0,0,0,0,0,0,0,0,0.222834702756658,0.319248127932352,0.0714299464323527,0.0656073668246963,0,0.0714299464323527,0,0,0,0
0,0.173472727049999,0,0.0571439257166366,0.128249502550101,0.212831890191799,0.0571439257166366,0.0714299464323527,0,0,0,0.138778105311832,0.0476199206365212,0.138778105311832,0,0.0714299464323527,0.173472727049999,0.115648378688694,0.226732089065557,0.0367619429090039,0.0571439257166366,0.0571439257166366,0,0.173472727049999,0.0571439257166366,0.041172338956928,0.041172338956928,0.0476199206365212,0,0,0,0,0.128249502550101,0.0892790042075809,0.0892790042075809,0.138778105311832,0,0,0.138778105311832,0.319248127932352,0,0,0,0.0476199206365212,0,0,0.106635281577545,0,0,0.0999899660382537,0,0,0.115648378688694,0,0.0571439257166366,0,0,0,0.0714299464323527,0,0,0.138778105311832,0.128249502550101,0,0,0.0571439257166366,0.138778105311832,0.0571439257166366,0.0819002213950383,0.0767921451378269,0.0714299464323527,1,0,0,0,0.106635281577545,0.0714299464323527,0.0714299464323527,0,0.0571439257166366,0,0,0.0571439257166366,0,0.0571439257166366,0.0337236205744276,0.138778105311832,0,0.115648378688694,0,0.128249502550101,0.0571439257166366,0,0,0,0,0.0571439257166366,0,0,0,0,0,0,0.0999899660382537,0.0337236205744276,0.0367619429090039,0,0.132392281936114,0,0.0819002213950383,0,0,0,0,0,0.0767921451378269,0,0.138778105311832,0.115648378688694,0.115648378688694,0.115648378688694,0,0.115648378688694,0.0933602719681705,0,0,0,0,0,0,0.0999899660382537,0,0.128249502550101,0.0714299464323527,0,0.115648378688694,0,0.0571439257166366,0.0714299464323527,0.138778105311832,0.0571439257166366,0.0571439257166366,0,0,0.0476199206365212,0.0999899660382537,0.138778105311832,0,0.0571439257166366,0.0714299464323527,0.138778105311832,0.041172338956928,0,0.128249502550101,0.115648378688694,0.0337236205744276,0.0999899660382537,0.138778105311832,0.041172338956928,0,0,0.115648378688694,0.115648378688694,0,0.115648378688694,0,0,0,0,0.138778105311832,0.138778105311832,0,0.0476199206365212,0.173472727049999,0.138778105311832,0,0.115648378688694,0,0.115648378688694,0.138778105311832,0.128249502550101,0,0,0,0,0,0.0999899660382537,0.0571439257166366,0,0.0571439257166366,0.0476199206365212,0,0,0,0.0714299464323527,0,0,0,0,0,0,0.0714299464323527,0.0571439257166366,0.0714299464323527,0.0714299464323527,0.0714299464323527,0,0.0476199206365212,0,0,0,0.138778105311832,0,0,0,0,0,0,0.041172338956928,0.0965076580784755,0,0.138778105311832,0,0.138778105311832,0.041172338956928,0,0.0714299464323527,0,0,0.212831890191799,0.0571439257166366,0.319248127932352,0,0,0.0892681146452845,0,0.138778105311832,0,0,0.0367619429090039,0,0.138778105311832,0,0,0.0892681146452845,0.0301593188641145,0.0367619429090039,0.0367619429090039,0.0892790042075809,0.0819002213950383,0.421998728397202,0,0,0,0,0,0,0.041172338956928,0,0,0,0,0,0.115648378688694,0,0.115648378688694,0.138778105311832,0,0.115648378688694,0.0999899660382537,0.115648378688694,0,0.0476199206365212,0,0.0367619429090039,0,0,0.041172338956928,0.0965076580784755,0.324258305205187,0,0,0.115648378688694,0,0,0.0571439257166366,0.118649138482538,0,0.0999899660382537,0.0999899660382537,0,0,0,0,0,0,0,0,0,0.319248127932352,0,0,0,0.0892790042075809,0,0,0.138778105311832,0,0.0892790042075809,0,0.115648378688694,0,0,0,0,0,0,0,0,0,0.041172338956928,0.132392281936114,0,0,0,0,0,0,0.0999899660382537,0.0476199206365212,0,0.0367619429090039,0.0571439257166366,0,0.0819002213950383,0,0,0,0,0,0,0.0999899660382537,0,0,0,0,0,0.138778105311832,0,0,0.0892790042075809,0,0.115648378688694,0,0,0,0.132392281936114,0,0,0,0,0.0933602719681705,0,0.0571439257166366,0,0.0892790042075809,0,0.0571439257166366,0.0892790042075809,0,0,0.0999899660382537,0.115648378688694,0,0,0.138778105311832,0,0,0.0571439257166366,0.115648378688694,0,0.0999899660382537,0.138778105311832,0,0,0,0,0,0,0,0,0,0,0,0,0,0,0,0,0.0367619429090039,0.0571439257166366,0.138778105311832,0.132392281936114,0,0.138778105311832,0,0,0,0
0,0,0,0,0,0,0,0,0,0,0,0,0,0,0,0,0,0,0,0,0,0,0,0,0,0,0,0,0,0,0,0,0,0,0,0,0,0,0,0,0,0,0,0,0,0,0,0,0,0,0,0,0,0,0,0,0,0,0,0,0,0,0,0,0,0,0,0,0,0,0,0,1,0,0,0,0,0,0,0,0,0,0,0,0,0,0,0,0,0,0,0,0,0,0,0,0,0,0,0,0,0,0,0,0,0,0,0,0,0,0,0,0,0,0,0,0,0,0,0,0,0,0,0,0,0,0,0,0,0,0,0,0,0,0,0,0,0,0,0,0,0,0,0,0,0,0,0,0,0,0,0,0,0,0,0,0,0,0,0,0,0,0,0,0,0,0,0,0,0,0,0,0,0,0,0,0,0,0,0,0,0,0,0,0,0,0,0,0,0,0,0,0,0,0,0,0,0,0,0,0,0,0,0,0,0,0,0,0,0,0,0,0,0,0,0,0,0,0,0,0,0,0,0,0,0,0,0,0,0,0,0,0,0,0,0,0,0,0,0,0,0,0,0,0,0,0,0,0,0,0,0,0,0,0,0,0,0,0,0,0,0,0,0,0,0,0,0,0,0,0,0,0,0,0,0,0,0,0,0,0,0,0,0,0,0,0,0,0,0,0,0,0,0,0,0,0,0,0,0,0,0,0,0,0,0,0,0,0,0,0,0,0,0,0,0,0,0,0,0,0,0,0,0,0,0,0,0,0,0,0,0,0,0,0,0,0,0,0,0,0,0,0,0,0,0,0,0,0,0,0,0,0,0,0,0,0,0,0,0,0,0,0,0,0,0,0,0,0,0,0,0,0,0,0,0,0,0,0,0,0,0,0,0,0,0,0,0,0,0,0,0,0,0,0,0,0,0,0,0,0,0,0,0,0,0,0,0,0
0,0,0,0,0,0,0,0,0,0,0,0,0,0,0,0,0,0,0,0,0,0,0,0,0,0,0,0,0,0,0,0,0,0,0,0,0,0,0,0,0,0,0,0,0,0,0,0,0,0,0,0,0,0,0,0,0,0,0,0,0,0,0,0,0,0,0,0,0,0,0,0,0,1,0,0,0,0,0,0,0,0,0,0,0,0,0,0,0,0,0,0,0,0,0,0,0,0,0,0,0,0,0,0,0,0,0,0,0,0,0,0,0,0,0,0,0,0,0,0,0,0,0,0,0,0,0,0,0,0,0,0,0,0,0,0,0,0,0,0,0,0,0,0,0,0,0,0,0,0,0,0,0,0,0,0,0,0,0,0,0,0,0,0,0,0,0,0,0,0,0,0,0,0,0,0,0,0,0,0,0,0,0,0,0,0,0,0,0,0,0,0,0,0,0,0,0,0,0,0,0,0,0,0,0,0,0,0,0,0,0,0,0,0,0,0,0,0,0,0,0,0,0,0,0,0,0,0,0,0,0,0,0,0,0,0,0,0,0,0,0,0,0,0,0,0,0,0,0,0,0,0,0,0,0,0,0,0,0,0,0,0,0,0,0,0,0,0,0,0,0,0,0,0,0,0,0,0,0,0,0,0,0,0,0,0,0,0,0,0,0,0,0,0,0,0,0,0,0,0,0,0,0,0,0,0,0,0,0,0,0,0,0,0,0,0,0,0,0,0,0,0,0,0,0,0,0,0,0,0,0,0,0,0,0,0,0,0,0,0,0,0,0,0,0,0,0,0,0,0,0,0,0,0,0,0,0,0,0,0,0,0,0,0,0,0,0,0,0,0,0,0,0,0,0,0,0,0,0,0,0,0,0,0,0,0,0,0,0,0,0,0,0,0,0,0,0,0,0,0,0,0,0,0,0,0,0,0,0
0,0,0,0,0,0,0,0,0,0,0,0,0,0,0,0,0,0,0,0,0,0,0,0,0,0,0,0,0,0,0,0,0,0,0,0,0,0,0,0,0,0,0,0,0,0,0,0,0,0,0,0,0,0,0,0,0,0,0,0,0,0,0,0,0,0,0,0,0,0,0,0,0,0,1,0,0,0,0,0,0,0,0,0,0,0,0,0,0,0,0,0,0,0,0,0,0,0,0,0,0,0,0,0,0,0,0,0,0,0,0,0,0,0,0,0,0,0,0,0,0,0,0,0,0,0,0,0,0,0,0,0,0,0,0,0,0,0,0,0,0,0,0,0,0,0,0,0,0,0,0,0,0,0,0,0,0,0,0,0,0,0,0,0,0,0,0,0,0,0,0,0,0,0,0,0,0,0,0,0,0,0,0,0,0,0,0,0,0,0,0,0,0,0,0,0,0,0,0,0,0,0,0,0,0,0,0,0,0,0,0,0,0,0,0,0,0,0,0,0,0,0,0,0,0,0,0,0,0,0,0,0,0,0,0,0,0,0,0,0,0,0,0,0,0,0,0,0,0,0,0,0,0,0,0,0,0,0,0,0,0,0,0,0,0,0,0,0,0,0,0,0,0,0,0,0,0,0,0,0,0,0,0,0,0,0,0,0,0,0,0,0,0,0,0,0,0,0,0,0,0,0,0,0,0,0,0,0,0,0,0,0,0,0,0,0,0,0,0,0,0,0,0,0,0,0,0,0,0,0,0,0,0,0,0,0,0,0,0,0,0,0,0,0,0,0,0,0,0,0,0,0,0,0,0,0,0,0,0,0,0,0,0,0,0,0,0,0,0,0,0,0,0,0,0,0,0,0,0,0,0,0,0,0,0,0,0,0,0,0,0,0,0,0,0,0,0,0,0,0,0,0,0,0,0,0,0,0,0
0,0.402580612417979,0,0.507134795648585,0.0953134799189487,0.0892681146452845,0.507134795648585,0.0545144690325174,0,0,0,0.106635281577545,0.0367574589715877,0.106635281577545,0,0.0545144690325174,0.132392281936114,0.0892681146452845,0.171260350449204,0.0285246310395475,0.0439086453554596,0.507134795648585,0,0.132392281936114,0.0439086453554596,0.0318790793130669,0.0318790793130669,0.0367574589715877,0,0,0,0,0.0953134799189487,0.21064982630663,0.21064982630663,0.106635281577545,0,0,0.106635281577545,0.132392281936114,0,0,0,0.0367574589715877,0,0,0.362987270563629,0,0,0.0774206211888767,0,0,0.271447940451988,0,0.0439086453554596,0,0,0,0.243646300369823,0,0,0.106635281577545,0.0953134799189487,0,0,0.0439086453554596,0.106635281577545,0.0439086453554596,0.117122319538408,0.109928959088172,0.0545144690325174,0.106635281577545,0,0,0,1,0.0545144690325174,0.0545144690325174,0,0.0439086453554596,0,0,0.0439086453554596,0,0.0439086453554596,0.0262054504903287,0.106635281577545,0,0.0892681146452845,0,0.231475594088875,0.0439086453554596,0,0,0,0,0.507134795648585,0,0,0,0,0,0,0.0774206211888767,0.0262054504903287,0.0285246310395475,0,0.107043163036001,0,0.117122319538408,0,0,0,0,0,0.109928959088172,0,0.324258305205187,0.0892681146452845,0.0892681146452845,0.16428333703628,0,0.0892681146452845,0.070518967832025,0,0,0,0,0,0,0.0774206211888767,0,0.0953134799189487,0.0545144690325174,0,0.424540231045856,0,0.0439086453554596,0.0545144690325174,0.106635281577545,0.507134795648585,0.507134795648585,0,0,0.0367574589715877,0.0774206211888767,0.106635281577545,0,0.0439086453554596,0.0545144690325174,0.106635281577545,0.0318790793130669,0,0.0953134799189487,0.0892681146452845,0.0262054504903287,0.0774206211888767,0.106635281577545,0.0318790793130669,0,0,0.0892681146452845,0.271447940451988,0,0.16428333703628,0,0,0,0,0.106635281577545,0.106635281577545,0,0.0367574589715877,0.132392281936114,0.106635281577545,0,0.0892681146452845,0,0.0892681146452845,0.106635281577545,0.0953134799189487,0,0,0,0,0,0.235421888921278,0.0439086453554596,0,0.0439086453554596,0.0367574589715877,0,0,0,0.0545144690325174,0,0,0,0,0,0,0.0545144690325174,0.324258305205187,0.0545144690325174,0.0545144690325174,0.0545144690325174,0,0.0367574589715877,0,0,0,0.106635281577545,0,0,0,0,0,0,0.0318790793130669,0.0774162791421573,0,0.106635281577545,0,0.106635281577545,0.0318790793130669,0,0.0545144690325174,0,0,0.0892681146452845,0.0439086453554596,0.132392281936114,0,0,0.221029460028499,0,0.106635281577545,0,0,0.0285246310395475,0,0.106635281577545,0,0,0.133769507391903,0.023476107285065,0.0285246310395475,0.0285246310395475,0.21064982630663,0.193523049830911,0.106635281577545,0,0,0,0,0,0,0.0318790793130669,0,0,0,0,0,0.0892681146452845,0,0.0892681146452845,0.106635281577545,0,0.0892681146452845,0.0774206211888767,0.0892681146452845,0,0.0367574589715877,0,0.0285246310395475,0,0,0.0318790793130669,0.0774162791421573,0.0865818037575277,0,0,0.0892681146452845,0,0,0.0439086453554596,0.0959314160080428,0,0.235421888921278,0.235421888921278,0,0,0,0,0,0,0,0,0,0.132392281936114,0,0,0,0.21064982630663,0,0,0.106635281577545,0,0.0692741039531869,0,0.0892681146452845,0,0,0,0,0,0,0,0,0,0.0318790793130669,0.107043163036001,0,0,0,0,0,0,0.0774206211888767,0.0367574589715877,0,0.0285246310395475,0.0439086453554596,0,0.117122319538408,0,0,0,0,0,0,0.0774206211888767,0,0,0,0,0,0.106635281577545,0,0,0.0692741039531869,0,0.271447940451988,0,0,0,0.107043163036001,0,0,0,0,0.070518967832025,0,0.0439086453554596,0,0.21064982630663,0,0.0439086453554596,0.21064982630663,0,0,0.0774206211888767,0.0892681146452845,0,0,0.106635281577545,0,0,0.0439086453554596,0.271447940451988,0,0.235421888921278,0.106635281577545,0,0,0,0,0,0,0,0,0,0,0,0,0,0,0,0,0.0285246310395475,0.0439086453554596,0.106635281577545,0.107043163036001,0,0.106635281577545,0,0,0,0
0,0.0865818037575277,0,0.0714299464323527,0.147105639620399,0.0613432731147329,0.0714299464323527,0.21027009483971,0,0,0,0.0714299464323527,0.0613432731147329,0.0714299464323527,0,0.21027009483971,0.0865818037575277,0.0613432731147329,0.109892388006257,0.0498579928542293,0.0714299464323527,0.0714299464323527,0,0.0865818037575277,0.0714299464323527,0.0545213728963117,0.0545213728963117,0.0613432731147329,0,0,0,0,0.147105639620399,0.0498579928542293,0.0498579928542293,0.0714299464323527,0,0,0.0714299464323527,0.0865818037575277,0,0,0,0.0613432731147329,0,0,0.155755625807193,0,0,0.0545213728963117,0,0,0.0613432731147329,0,0.0714299464323527,0,0,0,0.0865818037575277,0,0,0.0714299464323527,0.147105639620399,0,0,0.0714299464323527,0.0714299464323527,0.527498700621427,0.0466468368249435,0.0444245555713213,0.0865818037575277,0.0714299464323527,0,0,0,0.0545144690325174,1,0.0865818037575277,0,0.0714299464323527,0,0,0.0714299464323527,0,0.0714299464323527,0.0466468368249435,0.0714299464323527,0,0.0613432731147329,0,0.147105639620399,0.0714299464323527,0,0,0,0,0.0714299464323527,0,0,0,0,0,0,0.0545213728963117,0.0466468368249435,0.0498579928542293,0,0.0656073668246963,0,0.0466468368249435,0,0,0,0,0,0.0444245555713213,0,0.0714299464323527,0.0613432731147329,0.0613432731147329,0.0613432731147329,0,0.0613432731147329,0.266881513729481,0,0,0,0,0,0,0.0545213728963117,0,0.147105639620399,0.21027009483971,0,0.0613432731147329,0,0.0714299464323527,0.0865818037575277,0.0714299464323527,0.0714299464323527,0.0714299464323527,0,0,0.0613432731147329,0.0545213728963117,0.0714299464323527,0,0.0714299464323527,0.21027009483971,0.0714299464323527,0.0545213728963117,0,0.147105639620399,0.0613432731147329,0.0466468368249435,0.0545213728963117,0.0714299464323527,0.0545213728963117,0,0,0.0613432731147329,0.0613432731147329,0,0.0613432731147329,0,0,0,0,0.0714299464323527,0.0714299464323527,0,0.0613432731147329,0.0865818037575277,0.0714299464323527,0,0.0613432731147329,0,0.0613432731147329,0.0714299464323527,0.147105639620399,0,0,0,0,0,0.0545213728963117,0.319248127932352,0,0.0714299464323527,0.0613432731147329,0,0,0,0.0865818037575277,0,0,0,0,0,0,0.0865818037575277,0.0714299464323527,0.0865818037575277,0.0865818037575277,0.0865818037575277,0,0.0613432731147329,0,0,0,0.0714299464323527,0,0,0,0,0,0,0.0545213728963117,0.0509474689183968,0,0.0714299464323527,0,0.0714299464323527,0.0545213728963117,0,0.0865818037575277,0,0,0.0613432731147329,0.0714299464323527,0.0865818037575277,0,0,0.0470411711002957,0,0.0714299464323527,0,0,0.0498579928542293,0,0.0714299464323527,0,0,0.0470411711002957,0.0428812849891,0.0498579928542293,0.0498579928542293,0.0498579928542293,0.0466468368249435,0.0714299464323527,0,0,0,0,0,0,0.0545213728963117,0,0,0,0,0,0.0613432731147329,0,0.0613432731147329,0.0714299464323527,0,0.0613432731147329,0.0545213728963117,0.0613432731147329,0,0.0613432731147329,0,0.0498579928542293,0,0,0.0545213728963117,0.0509474689183968,0.0545144690325174,0,0,0.0613432731147329,0,0,0.0714299464323527,0.0656073668246963,0,0.0545213728963117,0.0545213728963117,0,0,0,0,0,0,0,0,0,0.0865818037575277,0,0,0,0.0498579928542293,0,0,0.0714299464323527,0,0.0498579928542293,0,0.0613432731147329,0,0,0,0,0,0,0,0,0,0.0545213728963117,0.0656073668246963,0,0,0,0,0,0,0.0545213728963117,0.0613432731147329,0,0.0498579928542293,0.0714299464323527,0,0.0466468368249435,0,0,0,0,0,0,0.0545213728963117,0,0,0,0,0,0.0714299464323527,0,0,0.0498579928542293,0,0.0613432731147329,0,0,0,0.0656073668246963,0,0,0,0,0.266881513729481,0,0.0714299464323527,0,0.0498579928542293,0,0.0714299464323527,0.0498579928542293,0,0,0.0545213728963117,0.0613432731147329,0,0,0.0714299464323527,0,0,0.527498700621427,0.0613432731147329,0,0.0545213728963117,0.0714299464323527,0,0,0,0,0,0,0,0,0,0,0,0,0,0,0,0,0.0498579928542293,0.0714299464323527,0.0714299464323527,0.0656073668246963,0,0.0714299464323527,0,0,0,0
0,0.0865818037575277,0,0.0714299464323527,0.147105639620399,0.0613432731147329,0.0714299464323527,0.0865818037575277,0,0,0,0.0714299464323527,0.148976520421494,0.0714299464323527,0,0.0865818037575277,0.0865818037575277,0.0613432731147329,0.109892388006257,0.0498579928542293,0.0714299464323527,0.0714299464323527,0,0.0865818037575277,0.0714299464323527,0.0545213728963117,0.0545213728963117,0.0613432731147329,0,0,0,0,0.147105639620399,0.0498579928542293,0.0498579928542293,0.0714299464323527,0,0,0.0714299464323527,0.0865818037575277,0,0,0,0.148976520421494,0,0,0.0641346694500205,0,0,0.0545213728963117,0,0,0.0613432731147329,0,0.0714299464323527,0,0,0,0.0865818037575277,0,0,0.0714299464323527,0.147105639620399,0,0,0.0714299464323527,0.0714299464323527,0.0714299464323527,0.0466468368249435,0.0444245555713213,0.0865818037575277,0.0714299464323527,0,0,0,0.0545144690325174,0.0865818037575277,1,0,0.319248127932352,0,0,0.319248127932352,0,0.319248127932352,0.0466468368249435,0.0714299464323527,0,0.0613432731147329,0,0.147105639620399,0.319248127932352,0,0,0,0,0.0714299464323527,0,0,0,0,0,0,0.0545213728963117,0.0466468368249435,0.0498579928542293,0,0.0656073668246963,0,0.0466468368249435,0,0,0,0,0,0.0444245555713213,0,0.0714299464323527,0.0613432731147329,0.0613432731147329,0.0613432731147329,0,0.0613432731147329,0.109892388006257,0,0,0,0,0,0,0.0545213728963117,0,0.147105639620399,0.0865818037575277,0,0.0613432731147329,0,0.173472727049999,0.0865818037575277,0.0714299464323527,0.0714299464323527,0.0714299464323527,0,0,0.0613432731147329,0.0545213728963117,0.0714299464323527,0,0.0714299464323527,0.0865818037575277,0.0714299464323527,0.0545213728963117,0,0.147105639620399,0.0613432731147329,0.0466468368249435,0.0545213728963117,0.0714299464323527,0.0545213728963117,0,0,0.0613432731147329,0.0613432731147329,0,0.0613432731147329,0,0,0,0,0.0714299464323527,0.0714299464323527,0,0.0613432731147329,0.0865818037575277,0.0714299464323527,0,0.0613432731147329,0,0.0613432731147329,0.0714299464323527,0.147105639620399,0,0,0,0,0,0.0545213728963117,0.0714299464323527,0,0.0714299464323527,0.0613432731147329,0,0,0,0.386967653528542,0,0,0,0,0,0,0.639392737369731,0.0714299464323527,0.386967653528542,0.386967653528542,0.386967653528542,0,0.148976520421494,0,0,0,0.0714299464323527,0,0,0,0,0,0,0.0545213728963117,0.0509474689183968,0,0.0714299464323527,0,0.0714299464323527,0.0545213728963117,0,0.639392737369731,0,0,0.0613432731147329,0.173472727049999,0.0865818037575277,0,0,0.0470411711002957,0,0.0714299464323527,0,0,0.0498579928542293,0,0.0714299464323527,0,0,0.0470411711002957,0.0428812849891,0.0498579928542293,0.0498579928542293,0.0498579928542293,0.0466468368249435,0.0714299464323527,0,0,0,0,0,0,0.0545213728963117,0,0,0,0,0,0.0613432731147329,0,0.0613432731147329,0.0714299464323527,0,0.0613432731147329,0.0545213728963117,0.0613432731147329,0,0.0613432731147329,0,0.0498579928542293,0,0,0.0545213728963117,0.0509474689183968,0.0545144690325174,0,0,0.0613432731147329,0,0,0.173472727049999,0.293224761930786,0,0.0545213728963117,0.0545213728963117,0,0,0,0,0,0,0,0,0,0.0865818037575277,0,0,0,0.0498579928542293,0,0,0.0714299464323527,0,0.0498579928542293,0,0.0613432731147329,0,0,0,0,0,0,0,0,0,0.0545213728963117,0.0656073668246963,0,0,0,0,0,0,0.0545213728963117,0.0613432731147329,0,0.0498579928542293,0.173472727049999,0,0.0466468368249435,0,0,0,0,0,0,0.0545213728963117,0,0,0,0,0,0.0714299464323527,0,0,0.0498579928542293,0,0.0613432731147329,0,0,0,0.0656073668246963,0,0,0,0,0.109892388006257,0,0.319248127932352,0,0.0498579928542293,0,0.0714299464323527,0.0498579928542293,0,0,0.0545213728963117,0.0613432731147329,0,0,0.0714299464323527,0,0,0.0714299464323527,0.0613432731147329,0,0.0545213728963117,0.0714299464323527,0,0,0,0,0,0,0,0,0,0,0,0,0,0,0,0,0.0498579928542293,0.0714299464323527,0.0714299464323527,0.0656073668246963,0,0.0714299464323527,0,0,0,0
0,0,0,0,0,0,0,0,0,0,0,0,0,0,0,0,0,0,0,0,0,0,0,0,0,0,0,0,0,0,0,0,0,0,0,0,0,0,0,0,0,0,0,0,0,0,0,0,0,0,0,0,0,0,0,0,0,0,0,0,0,0,0,0,0,0,0,0,0,0,0,0,0,0,0,0,0,0,1,0,0,0,0,0,0,0,0,0,0,0,0,0,0,0,0,0,0,0,0,0,0,0,0,0,0,0,0,0,0,0,0,0,0,0,0,0,0,0,0,0,0,0,0,0,0,0,0,0,0,0,0,0,0,0,0,0,0,0,0,0,0,0,0,0,0,0,0,0,0,0,0,0,0,0,0,0,0,0,0,0,0,0,0,0,0,0,0,0,0,0,0,0,0,0,0,0,0,0,0,0,0,0,0,0,0,0,0,0,0,0,0,0,0,0,0,0,0,0,0,0,0,0,0,0,0,0,0,0,0,0,0,0,0,0,0,0,0,0,0,0,0,0,0,0,0,0,0,0,0,0,0,0,0,0,0,0,0,0,0,0,0,0,0,0,0,0,0,0,0,0,0,0,0,0,0,0,0,0,0,0,0,0,0,0,0,0,0,0,0,0,0,0,0,0,0,0,0,0,0,0,0,0,0,0,0,0,0,0,0,0,0,0,0,0,0,0,0,0,0,0,0,0,0,0,0,0,0,0,0,0,0,0,0,0,0,0,0,0,0,0,0,0,0,0,0,0,0,0,0,0,0,0,0,0,0,0,0,0,0,0,0,0,0,0,0,0,0,0,0,0,0,0,0,0,0,0,0,0,0,0,0,0,0,0,0,0,0,0,0,0,0,0,0,0,0,0,0,0,0,0,0,0,0,0,0,0,0,0,0,0,0,0,0,0,0,0,0,0,0,0,0,0,0,0,0,0,0,0,0
0,0.0714299464323527,0,0.0571439257166366,0.128249502550101,0.0476199206365212,0.0571439257166366,0.0714299464323527,0,0,0,0.0571439257166366,0.115648378688694,0.0571439257166366,0,0.0714299464323527,0.0714299464323527,0.0476199206365212,0.0933602719681705,0.0367619429090039,0.0571439257166366,0.0571439257166366,0,0.0714299464323527,0.0571439257166366,0.041172338956928,0.041172338956928,0.0476199206365212,0,0,0,0,0.128249502550101,0.0367619429090039,0.0367619429090039,0.0571439257166366,0,0,0.0571439257166366,0.0714299464323527,0,0,0,0.115648378688694,0,0,0.0533176407887724,0,0,0.041172338956928,0,0,0.0476199206365212,0,0.0571439257166366,0,0,0,0.0714299464323527,0,0,0.0571439257166366,0.128249502550101,0,0,0.0571439257166366,0.0571439257166366,0.0571439257166366,0.0337236205744276,0.0316202950567523,0.0714299464323527,0.0571439257166366,0,0,0,0.0439086453554596,0.0714299464323527,0.319248127932352,0,1,0,0,0.659999251998354,0,0.659999251998354,0.0337236205744276,0.0571439257166366,0,0.0476199206365212,0,0.128249502550101,0.659999251998354,0,0,0,0,0.0571439257166366,0,0,0,0,0,0,0.041172338956928,0.0337236205744276,0.0367619429090039,0,0.0545144690325174,0,0.0337236205744276,0,0,0,0,0,0.0316202950567523,0,0.0571439257166366,0.0476199206365212,0.0476199206365212,0.0476199206365212,0,0.0476199206365212,0.0933602719681705,0,0,0,0,0,0,0.041172338956928,0,0.128249502550101,0.0714299464323527,0,0.0476199206365212,0,0.138778105311832,0.0714299464323527,0.0571439257166366,0.0571439257166366,0.0571439257166366,0,0,0.0476199206365212,0.041172338956928,0.0571439257166366,0,0.0571439257166366,0.0714299464323527,0.0571439257166366,0.041172338956928,0,0.128249502550101,0.0476199206365212,0.0337236205744276,0.041172338956928,0.0571439257166366,0.041172338956928,0,0,0.0476199206365212,0.0476199206365212,0,0.0476199206365212,0,0,0,0,0.0571439257166366,0.0571439257166366,0,0.0476199206365212,0.0714299464323527,0.0571439257166366,0,0.0476199206365212,0,0.0476199206365212,0.0571439257166366,0.128249502550101,0,0,0,0,0,0.041172338956928,0.0571439257166366,0,0.0571439257166366,0.0476199206365212,0,0,0,0.319248127932352,0,0,0,0,0,0,0.319248127932352,0.0571439257166366,0.319248127932352,0.319248127932352,0.319248127932352,0,0.115648378688694,0,0,0,0.0571439257166366,0,0,0,0,0,0,0.041172338956928,0.0397384474440781,0,0.0571439257166366,0,0.0571439257166366,0.041172338956928,0,0.319248127932352,0,0,0.0476199206365212,0.138778105311832,0.0714299464323527,0,0,0.0367574589715877,0,0.0571439257166366,0,0,0.0367619429090039,0,0.0571439257166366,0,0,0.0367574589715877,0.0301593188641145,0.0367619429090039,0.0367619429090039,0.0367619429090039,0.0337236205744276,0.0571439257166366,0,0,0,0,0,0,0.041172338956928,0,0,0,0,0,0.0476199206365212,0,0.0476199206365212,0.0571439257166366,0,0.0476199206365212,0.041172338956928,0.0476199206365212,0,0.0476199206365212,0,0.0367619429090039,0,0,0.041172338956928,0.0397384474440781,0.0439086453554596,0,0,0.0476199206365212,0,0,0.138778105311832,0.243646300369823,0,0.041172338956928,0.041172338956928,0,0,0,0,0,0,0,0,0,0.0714299464323527,0,0,0,0.0367619429090039,0,0,0.0571439257166366,0,0.0367619429090039,0,0.0476199206365212,0,0,0,0,0,0,0,0,0,0.041172338956928,0.0545144690325174,0,0,0,0,0,0,0.041172338956928,0.0476199206365212,0,0.0367619429090039,0.138778105311832,0,0.0337236205744276,0,0,0,0,0,0,0.041172338956928,0,0,0,0,0,0.0571439257166366,0,0,0.0367619429090039,0,0.0476199206365212,0,0,0,0.0545144690325174,0,0,0,0,0.0933602719681705,0,0.255398361876396,0,0.0367619429090039,0,0.0571439257166366,0.0367619429090039,0,0,0.041172338956928,0.0476199206365212,0,0,0.0571439257166366,0,0,0.0571439257166366,0.0476199206365212,0,0.041172338956928,0.0571439257166366,0,0,0,0,0,0,0,0,0,0,0,0,0,0,0,0,0.0367619429090039,0.0571439257166366,0.0571439257166366,0.0545144690325174,0,0.0571439257166366,0,0,0,0
0,0,0,0,0,0,0,0,0,0,0,0,0,0,0,0,0,0,0,0,0,0,0,0,0,0,0,0,0,0,0,0,0,0,0,0,0,0,0,0,0,0,0,0,0,0,0,0,0,0,0,0,0,0,0,0,0,0,0,0,0,0,0,0,0,0,0,0,0,0,0,0,0,0,0,0,0,0,0,0,1,0,0,0,0,0,0,0,0,0,0,0,0,0,0,0,0,0,0,0,0,0,0,0,0,0,0,0,0,0,0,0,0,0,0,0,0,0,0,0,0,0,0,0,0,0,0,0,0,0,0,0,0,0,0,0,0,0,0,0,0,0,0,0,0,0,0,0,0,0,0,0,0,0,0,0,0,0,0,0,0,0,0,0,0,0,0,0,0,0,0,0,0,0,0,0,0,0,0,0,0,0,0,0,0,0,0,0,0,0,0,0,0,0,0,0,0,0,0,0,0,0,0,0,0,0,0,0,0,0,0,0,0,0,0,0,0,0,0,0,0,0,0,0,0,0,0,0,0,0,0,0,0,0,0,0,0,0,0,0,0,0,0,0,0,0,0,0,0,0,0,0,0,0,0,0,0,0,0,0,0,0,0,0,0,0,0,0,0,0,0,0,0,0,0,0,0,0,0,0,0,0,0,0,0,0,0,0,0,0,0,0,0,0,0,0,0,0,0,0,0,0,0,0,0,0,0,0,0,0,0,0,0,0,0,0,0,0,0,0,0,0,0,0,0,0,0,0,0,0,0,0,0,0,0,0,0,0,0,0,0,0,0,0,0,0,0,0,0,0,0,0,0,0,0,0,0,0,0,0,0,0,0,0,0,0,0,0,0,0,0,0,0,0,0,0,0,0,0,0,0,0,0,0,0,0,0,0,0,0,0,0,0,0,0,0,0,0,0,0,0,0,0,0,0,0,0,0,0
0,0,0,0,0,0,0,0,0,0,0,0,0,0,0,0,0,0,0,0,0,0,0,0,0,0,0,0,0,0,0,0,0,0,0,0,0,0,0,0,0,0,0,0,0,0,0,0,0,0,0,0,0,0,0,0,0,0,0,0,0,0,0,0,0,0,0,0,0,0,0,0,0,0,0,0,0,0,0,0,0,1,0,0,0,0,0,0,0,0,0,0,0,0,0,0,0,0,0,0,0,0,0,0,0,0,0,0,0,0,0,0,0,0,0,0,0,0,0,0,0,0,0,0,0,0,0,0,0,0,0,0,0,0,0,0,0,0,0,0,0,0,0,0,0,0,0,0,0,0,0,0,0,0,0,0,0,0,0,0,0,0,0,0,0,0,0,0,0,0,0,0,0,0,0,0,0,0,0,0,0,0,0,0,0,0,0,0,0,0,0,0,0,0,0,0,0,0,0,0,0,0,0,0,0,0,0,0,0,0,0,0,0,0,0,0,0,0,0,0,0,0,0,0,0,0,0,0,0,0,0,0,0,0,0,0,0,0,0,0,0,0,0,0,0,0,0,0,0,0,0,0,0,0,0,0,0,0,0,0,0,0,0,0,0,0,0,0,0,0,0,0,0,0,0,0,0,0,0,0,0,0,0,0,0,0,0,0,0,0,0,0,0,0,0,0,0,0,0,0,0,0,0,0,0,0,0,0,0,0,0,0,0,0,0,0,0,0,0,0,0,0,0,0,0,0,0,0,0,0,0,0,0,0,0,0,0,0,0,0,0,0,0,0,0,0,0,0,0,0,0,0,0,0,0,0,0,0,0,0,0,0,0,0,0,0,0,0,0,0,0,0,0,0,0,0,0,0,0,0,0,0,0,0,0,0,0,0,0,0,0,0,0,0,0,0,0,0,0,0,0,0,0,0,0,0,0,0,0
0,0.0714299464323527,0,0.0571439257166366,0.128249502550101,0.0476199206365212,0.0571439257166366,0.0714299464323527,0,0,0,0.0571439257166366,0.115648378688694,0.0571439257166366,0,0.0714299464323527,0.0714299464323527,0.0476199206365212,0.0933602719681705,0.0367619429090039,0.0571439257166366,0.0571439257166366,0,0.0714299464323527,0.0571439257166366,0.041172338956928,0.041172338956928,0.0476199206365212,0,0,0,0,0.128249502550101,0.0367619429090039,0.0367619429090039,0.0571439257166366,0,0,0.0571439257166366,0.0714299464323527,0,0,0,0.115648378688694,0,0,0.0533176407887724,0,0,0.041172338956928,0,0,0.0476199206365212,0,0.0571439257166366,0,0,0,0.0714299464323527,0,0,0.0571439257166366,0.128249502550101,0,0,0.0571439257166366,0.0571439257166366,0.0571439257166366,0.0337236205744276,0.0316202950567523,0.0714299464323527,0.0571439257166366,0,0,0,0.0439086453554596,0.0714299464323527,0.319248127932352,0,0.659999251998354,0,0,1,0,0.659999251998354,0.0337236205744276,0.0571439257166366,0,0.0476199206365212,0,0.128249502550101,0.659999251998354,0,0,0,0,0.0571439257166366,0,0,0,0,0,0,0.041172338956928,0.0337236205744276,0.0367619429090039,0,0.0545144690325174,0,0.0337236205744276,0,0,0,0,0,0.0316202950567523,0,0.0571439257166366,0.0476199206365212,0.0476199206365212,0.0476199206365212,0,0.0476199206365212,0.0933602719681705,0,0,0,0,0,0,0.041172338956928,0,0.128249502550101,0.0714299464323527,0,0.0476199206365212,0,0.138778105311832,0.0714299464323527,0.0571439257166366,0.0571439257166366,0.0571439257166366,0,0,0.0476199206365212,0.041172338956928,0.0571439257166366,0,0.0571439257166366,0.0714299464323527,0.0571439257166366,0.041172338956928,0,0.128249502550101,0.0476199206365212,0.0337236205744276,0.041172338956928,0.0571439257166366,0.041172338956928,0,0,0.0476199206365212,0.0476199206365212,0,0.0476199206365212,0,0,0,0,0.0571439257166366,0.0571439257166366,0,0.0476199206365212,0.0714299464323527,0.0571439257166366,0,0.0476199206365212,0,0.0476199206365212,0.0571439257166366,0.128249502550101,0,0,0,0,0,0.041172338956928,0.0571439257166366,0,0.0571439257166366,0.0476199206365212,0,0,0,0.319248127932352,0,0,0,0,0,0,0.319248127932352,0.0571439257166366,0.319248127932352,0.319248127932352,0.319248127932352,0,0.115648378688694,0,0,0,0.0571439257166366,0,0,0,0,0,0,0.041172338956928,0.0397384474440781,0,0.0571439257166366,0,0.0571439257166366,0.041172338956928,0,0.319248127932352,0,0,0.0476199206365212,0.138778105311832,0.0714299464323527,0,0,0.0367574589715877,0,0.0571439257166366,0,0,0.0367619429090039,0,0.0571439257166366,0,0,0.0367574589715877,0.0301593188641145,0.0367619429090039,0.0367619429090039,0.0367619429090039,0.0337236205744276,0.0571439257166366,0,0,0,0,0,0,0.041172338956928,0,0,0,0,0,0.0476199206365212,0,0.0476199206365212,0.0571439257166366,0,0.0476199206365212,0.041172338956928,0.0476199206365212,0,0.0476199206365212,0,0.0367619429090039,0,0,0.041172338956928,0.0397384474440781,0.0439086453554596,0,0,0.0476199206365212,0,0,0.138778105311832,0.243646300369823,0,0.041172338956928,0.041172338956928,0,0,0,0,0,0,0,0,0,0.0714299464323527,0,0,0,0.0367619429090039,0,0,0.0571439257166366,0,0.0367619429090039,0,0.0476199206365212,0,0,0,0,0,0,0,0,0,0.041172338956928,0.0545144690325174,0,0,0,0,0,0,0.041172338956928,0.0476199206365212,0,0.0367619429090039,0.138778105311832,0,0.0337236205744276,0,0,0,0,0,0,0.041172338956928,0,0,0,0,0,0.0571439257166366,0,0,0.0367619429090039,0,0.0476199206365212,0,0,0,0.0545144690325174,0,0,0,0,0.0933602719681705,0,0.255398361876396,0,0.0367619429090039,0,0.0571439257166366,0.0367619429090039,0,0,0.041172338956928,0.0476199206365212,0,0,0.0571439257166366,0,0,0.0571439257166366,0.0476199206365212,0,0.041172338956928,0.0571439257166366,0,0,0,0,0,0,0,0,0,0,0,0,0,0,0,0,0.0367619429090039,0.0571439257166366,0.0571439257166366,0.0545144690325174,0,0.0571439257166366,0,0,0,0
0,0,0,0,0,0,0,0,0,0,0,0,0,0,0,0,0,0,0,0,0,0,0,0,0,0,0,0,0,0,0,0,0,0,0,0,0,0,0,0,0,0,0,0,0,0,0,0,0,0,0,0,0,0,0,0,0,0,0,0,0,0,0,0,0,0,0,0,0,0,0,0,0,0,0,0,0,0,0,0,0,0,0,1,0,0,0,0,0,0,0,0,0,0,0,0,0,0,0,0,0,0,0,0,0,0,0,0,0,0,0,0,0,0,0,0,0,0,0,0,0,0,0,0,0,0,0,0,0,0,0,0,0,0,0,0,0,0,0,0,0,0,0,0,0,0,0,0,0,0,0,0,0,0,0,0,0,0,0,0,0,0,0,0,0,0,0,0,0,0,0,0,0,0,0,0,0,0,0,0,0,0,0,0,0,0,0,0,0,0,0,0,0,0,0,0,0,0,0,0,0,0,0,0,0,0,0,0,0,0,0,0,0,0,0,0,0,0,0,0,0,0,0,0,0,0,0,0,0,0,0,0,0,0,0,0,0,0,0,0,0,0,0,0,0,0,0,0,0,0,0,0,0,0,0,0,0,0,0,0,0,0,0,0,0,0,0,0,0,0,0,0,0,0,0,0,0,0,0,0,0,0,0,0,0,0,0,0,0,0,0,0,0,0,0,0,0,0,0,0,0,0,0,0,0,0,0,0,0,0,0,0,0,0,0,0,0,0,0,0,0,0,0,0,0,0,0,0,0,0,0,0,0,0,0,0,0,0,0,0,0,0,0,0,0,0,0,0,0,0,0,0,0,0,0,0,0,0,0,0,0,0,0,0,0,0,0,0,0,0,0,0,0,0,0,0,0,0,0,0,0,0,0,0,0,0,0,0,0,0,0,0,0,0,0,0,0,0,0,0,0,0,0,0,0,0,0,0,0
0,0.0714299464323527,0,0.0571439257166366,0.128249502550101,0.0476199206365212,0.0571439257166366,0.0714299464323527,0,0,0,0.0571439257166366,0.115648378688694,0.0571439257166366,0,0.0714299464323527,0.0714299464323527,0.0476199206365212,0.0933602719681705,0.0367619429090039,0.0571439257166366,0.0571439257166366,0,0.0714299464323527,0.0571439257166366,0.041172338956928,0.041172338956928,0.0476199206365212,0,0,0,0,0.128249502550101,0.0367619429090039,0.0367619429090039,0.0571439257166366,0,0,0.0571439257166366,0.0714299464323527,0,0,0,0.115648378688694,0,0,0.0533176407887724,0,0,0.041172338956928,0,0,0.0476199206365212,0,0.0571439257166366,0,0,0,0.0714299464323527,0,0,0.0571439257166366,0.128249502550101,0,0,0.0571439257166366,0.0571439257166366,0.0571439257166366,0.0337236205744276,0.0316202950567523,0.0714299464323527,0.0571439257166366,0,0,0,0.0439086453554596,0.0714299464323527,0.319248127932352,0,0.659999251998354,0,0,0.659999251998354,0,1,0.0337236205744276,0.0571439257166366,0,0.0476199206365212,0,0.128249502550101,0.659999251998354,0,0,0,0,0.0571439257166366,0,0,0,0,0,0,0.041172338956928,0.0337236205744276,0.0367619429090039,0,0.0545144690325174,0,0.0337236205744276,0,0,0,0,0,0.0316202950567523,0,0.0571439257166366,0.0476199206365212,0.0476199206365212,0.0476199206365212,0,0.0476199206365212,0.0933602719681705,0,0,0,0,0,0,0.041172338956928,0,0.128249502550101,0.0714299464323527,0,0.0476199206365212,0,0.138778105311832,0.0714299464323527,0.0571439257166366,0.0571439257166366,0.0571439257166366,0,0,0.0476199206365212,0.041172338956928,0.0571439257166366,0,0.0571439257166366,0.0714299464323527,0.0571439257166366,0.041172338956928,0,0.128249502550101,0.0476199206365212,0.0337236205744276,0.041172338956928,0.0571439257166366,0.041172338956928,0,0,0.0476199206365212,0.0476199206365212,0,0.0476199206365212,0,0,0,0,0.0571439257166366,0.0571439257166366,0,0.0476199206365212,0.0714299464323527,0.0571439257166366,0,0.0476199206365212,0,0.0476199206365212,0.0571439257166366,0.128249502550101,0,0,0,0,0,0.041172338956928,0.0571439257166366,0,0.0571439257166366,0.0476199206365212,0,0,0,0.319248127932352,0,0,0,0,0,0,0.319248127932352,0.0571439257166366,0.319248127932352,0.319248127932352,0.319248127932352,0,0.115648378688694,0,0,0,0.0571439257166366,0,0,0,0,0,0,0.041172338956928,0.0397384474440781,0,0.0571439257166366,0,0.0571439257166366,0.041172338956928,0,0.319248127932352,0,0,0.0476199206365212,0.138778105311832,0.0714299464323527,0,0,0.0367574589715877,0,0.0571439257166366,0,0,0.0367619429090039,0,0.0571439257166366,0,0,0.0367574589715877,0.0301593188641145,0.0367619429090039,0.0367619429090039,0.0367619429090039,0.0337236205744276,0.0571439257166366,0,0,0,0,0,0,0.041172338956928,0,0,0,0,0,0.0476199206365212,0,0.0476199206365212,0.0571439257166366,0,0.0476199206365212,0.041172338956928,0.0476199206365212,0,0.0476199206365212,0,0.0367619429090039,0,0,0.041172338956928,0.0397384474440781,0.0439086453554596,0,0,0.0476199206365212,0,0,0.138778105311832,0.243646300369823,0,0.041172338956928,0.041172338956928,0,0,0,0,0,0,0,0,0,0.0714299464323527,0,0,0,0.0367619429090039,0,0,0.0571439257166366,0,0.0367619429090039,0,0.0476199206365212,0,0,0,0,0,0,0,0,0,0.041172338956928,0.0545144690325174,0,0,0,0,0,0,0.041172338956928,0.0476199206365212,0,0.0367619429090039,0.138778105311832,0,0.0337236205744276,0,0,0,0,0,0,0.041172338956928,0,0,0,0,0,0.0571439257166366,0,0,0.0367619429090039,0,0.0476199206365212,0,0,0,0.0545144690325174,0,0,0,0,0.0933602719681705,0,0.255398361876396,0,0.0367619429090039,0,0.0571439257166366,0.0367619429090039,0,0,0.041172338956928,0.0476199206365212,0,0,0.0571439257166366,0,0,0.0571439257166366,0.0476199206365212,0,0.041172338956928,0.0571439257166366,0,0,0,0,0,0,0,0,0,0,0,0,0,0,0,0,0.0367619429090039,0.0571439257166366,0.0571439257166366,0.0545144690325174,0,0.0571439257166366,0,0,0,0
0,0.0466468368249435,0,0.0337236205744276,0.0976858574475728,0.0250877674831517,0.0337236205744276,0.0466468368249435,0,0,0,0.0337236205744276,0.0250877674831517,0.0337236205744276,0,0.0466468368249435,0.0466468368249435,0.0250877674831517,0.0664140661903645,0.11241482621018,0.38950009252372,0.0337236205744276,0,0.0466468368249435,0.249043530364504,0.142026451563498,0.142026451563498,0.0250877674831517,0,0,0,0,0.0976858574475728,0.0152223787564515,0.0152223787564515,0.0337236205744276,0,0,0.0337236205744276,0.0466468368249435,0,0,0,0.0250877674831517,0,0,0.0352619034804085,0,0,0.0192321645820291,0,0,0.0250877674831517,0,0.249043530364504,0,0,0,0.0466468368249435,0,0,0.0337236205744276,0.0976858574475728,0,0,0.249043530364504,0.0337236205744276,0.0337236205744276,0.0124579894676926,0.0105433190523407,0.208482801319646,0.0337236205744276,0,0,0,0.0262054504903287,0.0466468368249435,0.0466468368249435,0,0.0337236205744276,0,0,0.0337236205744276,0,0.0337236205744276,1,0.0337236205744276,0,0.0250877674831517,0,0.0976858574475728,0.0337236205744276,0,0,0,0,0.0337236205744276,0,0,0,0,0,0,0.0192321645820291,0.0920002545821146,0.11241482621018,0,0.0360231344013513,0,0.0124579894676926,0,0,0,0,0,0.0105433190523407,0,0.0337236205744276,0.0250877674831517,0.0250877674831517,0.0250877674831517,0,0.0250877674831517,0.0664140661903645,0,0,0,0,0,0,0.0192321645820291,0,0.0976858574475728,0.0466468368249435,0,0.0250877674831517,0,0.0337236205744276,0.113285175146291,0.0337236205744276,0.0337236205744276,0.0337236205744276,0,0,0.185269140043217,0.0192321645820291,0.0337236205744276,0,0.0337236205744276,0.0466468368249435,0.0337236205744276,0.142026451563498,0,0.0976858574475728,0.0250877674831517,0.0920002545821146,0.0192321645820291,0.0337236205744276,0.142026451563498,0,0,0.0250877674831517,0.0250877674831517,0,0.0250877674831517,0,0,0,0,0.0337236205744276,0.0337236205744276,0,0.439027721118709,0.0466468368249435,0.0337236205744276,0,0.0250877674831517,0,0.0250877674831517,0.0337236205744276,0.0976858574475728,0,0,0,0,0,0.0192321645820291,0.0337236205744276,0,0.249043530364504,0.0250877674831517,0,0,0,0.0466468368249435,0,0,0,0,0,0,0.0466468368249435,0.0337236205744276,0.0466468368249435,0.0466468368249435,0.0466468368249435,0,0.0250877674831517,0,0,0,0.0337236205744276,0,0,0,0,0,0,0.0859560008870281,0.0211007926490547,0,0.0337236205744276,0,0.0337236205744276,0.142026451563498,0,0.0466468368249435,0,0,0.0250877674831517,0.0337236205744276,0.0466468368249435,0,0,0.0195763558973341,0,0.0337236205744276,0,0,0.11241482621018,0,0.0337236205744276,0,0,0.0195763558973341,0.0680358734973793,0.11241482621018,0.11241482621018,0.0152223787564515,0.0124579894676926,0.0337236205744276,0,0,0,0,0,0,0.142026451563498,0,0,0,0,0,0.0250877674831517,0,0.0250877674831517,0.0337236205744276,0,0.0250877674831517,0.0192321645820291,0.0250877674831517,0,0.185269140043217,0,0.11241482621018,0,0,0.142026451563498,0.0211007926490547,0.0262054504903287,0,0,0.0250877674831517,0,0,0.0337236205744276,0.0360231344013513,0,0.0192321645820291,0.0192321645820291,0,0,0,0,0,0,0,0,0,0.0466468368249435,0,0,0,0.0152223787564515,0,0,0.0337236205744276,0,0.0152223787564515,0,0.0250877674831517,0,0,0,0,0,0,0,0,0,0.0467066854134993,0.0360231344013513,0,0,0,0,0,0,0.0192321645820291,0.185269140043217,0,0.11241482621018,0.0337236205744276,0,0.0124579894676926,0,0,0,0,0,0,0.0192321645820291,0,0,0,0,0,0.0337236205744276,0,0,0.0152223787564515,0,0.0250877674831517,0,0,0,0.0360231344013513,0,0,0,0,0.0664140661903645,0,0.0337236205744276,0,0.0152223787564515,0,0.249043530364504,0.0152223787564515,0,0,0.0192321645820291,0.0250877674831517,0,0,0.0337236205744276,0,0,0.0337236205744276,0.0250877674831517,0,0.0192321645820291,0.0337236205744276,0,0,0,0,0,0,0,0,0,0,0,0,0,0,0,0,0.11241482621018,0.249043530364504,0.0337236205744276,0.0360231344013513,0,0.0337236205744276,0,0,0,0
0,0.173472727049999,0,0.0571439257166366,0.128249502550101,0.115648378688694,0.0571439257166366,0.0714299464323527,0,0,0,0.421998728397202,0.0476199206365212,0.138778105311832,0,0.0714299464323527,0.173472727049999,0.212831890191799,0.226732089065557,0.0367619429090039,0.0571439257166366,0.0571439257166366,0,0.527498700621427,0.0571439257166366,0.041172338956928,0.041172338956928,0.0476199206365212,0,0,0,0,0.128249502550101,0.0892790042075809,0.0892790042075809,0.421998728397202,0,0,0.421998728397202,0.173472727049999,0,0,0,0.0476199206365212,0,0,0.106635281577545,0,0,0.0999899660382537,0,0,0.115648378688694,0,0.0571439257166366,0,0,0,0.0714299464323527,0,0,0.138778105311832,0.128249502550101,0,0,0.0571439257166366,0.138778105311832,0.0571439257166366,0.0819002213950383,0.0767921451378269,0.0714299464323527,0.138778105311832,0,0,0,0.106635281577545,0.0714299464323527,0.0714299464323527,0,0.0571439257166366,0,0,0.0571439257166366,0,0.0571439257166366,0.0337236205744276,1,0,0.115648378688694,0,0.128249502550101,0.0571439257166366,0,0,0,0,0.0571439257166366,0,0,0,0,0,0,0.0999899660382537,0.0337236205744276,0.0367619429090039,0,0.132392281936114,0,0.0819002213950383,0,0,0,0,0,0.0767921451378269,0,0.138778105311832,0.115648378688694,0.115648378688694,0.115648378688694,0,0.115648378688694,0.0933602719681705,0,0,0,0,0,0,0.0999899660382537,0,0.128249502550101,0.0714299464323527,0,0.115648378688694,0,0.0571439257166366,0.0714299464323527,0.421998728397202,0.0571439257166366,0.0571439257166366,0,0,0.0476199206365212,0.0999899660382537,0.138778105311832,0,0.0571439257166366,0.0714299464323527,0.421998728397202,0.041172338956928,0,0.128249502550101,0.115648378688694,0.0337236205744276,0.0999899660382537,0.138778105311832,0.041172338956928,0,0,0.115648378688694,0.115648378688694,0,0.115648378688694,0,0,0,0,0.138778105311832,0.138778105311832,0,0.0476199206365212,0.173472727049999,0.659999251998354,0,0.115648378688694,0,0.115648378688694,0.138778105311832,0.128249502550101,0,0,0,0,0,0.0999899660382537,0.0571439257166366,0,0.0571439257166366,0.0476199206365212,0,0,0,0.0714299464323527,0,0,0,0,0,0,0.0714299464323527,0.0571439257166366,0.0714299464323527,0.0714299464323527,0.0714299464323527,0,0.0476199206365212,0,0,0,0.138778105311832,0,0,0,0,0,0,0.041172338956928,0.0965076580784755,0,0.138778105311832,0,0.138778105311832,0.041172338956928,0,0.0714299464323527,0,0,0.115648378688694,0.0571439257166366,0.173472727049999,0,0,0.0892681146452845,0,0.138778105311832,0,0,0.0367619429090039,0,0.138778105311832,0,0,0.0892681146452845,0.0301593188641145,0.0367619429090039,0.0367619429090039,0.0892790042075809,0.0819002213950383,0.138778105311832,0,0,0,0,0,0,0.041172338956928,0,0,0,0,0,0.115648378688694,0,0.115648378688694,0.138778105311832,0,0.115648378688694,0.0999899660382537,0.115648378688694,0,0.0476199206365212,0,0.0367619429090039,0,0,0.041172338956928,0.0965076580784755,0.106635281577545,0,0,0.115648378688694,0,0,0.0571439257166366,0.118649138482538,0,0.0999899660382537,0.0999899660382537,0,0,0,0,0,0,0,0,0,0.173472727049999,0,0,0,0.0892790042075809,0,0,0.138778105311832,0,0.0892790042075809,0,0.115648378688694,0,0,0,0,0,0,0,0,0,0.041172338956928,0.132392281936114,0,0,0,0,0,0,0.0999899660382537,0.0476199206365212,0,0.0367619429090039,0.0571439257166366,0,0.0819002213950383,0,0,0,0,0,0,0.0999899660382537,0,0,0,0,0,0.421998728397202,0,0,0.0892790042075809,0,0.115648378688694,0,0,0,0.132392281936114,0,0,0,0,0.0933602719681705,0,0.0571439257166366,0,0.0892790042075809,0,0.0571439257166366,0.0892790042075809,0,0,0.0999899660382537,0.115648378688694,0,0,0.138778105311832,0,0,0.0571439257166366,0.115648378688694,0,0.0999899660382537,0.138778105311832,0,0,0,0,0,0,0,0,0,0,0,0,0,0,0,0,0.0367619429090039,0.0571439257166366,0.138778105311832,0.132392281936114,0,0.138778105311832,0,0,0,0
0,0,0,0,0,0,0,0,0,0,0,0,0,0,0,0,0,0,0,0,0,0,0,0,0,0,0,0,0,0,0,0,0,0,0,0,0,0,0,0,0,0,0,0,0,0,0,0,0,0,0,0,0,0,0,0,0,0,0,0,0,0,0,0,0,0,0,0,0,0,0,0,0,0,0,0,0,0,0,0,0,0,0,0,0,0,0,1,0,0,0,0,0,0,0,0,0,0,0,0,0,0,0,0,0,0,0,0,0,0,0,0,0,0,0,0,0,0,0,0,0,0,0,0,0,0,0,0,0,0,0,0,0,0,0,0,0,0,0,0,0,0,0,0,0,0,0,0,0,0,0,0,0,0,0,0,0,0,0,0,0,0,0,0,0,0,0,0,0,0,0,0,0,0,0,0,0,0,0,0,0,0,0,0,0,0,0,0,0,0,0,0,0,0,0,0,0,0,0,0,0,0,0,0,0,0,0,0,0,0,0,0,0,0,0,0,0,0,0,0,0,0,0,0,0,0,0,0,0,0,0,0,0,0,0,0,0,0,0,0,0,0,0,0,0,0,0,0,0,0,0,0,0,0,0,0,0,0,0,0,0,0,0,0,0,0,0,0,0,0,0,0,0,0,0,0,0,0,0,0,0,0,0,0,0,0,0,0,0,0,0,0,0,0,0,0,0,0,0,0,0,0,0,0,0,0,0,0,0,0,0,0,0,0,0,0,0,0,0,0,0,0,0,0,0,0,0,0,0,0,0,0,0,0,0,0,0,0,0,0,0,0,0,0,0,0,0,0,0,0,0,0,0,0,0,0,0,0,0,0,0,0,0,0,0,0,0,0,0,0,0,0,0,0,0,0,0,0,0,0,0,0,0,0,0,0,0,0,0,0,0,0,0,0,0,0,0,0,0,0,0,0,0,0,0,0,0,0,0
0,0.148976520421494,0,0.0476199206365212,0.115768709113422,0.093408272931481,0.0476199206365212,0.0613432731147329,0,0,0,0.115648378688694,0.0384622300306098,0.115648378688694,0,0.0613432731147329,0.148976520421494,0.093408272931481,0.200063521369343,0.0280132767810044,0.0476199206365212,0.0476199206365212,0,0.148976520421494,0.0476199206365212,0.0322586368373393,0.0322586368373393,0.0384622300306098,0,0,0,0,0.115768709113422,0.0680322436110106,0.0680322436110106,0.115648378688694,0,0,0.115648378688694,0.148976520421494,0,0,0,0.0384622300306098,0,0,0.0892681146452845,0,0,0.078342403747824,0,0,0.093408272931481,0,0.0476199206365212,0,0,0,0.0613432731147329,0,0,0.115648378688694,0.115768709113422,0,0,0.0476199206365212,0.115648378688694,0.0476199206365212,0.0609274353162256,0.0560080001931739,0.0613432731147329,0.115648378688694,0,0,0,0.0892681146452845,0.0613432731147329,0.0613432731147329,0,0.0476199206365212,0,0,0.0476199206365212,0,0.0476199206365212,0.0250877674831517,0.115648378688694,0,1,0,0.115768709113422,0.0476199206365212,0,0,0,0,0.0476199206365212,0,0,0,0,0,0,0.078342403747824,0.0250877674831517,0.0280132767810044,0,0.114242844100718,0,0.0609274353162256,0,0,0,0,0,0.0560080001931739,0,0.115648378688694,0.171902619932726,0.093408272931481,0.093408272931481,0,0.093408272931481,0.0823790970344355,0,0,0,0,0,0,0.078342403747824,0,0.115768709113422,0.0613432731147329,0,0.093408272931481,0,0.0476199206365212,0.0613432731147329,0.115648378688694,0.0476199206365212,0.0476199206365212,0,0,0.0384622300306098,0.144176356477088,0.351665478053376,0,0.0476199206365212,0.0613432731147329,0.115648378688694,0.0322586368373393,0,0.115768709113422,0.284037401363075,0.0250877674831517,0.078342403747824,0.115648378688694,0.0322586368373393,0,0,0.673076438978573,0.093408272931481,0,0.093408272931481,0,0,0,0,0.351665478053376,0.115648378688694,0,0.0384622300306098,0.274166873716867,0.115648378688694,0,0.093408272931481,0,0.093408272931481,0.115648378688694,0.115768709113422,0,0,0,0,0,0.078342403747824,0.0476199206365212,0,0.0476199206365212,0.0384622300306098,0,0,0,0.0613432731147329,0,0,0,0,0,0,0.0613432731147329,0.0476199206365212,0.0613432731147329,0.0613432731147329,0.0613432731147329,0,0.0384622300306098,0,0,0,0.212831890191799,0,0,0,0,0,0,0.0322586368373393,0.0781973600772233,0,0.115648378688694,0,0.212831890191799,0.0322586368373393,0,0.0613432731147329,0,0,0.093408272931481,0.0476199206365212,0.148976520421494,0,0,0.34440859650897,0,0.115648378688694,0,0,0.0280132767810044,0,0.115648378688694,0,0,0.0724188282515526,0.0216548926727131,0.0280132767810044,0.0280132767810044,0.0680322436110106,0.0609274353162256,0.115648378688694,0,0,0,0,0,0,0.0322586368373393,0,0,0,0,0,0.093408272931481,0,0.093408272931481,0.115648378688694,0,0.093408272931481,0.144176356477088,0.093408272931481,0,0.0384622300306098,0,0.0280132767810044,0,0,0.0322586368373393,0.0781973600772233,0.0892681146452845,0,0,0.093408272931481,0,0,0.0476199206365212,0.100712305912714,0,0.078342403747824,0.078342403747824,0,0,0,0,0,0,0,0,0,0.148976520421494,0,0,0,0.0680322436110106,0,0,0.115648378688694,0,0.0680322436110106,0,0.093408272931481,0,0,0,0,0,0,0,0,0,0.0322586368373393,0.114242844100718,0,0,0,0,0,0,0.372579865945962,0.0384622300306098,0,0.0280132767810044,0.0476199206365212,0,0.0609274353162256,0,0,0,0,0,0,0.078342403747824,0,0,0,0,0,0.115648378688694,0,0,0.0680322436110106,0,0.093408272931481,0,0,0,0.114242844100718,0,0,0,0,0.0823790970344355,0,0.0476199206365212,0,0.0680322436110106,0,0.0476199206365212,0.0680322436110106,0,0,0.078342403747824,0.093408272931481,0,0,0.212831890191799,0,0,0.0476199206365212,0.093408272931481,0,0.078342403747824,0.212831890191799,0,0,0,0,0,0,0,0,0,0,0,0,0,0,0,0,0.0280132767810044,0.0476199206365212,0.549999174998487,0.114242844100718,0,0.212831890191799,0,0,0,0
0,0,0,0,0,0,0,0,0,0,0,0,0,0,0,0,0,0,0,0,0,0,0,0,0,0,0,0,0,0,0,0,0,0,0,0,0,0,0,0,0,0,0,0,0,0,0,0,0,0,0,0,0,0,0,0,0,0,0,0,0,0,0,0,0,0,0,0,0,0,0,0,0,0,0,0,0,0,0,0,0,0,0,0,0,0,0,0,0,1,0,0,0,0,0,0,0,0,0,0,0,0,0,0,0,0,0,0,0,0,0,0,0,0,0,0,0,0,0,0,0,0,0,0,0,0,0,0,0,0,0,0,0,0,0,0,0,0,0,0,0,0,0,0,0,0,0,0,0,0,0,0,0,0,0,0,0,0,0,0,0,0,0,0,0,0,0,0,0,0,0,0,0,0,0,0,0,0,0,0,0,0,0,0,0,0,0,0,0,0,0,0,0,0,0,0,0,0,0,0,0,0,0,0,0,0,0,0,0,0,0,0,0,0,0,0,0,0,0,0,0,0,0,0,0,0,0,0,0,0,0,0,0,0,0,0,0,0,0,0,0,0,0,0,0,0,0,0,0,0,0,0,0,0,0,0,0,0,0,0,0,0,0,0,0,0,0,0,0,0,0,0,0,0,0,0,0,0,0,0,0,0,0,0,0,0,0,0,0,0,0,0,0,0,0,0,0,0,0,0,0,0,0,0,0,0,0,0,0,0,0,0,0,0,0,0,0,0,0,0,0,0,0,0,0,0,0,0,0,0,0,0,0,0,0,0,0,0,0,0,0,0,0,0,0,0,0,0,0,0,0,0,0,0,0,0,0,0,0,0,0,0,0,0,0,0,0,0,0,0,0,0,0,0,0,0,0,0,0,0,0,0,0,0,0,0,0,0,0,0,0,0,0,0,0,0,0,0,0,0,0,0,0,0,0,0,0,0,0
0,0.147105639620399,0,0.311463077621673,0.223744292237443,0.115768709113422,0.311463077621673,0.147105639620399,0,0,0,0.128249502550101,0.115768709113422,0.128249502550101,0,0.147105639620399,0.147105639620399,0.115768709113422,0.176370950666949,0.10162667835798,0.128249502550101,0.311463077621673,0,0.147105639620399,0.128249502550101,0.107359912685637,0.107359912685637,0.115768709113422,0,0,0,0,0.223744292237443,0.10162667835798,0.10162667835798,0.128249502550101,0,0,0.128249502550101,0.147105639620399,0,0,0,0.115768709113422,0,0,0.105746154191537,0,0,0.107359912685637,0,0,0.115768709113422,0,0.128249502550101,0,0,0,0.357256553363825,0,0,0.128249502550101,0.223744292237443,0,0,0.128249502550101,0.128249502550101,0.128249502550101,0.0976858574475728,0.0949619587666687,0.147105639620399,0.128249502550101,0,0,0,0.231475594088875,0.147105639620399,0.147105639620399,0,0.128249502550101,0,0,0.128249502550101,0,0.128249502550101,0.0976858574475728,0.128249502550101,0,0.115768709113422,0,1,0.128249502550101,0,0,0,0,0.311463077621673,0,0,0,0,0,0,0.107359912685637,0.0976858574475728,0.10162667835798,0,0.108384549152341,0,0.0976858574475728,0,0,0,0,0,0.0949619587666687,0,0.128249502550101,0.115768709113422,0.115768709113422,0.115768709113422,0,0.115768709113422,0.176370950666949,0,0,0,0,0,0,0.107359912685637,0,0.223744292237443,0.147105639620399,0,0.115768709113422,0,0.128249502550101,0.147105639620399,0.128249502550101,0.311463077621673,0.311463077621673,0,0,0.115768709113422,0.107359912685637,0.128249502550101,0,0.128249502550101,0.147105639620399,0.128249502550101,0.107359912685637,0,0.223744292237443,0.115768709113422,0.0976858574475728,0.107359912685637,0.128249502550101,0.107359912685637,0,0,0.115768709113422,0.115768709113422,0,0.115768709113422,0,0,0,0,0.128249502550101,0.128249502550101,0,0.115768709113422,0.147105639620399,0.128249502550101,0,0.115768709113422,0,0.115768709113422,0.128249502550101,0.223744292237443,0,0,0,0,0,0.107359912685637,0.128249502550101,0,0.128249502550101,0.115768709113422,0,0,0,0.147105639620399,0,0,0,0,0,0,0.147105639620399,0.311463077621673,0.147105639620399,0.147105639620399,0.147105639620399,0,0.115768709113422,0,0,0,0.128249502550101,0,0,0,0,0,0,0.107359912685637,0.0943727413365712,0,0.128249502550101,0,0.128249502550101,0.107359912685637,0,0.147105639620399,0,0,0.115768709113422,0.128249502550101,0.147105639620399,0,0,0.0865360309624762,0,0.128249502550101,0,0,0.10162667835798,0,0.128249502550101,0,0,0.0865360309624762,0.0930719467558259,0.10162667835798,0.10162667835798,0.10162667835798,0.0976858574475728,0.128249502550101,0,0,0,0,0,0,0.107359912685637,0,0,0,0,0,0.115768709113422,0,0.115768709113422,0.128249502550101,0,0.115768709113422,0.107359912685637,0.115768709113422,0,0.115768709113422,0,0.10162667835798,0,0,0.107359912685637,0.0943727413365712,0.0953134799189487,0,0,0.115768709113422,0,0,0.128249502550101,0.108384549152341,0,0.107359912685637,0.107359912685637,0,0,0,0,0,0,0,0,0,0.147105639620399,0,0,0,0.10162667835798,0,0,0.128249502550101,0,0.10162667835798,0,0.115768709113422,0,0,0,0,0,0,0,0,0,0.107359912685637,0.108384549152341,0,0,0,0,0,0,0.107359912685637,0.115768709113422,0,0.10162667835798,0.128249502550101,0,0.0976858574475728,0,0,0,0,0,0,0.107359912685637,0,0,0,0,0,0.128249502550101,0,0,0.10162667835798,0,0.115768709113422,0,0,0,0.108384549152341,0,0,0,0,0.176370950666949,0,0.128249502550101,0,0.10162667835798,0,0.128249502550101,0.10162667835798,0,0,0.107359912685637,0.115768709113422,0,0,0.128249502550101,0,0,0.128249502550101,0.115768709113422,0,0.107359912685637,0.128249502550101,0,0,0,0,0,0,0,0,0,0,0,0,0,0,0,0,0.10162667835798,0.128249502550101,0.128249502550101,0.108384549152341,0,0.128249502550101,0,0,0,0
0,0.0714299464323527,0,0.0571439257166366,0.128249502550101,0.0476199206365212,0.0571439257166366,0.0714299464323527,0,0,0,0.0571439257166366,0.115648378688694,0.0571439257166366,0,0.0714299464323527,0.0714299464323527,0.0476199206365212,0.0933602719681705,0.0367619429090039,0.0571439257166366,0.0571439257166366,0,0.0714299464323527,0.0571439257166366,0.041172338956928,0.041172338956928,0.0476199206365212,0,0,0,0,0.128249502550101,0.0367619429090039,0.0367619429090039,0.0571439257166366,0,0,0.0571439257166366,0.0714299464323527,0,0,0,0.115648378688694,0,0,0.0533176407887724,0,0,0.041172338956928,0,0,0.0476199206365212,0,0.0571439257166366,0,0,0,0.0714299464323527,0,0,0.0571439257166366,0.128249502550101,0,0,0.0571439257166366,0.0571439257166366,0.0571439257166366,0.0337236205744276,0.0316202950567523,0.0714299464323527,0.0571439257166366,0,0,0,0.0439086453554596,0.0714299464323527,0.319248127932352,0,0.659999251998354,0,0,0.659999251998354,0,0.659999251998354,0.0337236205744276,0.0571439257166366,0,0.0476199206365212,0,0.128249502550101,1,0,0,0,0,0.0571439257166366,0,0,0,0,0,0,0.041172338956928,0.0337236205744276,0.0367619429090039,0,0.0545144690325174,0,0.0337236205744276,0,0,0,0,0,0.0316202950567523,0,0.0571439257166366,0.0476199206365212,0.0476199206365212,0.0476199206365212,0,0.0476199206365212,0.0933602719681705,0,0,0,0,0,0,0.041172338956928,0,0.128249502550101,0.0714299464323527,0,0.0476199206365212,0,0.138778105311832,0.0714299464323527,0.0571439257166366,0.0571439257166366,0.0571439257166366,0,0,0.0476199206365212,0.041172338956928,0.0571439257166366,0,0.0571439257166366,0.0714299464323527,0.0571439257166366,0.041172338956928,0,0.128249502550101,0.0476199206365212,0.0337236205744276,0.041172338956928,0.0571439257166366,0.041172338956928,0,0,0.0476199206365212,0.0476199206365212,0,0.0476199206365212,0,0,0,0,0.0571439257166366,0.0571439257166366,0,0.0476199206365212,0.0714299464323527,0.0571439257166366,0,0.0476199206365212,0,0.0476199206365212,0.0571439257166366,0.128249502550101,0,0,0,0,0,0.041172338956928,0.0571439257166366,0,0.0571439257166366,0.0476199206365212,0,0,0,0.319248127932352,0,0,0,0,0,0,0.319248127932352,0.0571439257166366,0.319248127932352,0.319248127932352,0.319248127932352,0,0.115648378688694,0,0,0,0.0571439257166366,0,0,0,0,0,0,0.041172338956928,0.0397384474440781,0,0.0571439257166366,0,0.0571439257166366,0.041172338956928,0,0.319248127932352,0,0,0.0476199206365212,0.138778105311832,0.0714299464323527,0,0,0.0367574589715877,0,0.0571439257166366,0,0,0.0367619429090039,0,0.0571439257166366,0,0,0.0367574589715877,0.0301593188641145,0.0367619429090039,0.0367619429090039,0.0367619429090039,0.0337236205744276,0.0571439257166366,0,0,0,0,0,0,0.041172338956928,0,0,0,0,0,0.0476199206365212,0,0.0476199206365212,0.0571439257166366,0,0.0476199206365212,0.041172338956928,0.0476199206365212,0,0.0476199206365212,0,0.0367619429090039,0,0,0.041172338956928,0.0397384474440781,0.0439086453554596,0,0,0.0476199206365212,0,0,0.138778105311832,0.243646300369823,0,0.041172338956928,0.041172338956928,0,0,0,0,0,0,0,0,0,0.0714299464323527,0,0,0,0.0367619429090039,0,0,0.0571439257166366,0,0.0367619429090039,0,0.0476199206365212,0,0,0,0,0,0,0,0,0,0.041172338956928,0.0545144690325174,0,0,0,0,0,0,0.041172338956928,0.0476199206365212,0,0.0367619429090039,0.138778105311832,0,0.0337236205744276,0,0,0,0,0,0,0.041172338956928,0,0,0,0,0,0.0571439257166366,0,0,0.0367619429090039,0,0.0476199206365212,0,0,0,0.0545144690325174,0,0,0,0,0.0933602719681705,0,0.255398361876396,0,0.0367619429090039,0,0.0571439257166366,0.0367619429090039,0,0,0.041172338956928,0.0476199206365212,0,0,0.0571439257166366,0,0,0.0571439257166366,0.0476199206365212,0,0.041172338956928,0.0571439257166366,0,0,0,0,0,0,0,0,0,0,0,0,0,0,0,0,0.0367619429090039,0.0571439257166366,0.0571439257166366,0.0545144690325174,0,0.0571439257166366,0,0,0,0
0,0,0,0,0,0,0,0,0,0,0,0,0,0,0,0,0,0,0,0,0,0,0,0,0,0,0,0,0,0,0,0,0,0,0,0,0,0,0,0,0,0,0,0,0,0,0,0,0,0,0,0,0,0,0,0,0,0,0,0,0,0,0,0,0,0,0,0,0,0,0,0,0,0,0,0,0,0,0,0,0,0,0,0,0,0,0,0,0,0,0,0,1,0,0,0,0,0,0,0,0,0,0,0,0,0,0,0,0,0,0,0,0,0,0,0,0,0,0,0,0,0,0,0,0,0,0,0,0,0,0,0,0,0,0,0,0,0,0,0,0,0,0,0,0,0,0,0,0,0,0,0,0,0,0,0,0,0,0,0,0,0,0,0,0,0,0,0,0,0,0,0,0,0,0,0,0,0,0,0,0,0,0,0,0,0,0,0,0,0,0,0,0,0,0,0,0,0,0,0,0,0,0,0,0,0,0,0,0,0,0,0,0,0,0,0,0,0,0,0,0,0,0,0,0,0,0,0,0,0,0,0,0,0,0,0,0,0,0,0,0,0,0,0,0,0,0,0,0,0,0,0,0,0,0,0,0,0,0,0,0,0,0,0,0,0,0,0,0,0,0,0,0,0,0,0,0,0,0,0,0,0,0,0,0,0,0,0,0,0,0,0,0,0,0,0,0,0,0,0,0,0,0,0,0,0,0,0,0,0,0,0,0,0,0,0,0,0,0,0,0,0,0,0,0,0,0,0,0,0,0,0,0,0,0,0,0,0,0,0,0,0,0,0,0,0,0,0,0,0,0,0,0,0,0,0,0,0,0,0,0,0,0,0,0,0,0,0,0,0,0,0,0,0,0,0,0,0,0,0,0,0,0,0,0,0,0,0,0,0,0,0,0,0,0,0,0,0,0,0,0,0,0,0,0,0,0,0,0
0,0,0,0,0,0,0,0,0,0,0,0,0,0,0,0,0,0,0,0,0,0,0,0,0,0,0,0,0,0,0,0,0,0,0,0,0,0,0,0,0,0,0,0,0,0,0,0,0,0,0,0,0,0,0,0,0,0,0,0,0,0,0,0,0,0,0,0,0,0,0,0,0,0,0,0,0,0,0,0,0,0,0,0,0,0,0,0,0,0,0,0,0,1,0,0,0,0,0,0,0,0,0,0,0,0,0,0,0,0,0,0,0,0,0,0,0,0,0,0,0,0,0,0,0,0,0,0,0,0,0,0,0,0,0,0,0,0,0,0,0,0,0,0,0,0,0,0,0,0,0,0,0,0,0,0,0,0,0,0,0,0,0,0,0,0,0,0,0,0,0,0,0,0,0,0,0,0,0,0,0,0,0,0,0,0,0,0,0,0,0,0,0,0,0,0,0,0,0,0,0,0,0,0,0,0,0,0,0,0,0,0,0,0,0,0,0,0,0,0,0,0,0,0,0,0,0,0,0,0,0,0,0,0,0,0,0,0,0,0,0,0,0,0,0,0,0,0,0,0,0,0,0,0,0,0,0,0,0,0,0,0,0,0,0,0,0,0,0,0,0,0,0,0,0,0,0,0,0,0,0,0,0,0,0,0,0,0,0,0,0,0,0,0,0,0,0,0,0,0,0,0,0,0,0,0,0,0,0,0,0,0,0,0,0,0,0,0,0,0,0,0,0,0,0,0,0,0,0,0,0,0,0,0,0,0,0,0,0,0,0,0,0,0,0,0,0,0,0,0,0,0,0,0,0,0,0,0,0,0,0,0,0,0,0,0,0,0,0,0,0,0,0,0,0,0,0,0,0,0,0,0,0,0,0,0,0,0,0,0,0,0,0,0,0,0,0,0,0,0,0,0,0,0,0,0,0,0,0
0,0,0,0,0,0,0,0,0,0,0,0,0,0,0,0,0,0,0,0,0,0,0,0,0,0,0,0,0,0,0,0,0,0,0,0,0,0,0,0,0,0,0,0,0,0,0,0,0,0,0,0,0,0,0,0,0,0,0,0,0,0,0,0,0,0,0,0,0,0,0,0,0,0,0,0,0,0,0,0,0,0,0,0,0,0,0,0,0,0,0,0,0,0,1,0,0,0,0,0,0,0,0,0,0,0,0,0,0,0,0,0,0,0,0,0,0,0,0,0,0,0,0,0,0,0,0,0,0,0,0,0,0,0,0,0,0,0,0,0,0,0,0,0,0,0,0,0,0,0,0,0,0,0,0,0,0,0,0,0,0,0,0,0,0,0,0,0,0,0,0,0,0,0,0,0,0,0,0,0,0,0,0,0,0,0,0,0,0,0,0,0,0,0,0,0,0,0,0,0,0,0,0,0,0,0,0,0,0,0,0,0,0,0,0,0,0,0,0,0,0,0,0,0,0,0,0,0,0,0,0,0,0,0,0,0,0,0,0,0,0,0,0,0,0,0,0,0,0,0,0,0,0,0,0,0,0,0,0,0,0,0,0,0,0,0,0,0,0,0,0,0,0,0,0,0,0,0,0,0,0,0,0,0,0,0,0,0,0,0,0,0,0,0,0,0,0,0,0,0,0,0,0,0,0,0,0,0,0,0,0,0,0,0,0,0,0,0,0,0,0,0,0,0,0,0,0,0,0,0,0,0,0,0,0,0,0,0,0,0,0,0,0,0,0,0,0,0,0,0,0,0,0,0,0,0,0,0,0,0,0,0,0,0,0,0,0,0,0,0,0,0,0,0,0,0,0,0,0,0,0,0,0,0,0,0,0,0,0,0,0,0,0,0,0,0,0,0,0,0,0,0,0,0,0,0,0,0,0
0,0,0,0,0,0,0,0,0,0,0,0,0,0,0,0,0,0,0,0,0,0,0,0,0,0,0,0,0,0,0,0,0,0,0,0,0,0,0,0,0,0,0,0,0,0,0,0,0,0,0,0,0,0,0,0,0,0,0,0,0,0,0,0,0,0,0,0,0,0,0,0,0,0,0,0,0,0,0,0,0,0,0,0,0,0,0,0,0,0,0,0,0,0,0,1,0,0,0,0,0,0,0,0,0,0,0,0,0,0,0,0,0,0,0,0,0,0,0,0,0,0,0,0,0,0,0,0,0,0,0,0,0,0,0,0,0,0,0,0,0,0,0,0,0,0,0,0,0,0,0,0,0,0,0,0,0,0,0,0,0,0,0,0,0,0,0,0,0,0,0,0,0,0,0,0,0,0,0,0,0,0,0,0,0,0,0,0,0,0,0,0,0,0,0,0,0,0,0,0,0,0,0,0,0,0,0,0,0,0,0,0,0,0,0,0,0,0,0,0,0,0,0,0,0,0,0,0,0,0,0,0,0,0,0,0,0,0,0,0,0,0,0,0,0,0,0,0,0,0,0,0,0,0,0,0,0,0,0,0,0,0,0,0,0,0,0,0,0,0,0,0,0,0,0,0,0,0,0,0,0,0,0,0,0,0,0,0,0,0,0,0,0,0,0,0,0,0,0,0,0,0,0,0,0,0,0,0,0,0,0,0,0,0,0,0,0,0,0,0,0,0,0,0,0,0,0,0,0,0,0,0,0,0,0,0,0,0,0,0,0,0,0,0,0,0,0,0,0,0,0,0,0,0,0,0,0,0,0,0,0,0,0,0,0,0,0,0,0,0,0,0,0,0,0,0,0,0,0,0,0,0,0,0,0,0,0,0,0,0,0,0,0,0,0,0,0,0,0,0,0,0,0,0,0,0,0,0,0
0,0.0714299464323527,0,0.659999251998354,0.128249502550101,0.0476199206365212,0.659999251998354,0.0714299464323527,0,0,0,0.0571439257166366,0.0476199206365212,0.0571439257166366,0,0.0714299464323527,0.0714299464323527,0.0476199206365212,0.0933602719681705,0.0367619429090039,0.0571439257166366,0.659999251998354,0,0.0714299464323527,0.0571439257166366,0.041172338956928,0.041172338956928,0.0476199206365212,0,0,0,0,0.128249502550101,0.0367619429090039,0.0367619429090039,0.0571439257166366,0,0,0.0571439257166366,0.0714299464323527,0,0,0,0.0476199206365212,0,0,0.0533176407887724,0,0,0.041172338956928,0,0,0.0476199206365212,0,0.0571439257166366,0,0,0,0.319248127932352,0,0,0.0571439257166366,0.128249502550101,0,0,0.0571439257166366,0.0571439257166366,0.0571439257166366,0.0337236205744276,0.0316202950567523,0.0714299464323527,0.0571439257166366,0,0,0,0.507134795648585,0.0714299464323527,0.0714299464323527,0,0.0571439257166366,0,0,0.0571439257166366,0,0.0571439257166366,0.0337236205744276,0.0571439257166366,0,0.0476199206365212,0,0.311463077621673,0.0571439257166366,0,0,0,0,1,0,0,0,0,0,0,0.041172338956928,0.0337236205744276,0.0367619429090039,0,0.0545144690325174,0,0.0337236205744276,0,0,0,0,0,0.0316202950567523,0,0.0571439257166366,0.0476199206365212,0.0476199206365212,0.0476199206365212,0,0.0476199206365212,0.0933602719681705,0,0,0,0,0,0,0.041172338956928,0,0.128249502550101,0.0714299464323527,0,0.0476199206365212,0,0.0571439257166366,0.0714299464323527,0.0571439257166366,0.659999251998354,0.659999251998354,0,0,0.0476199206365212,0.041172338956928,0.0571439257166366,0,0.0571439257166366,0.0714299464323527,0.0571439257166366,0.041172338956928,0,0.128249502550101,0.0476199206365212,0.0337236205744276,0.041172338956928,0.0571439257166366,0.041172338956928,0,0,0.0476199206365212,0.0476199206365212,0,0.0476199206365212,0,0,0,0,0.0571439257166366,0.0571439257166366,0,0.0476199206365212,0.0714299464323527,0.0571439257166366,0,0.0476199206365212,0,0.0476199206365212,0.0571439257166366,0.128249502550101,0,0,0,0,0,0.041172338956928,0.0571439257166366,0,0.0571439257166366,0.0476199206365212,0,0,0,0.0714299464323527,0,0,0,0,0,0,0.0714299464323527,0.421998728397202,0.0714299464323527,0.0714299464323527,0.0714299464323527,0,0.0476199206365212,0,0,0,0.0571439257166366,0,0,0,0,0,0,0.041172338956928,0.0397384474440781,0,0.0571439257166366,0,0.0571439257166366,0.041172338956928,0,0.0714299464323527,0,0,0.0476199206365212,0.0571439257166366,0.0714299464323527,0,0,0.0367574589715877,0,0.0571439257166366,0,0,0.0367619429090039,0,0.0571439257166366,0,0,0.0367574589715877,0.0301593188641145,0.0367619429090039,0.0367619429090039,0.0367619429090039,0.0337236205744276,0.0571439257166366,0,0,0,0,0,0,0.041172338956928,0,0,0,0,0,0.0476199206365212,0,0.0476199206365212,0.0571439257166366,0,0.0476199206365212,0.041172338956928,0.0476199206365212,0,0.0476199206365212,0,0.0367619429090039,0,0,0.041172338956928,0.0397384474440781,0.0439086453554596,0,0,0.0476199206365212,0,0,0.0571439257166366,0.0545144690325174,0,0.041172338956928,0.041172338956928,0,0,0,0,0,0,0,0,0,0.0714299464323527,0,0,0,0.0367619429090039,0,0,0.0571439257166366,0,0.0367619429090039,0,0.0476199206365212,0,0,0,0,0,0,0,0,0,0.041172338956928,0.0545144690325174,0,0,0,0,0,0,0.041172338956928,0.0476199206365212,0,0.0367619429090039,0.0571439257166366,0,0.0337236205744276,0,0,0,0,0,0,0.041172338956928,0,0,0,0,0,0.0571439257166366,0,0,0.0367619429090039,0,0.0476199206365212,0,0,0,0.0545144690325174,0,0,0,0,0.0933602719681705,0,0.0571439257166366,0,0.0367619429090039,0,0.0571439257166366,0.0367619429090039,0,0,0.041172338956928,0.0476199206365212,0,0,0.0571439257166366,0,0,0.0571439257166366,0.0476199206365212,0,0.041172338956928,0.0571439257166366,0,0,0,0,0,0,0,0,0,0,0,0,0,0,0,0,0.0367619429090039,0.0571439257166366,0.0571439257166366,0.0545144690325174,0,0.0571439257166366,0,0,0,0
0,0,0,0,0,0,0,0,0,0,0,0,0,0,0,0,0,0,0,0,0,0,0,0,0,0,0,0,0,0,0,0,0,0,0,0,0,0,0,0,0,0,0,0,0,0,0,0,0,0,0,0,0,0,0,0,0,0,0,0,0,0,0,0,0,0,0,0,0,0,0,0,0,0,0,0,0,0,0,0,0,0,0,0,0,0,0,0,0,0,0,0,0,0,0,0,0,1,0,0,0,0,0,0,0,0,0,0,0,0,0,0,0,0,0,0,0,0,0,0,0,0,0,0,0,0,0,0,0,0,0,0,0,0,0,0,0,0,0,0,0,0,0,0,0,0,0,0,0,0,0,0,0,0,0,0,0,0,0,0,0,0,0,0,0,0,0,0,0,0,0,0,0,0,0,0,0,0,0,0,0,0,0,0,0,0,0,0,0,0,0,0,0,0,0,0,0,0,0,0,0,0,0,0,0,0,0,0,0,0,0,0,0,0,0,0,0,0,0,0,0,0,0,0,0,0,0,0,0,0,0,0,0,0,0,0,0,0,0,0,0,0,0,0,0,0,0,0,0,0,0,0,0,0,0,0,0,0,0,0,0,0,0,0,0,0,0,0,0,0,0,0,0,0,0,0,0,0,0,0,0,0,0,0,0,0,0,0,0,0,0,0,0,0,0,0,0,0,0,0,0,0,0,0,0,0,0,0,0,0,0,0,0,0,0,0,0,0,0,0,0,0,0,0,0,0,0,0,0,0,0,0,0,0,0,0,0,0,0,0,0,0,0,0,0,0,0,0,0,0,0,0,0,0,0,0,0,0,0,0,0,0,0,0,0,0,0,0,0,0,0,0,0,0,0,0,0,0,0,0,0,0,0,0,0,0,0,0,0,0,0,0,0,0,0,0,0,0,0,0,0,0,0,0,0,0,0,0,0
0,0,0,0,0,0,0,0,0,0,0,0,0,0,0,0,0,0,0,0,0,0,0,0,0,0,0,0,0,0,0,0,0,0,0,0,0,0,0,0,0,0,0,0,0,0,0,0,0,0,0,0,0,0,0,0,0,0,0,0,0,0,0,0,0,0,0,0,0,0,0,0,0,0,0,0,0,0,0,0,0,0,0,0,0,0,0,0,0,0,0,0,0,0,0,0,0,0,1,0,0,0,0,0,0,0,0,0,0,0,0,0,0,0,0,0,0,0,0,0,0,0,0,0,0,0,0,0,0,0,0,0,0,0,0,0,0,0,0,0,0,0,0,0,0,0,0,0,0,0,0,0,0,0,0,0,0,0,0,0,0,0,0,0,0,0,0,0,0,0,0,0,0,0,0,0,0,0,0,0,0,0,0,0,0,0,0,0,0,0,0,0,0,0,0,0,0,0,0,0,0,0,0,0,0,0,0,0,0,0,0,0,0,0,0,0,0,0,0,0,0,0,0,0,0,0,0,0,0,0,0,0,0,0,0,0,0,0,0,0,0,0,0,0,0,0,0,0,0,0,0,0,0,0,0,0,0,0,0,0,0,0,0,0,0,0,0,0,0,0,0,0,0,0,0,0,0,0,0,0,0,0,0,0,0,0,0,0,0,0,0,0,0,0,0,0,0,0,0,0,0,0,0,0,0,0,0,0,0,0,0,0,0,0,0,0,0,0,0,0,0,0,0,0,0,0,0,0,0,0,0,0,0,0,0,0,0,0,0,0,0,0,0,0,0,0,0,0,0,0,0,0,0,0,0,0,0,0,0,0,0,0,0,0,0,0,0,0,0,0,0,0,0,0,0,0,0,0,0,0,0,0,0,0,0,0,0,0,0,0,0,0,0,0,0,0,0,0,0,0,0,0,0,0,0,0,0,0,0
0,0,0,0,0,0,0,0,0,0,0,0,0,0,0,0,0,0,0,0,0,0,0,0,0,0,0,0,0,0,0,0,0,0,0,0,0,0,0,0,0,0,0,0,0,0,0,0,0,0,0,0,0,0,0,0,0,0,0,0,0,0,0,0,0,0,0,0,0,0,0,0,0,0,0,0,0,0,0,0,0,0,0,0,0,0,0,0,0,0,0,0,0,0,0,0,0,0,0,1,0,0,0,0,0,0,0,0,0,0,0,0,0,0,0,0,0,0,0,0,0,0,0,0,0,0,0,0,0,0,0,0,0,0,0,0,0,0,0,0,0,0,0,0,0,0,0,0,0,0,0,0,0,0,0,0,0,0,0,0,0,0,0,0,0,0,0,0,0,0,0,0,0,0,0,0,0,0,0,0,0,0,0,0,0,0,0,0,0,0,0,0,0,0,0,0,0,0,0,0,0,0,0,0,0,0,0,0,0,0,0,0,0,0,0,0,0,0,0,0,0,0,0,0,0,0,0,0,0,0,0,0,0,0,0,0,0,0,0,0,0,0,0,0,0,0,0,0,0,0,0,0,0,0,0,0,0,0,0,0,0,0,0,0,0,0,0,0,0,0,0,0,0,0,0,0,0,0,0,0,0,0,0,0,0,0,0,0,0,0,0,0,0,0,0,0,0,0,0,0,0,0,0,0,0,0,0,0,0,0,0,0,0,0,0,0,0,0,0,0,0,0,0,0,0,0,0,0,0,0,0,0,0,0,0,0,0,0,0,0,0,0,0,0,0,0,0,0,0,0,0,0,0,0,0,0,0,0,0,0,0,0,0,0,0,0,0,0,0,0,0,0,0,0,0,0,0,0,0,0,0,0,0,0,0,0,0,0,0,0,0,0,0,0,0,0,0,0,0,0,0,0,0,0,0,0,0,0,0
0,0,0,0,0,0,0,0,0,0,0,0,0,0,0,0,0,0,0,0,0,0,0,0,0,0,0,0,0,0,0,0,0,0,0,0,0,0,0,0,0,0,0,0,0,0,0,0,0,0,0,0,0,0,0,0,0,0,0,0,0,0,0,0,0,0,0,0,0,0,0,0,0,0,0,0,0,0,0,0,0,0,0,0,0,0,0,0,0,0,0,0,0,0,0,0,0,0,0,0,1,0,0,0,0,0,0,0,0,0,0,0,0,0,0,0,0,0,0,0,0,0,0,0,0,0,0,0,0,0,0,0,0,0,0,0,0,0,0,0,0,0,0,0,0,0,0,0,0,0,0,0,0,0,0,0,0,0,0,0,0,0,0,0,0,0,0,0,0,0,0,0,0,0,0,0,0,0,0,0,0,0,0,0,0,0,0,0,0,0,0,0,0,0,0,0,0,0,0,0,0,0,0,0,0,0,0,0,0,0,0,0,0,0,0,0,0,0,0,0,0,0,0,0,0,0,0,0,0,0,0,0,0,0,0,0,0,0,0,0,0,0,0,0,0,0,0,0,0,0,0,0,0,0,0,0,0,0,0,0,0,0,0,0,0,0,0,0,0,0,0,0,0,0,0,0,0,0,0,0,0,0,0,0,0,0,0,0,0,0,0,0,0,0,0,0,0,0,0,0,0,0,0,0,0,0,0,0,0,0,0,0,0,0,0,0,0,0,0,0,0,0,0,0,0,0,0,0,0,0,0,0,0,0,0,0,0,0,0,0,0,0,0,0,0,0,0,0,0,0,0,0,0,0,0,0,0,0,0,0,0,0,0,0,0,0,0,0,0,0,0,0,0,0,0,0,0,0,0,0,0,0,0,0,0,0,0,0,0,0,0,0,0,0,0,0,0,0,0,0,0,0,0,0,0,0,0,0,0
0,0,0,0,0,0,0,0,0,0,0,0,0,0,0,0,0,0,0,0,0,0,0,0,0,0,0,0,0,0,0,0,0,0,0,0,0,0,0,0,0,0,0,0,0,0,0,0,0,0,0,0,0,0,0,0,0,0,0,0,0,0,0,0,0,0,0,0,0,0,0,0,0,0,0,0,0,0,0,0,0,0,0,0,0,0,0,0,0,0,0,0,0,0,0,0,0,0,0,0,0,1,0,0,0,0,0,0,0,0,0,0,0,0,0,0,0,0,0,0,0,0,0,0,0,0,0,0,0,0,0,0,0,0,0,0,0,0,0,0,0,0,0,0,0,0,0,0,0,0,0,0,0,0,0,0,0,0,0,0,0,0,0,0,0,0,0,0,0,0,0,0,0,0,0,0,0,0,0,0,0,0,0,0,0,0,0,0,0,0,0,0,0,0,0,0,0,0,0,0,0,0,0,0,0,0,0,0,0,0,0,0,0,0,0,0,0,0,0,0,0,0,0,0,0,0,0,0,0,0,0,0,0,0,0,0,0,0,0,0,0,0,0,0,0,0,0,0,0,0,0,0,0,0,0,0,0,0,0,0,0,0,0,0,0,0,0,0,0,0,0,0,0,0,0,0,0,0,0,0,0,0,0,0,0,0,0,0,0,0,0,0,0,0,0,0,0,0,0,0,0,0,0,0,0,0,0,0,0,0,0,0,0,0,0,0,0,0,0,0,0,0,0,0,0,0,0,0,0,0,0,0,0,0,0,0,0,0,0,0,0,0,0,0,0,0,0,0,0,0,0,0,0,0,0,0,0,0,0,0,0,0,0,0,0,0,0,0,0,0,0,0,0,0,0,0,0,0,0,0,0,0,0,0,0,0,0,0,0,0,0,0,0,0,0,0,0,0,0,0,0,0,0,0,0,0,0,0,0
0,0,0,0,0,0,0,0,0,0,0,0,0,0,0,0,0,0,0,0,0,0,0,0,0,0,0,0,0,0,0,0,0,0,0,0,0,0,0,0,0,0,0,0,0,0,0,0,0,0,0,0,0,0,0,0,0,0,0,0,0,0,0,0,0,0,0,0,0,0,0,0,0,0,0,0,0,0,0,0,0,0,0,0,0,0,0,0,0,0,0,0,0,0,0,0,0,0,0,0,0,0,1,0,0,0,0,0,0,0,0,0,0,0,0,0,0,0,0,0,0,0,0,0,0,0,0,0,0,0,0,0,0,0,0,0,0,0,0,0,0,0,0,0,0,0,0,0,0,0,0,0,0,0,0,0,0,0,0,0,0,0,0,0,0,0,0,0,0,0,0,0,0,0,0,0,0,0,0,0,0,0,0,0,0,0,0,0,0,0,0,0,0,0,0,0,0,0,0,0,0,0,0,0,0,0,0,0,0,0,0,0,0,0,0,0,0,0,0,0,0,0,0,0,0,0,0,0,0,0,0,0,0,0,0,0,0,0,0,0,0,0,0,0,0,0,0,0,0,0,0,0,0,0,0,0,0,0,0,0,0,0,0,0,0,0,0,0,0,0,0,0,0,0,0,0,0,0,0,0,0,0,0,0,0,0,0,0,0,0,0,0,0,0,0,0,0,0,0,0,0,0,0,0,0,0,0,0,0,0,0,0,0,0,0,0,0,0,0,0,0,0,0,0,0,0,0,0,0,0,0,0,0,0,0,0,0,0,0,0,0,0,0,0,0,0,0,0,0,0,0,0,0,0,0,0,0,0,0,0,0,0,0,0,0,0,0,0,0,0,0,0,0,0,0,0,0,0,0,0,0,0,0,0,0,0,0,0,0,0,0,0,0,0,0,0,0,0,0,0,0,0,0,0,0,0,0,0,0
0,0.132409048462471,0,0.041172338956928,0.107359912685637,0.078342403747824,0.041172338956928,0.0545213728963117,0,0,0,0.0999899660382537,0.0322586368373393,0.0999899660382537,0,0.0545213728963117,0.132409048462471,0.078342403747824,0.182053533683929,0.0220824020542819,0.041172338956928,0.041172338956928,0,0.132409048462471,0.041172338956928,0.0262176875118606,0.0262176875118606,0.0322586368373393,0,0,0,0,0.107359912685637,0.053628690703256,0.053628690703256,0.0999899660382537,0,0,0.0999899660382537,0.132409048462471,0,0,0,0.0322586368373393,0,0,0.0774206211888767,0,0,0.302808285044318,0,0,0.078342403747824,0,0.041172338956928,0,0,0,0.0545213728963117,0,0,0.0999899660382537,0.107359912685637,0,0,0.041172338956928,0.0999899660382537,0.041172338956928,0.0467066854134993,0.04191314957563,0.0545213728963117,0.0999899660382537,0,0,0,0.0774206211888767,0.0545213728963117,0.0545213728963117,0,0.041172338956928,0,0,0.041172338956928,0,0.041172338956928,0.0192321645820291,0.0999899660382537,0,0.078342403747824,0,0.107359912685637,0.041172338956928,0,0,0,0,0.041172338956928,0,0,0,0,0,0,1,0.0192321645820291,0.0220824020542819,0,0.309764233772802,0,0.0467066854134993,0,0,0,0,0,0.04191314957563,0,0.0999899660382537,0.078342403747824,0.078342403747824,0.078342403747824,0,0.144176356477088,0.074963219752206,0,0,0,0,0,0,0.302808285044318,0,0.107359912685637,0.0545213728963117,0,0.078342403747824,0,0.041172338956928,0.0545213728963117,0.0999899660382537,0.041172338956928,0.041172338956928,0,0,0.0322586368373393,0.0636715268145186,0.0999899660382537,0,0.041172338956928,0.0545213728963117,0.0999899660382537,0.0262176875118606,0,0.107359912685637,0.078342403747824,0.0192321645820291,0.0636715268145186,0.0999899660382537,0.0262176875118606,0,0,0.078342403747824,0.078342403747824,0,0.078342403747824,0,0,0,0,0.0999899660382537,0.0999899660382537,0,0.0322586368373393,0.132409048462471,0.0999899660382537,0,0.078342403747824,0,0.078342403747824,0.0999899660382537,0.107359912685637,0,0,0,0,0,0.0636715268145186,0.041172338956928,0,0.041172338956928,0.0322586368373393,0,0,0,0.0545213728963117,0,0,0,0,0,0,0.0545213728963117,0.041172338956928,0.0545213728963117,0.0545213728963117,0.0545213728963117,0,0.0322586368373393,0,0,0,0.0999899660382537,0,0,0,0,0,0,0.0262176875118606,0.0657270373610538,0,0.0999899660382537,0,0.0999899660382537,0.0262176875118606,0,0.0545213728963117,0,0,0.078342403747824,0.041172338956928,0.132409048462471,0,0,0.0609201902754844,0,0.0999899660382537,0,0,0.0220824020542819,0,0.0999899660382537,0,0,0.0609201902754844,0.0158870107303694,0.0220824020542819,0.0220824020542819,0.053628690703256,0.0467066854134993,0.0999899660382537,0,0,0,0,0,0,0.0262176875118606,0,0,0,0,0,0.078342403747824,0,0.078342403747824,0.0999899660382537,0,0.372579865945962,0.0636715268145186,0.078342403747824,0,0.0322586368373393,0,0.0220824020542819,0,0,0.0262176875118606,0.0657270373610538,0.0774206211888767,0,0,0.372579865945962,0,0,0.041172338956928,0.0884831883993457,0,0.0636715268145186,0.0636715268145186,0,0,0,0,0,0,0,0,0,0.132409048462471,0,0,0,0.053628690703256,0,0,0.0999899660382537,0,0.0986948173446475,0,0.372579865945962,0,0,0,0,0,0,0,0,0,0.0262176875118606,0.101868774864881,0,0,0,0,0,0,0.0636715268145186,0.0322586368373393,0,0.0220824020542819,0.041172338956928,0,0.0467066854134993,0,0,0,0,0,0,0.302808285044318,0,0,0,0,0,0.0999899660382537,0,0,0.255046685284169,0,0.078342403747824,0,0,0,0.309764233772802,0,0,0,0,0.074963219752206,0,0.041172338956928,0,0.053628690703256,0,0.041172338956928,0.053628690703256,0,0,0.0636715268145186,0.078342403747824,0,0,0.0999899660382537,0,0,0.041172338956928,0.078342403747824,0,0.0636715268145186,0.0999899660382537,0,0,0,0,0,0,0,0,0,0,0,0,0,0,0,0,0.0220824020542819,0.041172338956928,0.0999899660382537,0.309764233772802,0,0.0999899660382537,0,0,0,0
0,0.0466468368249435,0,0.0337236205744276,0.0976858574475728,0.0250877674831517,0.0337236205744276,0.0466468368249435,0,0,0,0.0337236205744276,0.0250877674831517,0.0337236205744276,0,0.0466468368249435,0.0466468368249435,0.0250877674831517,0.0664140661903645,0.395774731323091,0.249043530364504,0.0337236205744276,0,0.0466468368249435,0.249043530364504,0.142026451563498,0.142026451563498,0.0250877674831517,0,0,0,0,0.0976858574475728,0.0152223787564515,0.0152223787564515,0.0337236205744276,0,0,0.0337236205744276,0.0466468368249435,0,0,0,0.0250877674831517,0,0,0.0352619034804085,0,0,0.0192321645820291,0,0,0.0250877674831517,0,0.249043530364504,0,0,0,0.0466468368249435,0,0,0.0337236205744276,0.0976858574475728,0,0,0.249043530364504,0.0337236205744276,0.0337236205744276,0.0124579894676926,0.0105433190523407,0.208482801319646,0.0337236205744276,0,0,0,0.0262054504903287,0.0466468368249435,0.0466468368249435,0,0.0337236205744276,0,0,0.0337236205744276,0,0.0337236205744276,0.0920002545821146,0.0337236205744276,0,0.0250877674831517,0,0.0976858574475728,0.0337236205744276,0,0,0,0,0.0337236205744276,0,0,0,0,0,0,0.0192321645820291,1,0.395774731323091,0,0.0360231344013513,0,0.0124579894676926,0,0,0,0,0,0.0105433190523407,0,0.0337236205744276,0.0250877674831517,0.0250877674831517,0.0250877674831517,0,0.0250877674831517,0.0664140661903645,0,0,0,0,0,0,0.0192321645820291,0,0.0976858574475728,0.0466468368249435,0,0.0250877674831517,0,0.0337236205744276,0.113285175146291,0.0337236205744276,0.0337236205744276,0.0337236205744276,0,0,0.185269140043217,0.0192321645820291,0.0337236205744276,0,0.0337236205744276,0.0466468368249435,0.0337236205744276,0.142026451563498,0,0.0976858574475728,0.0250877674831517,0.218010738874834,0.0192321645820291,0.0337236205744276,0.142026451563498,0,0,0.0250877674831517,0.0250877674831517,0,0.0250877674831517,0,0,0,0,0.0337236205744276,0.0337236205744276,0,0.185269140043217,0.0466468368249435,0.0337236205744276,0,0.0250877674831517,0,0.0250877674831517,0.0337236205744276,0.0976858574475728,0,0,0,0,0,0.0192321645820291,0.0337236205744276,0,0.249043530364504,0.0250877674831517,0,0,0,0.0466468368249435,0,0,0,0,0,0,0.0466468368249435,0.0337236205744276,0.0466468368249435,0.0466468368249435,0.0466468368249435,0,0.0250877674831517,0,0,0,0.0337236205744276,0,0,0,0,0,0,0.0859560008870281,0.0211007926490547,0,0.0337236205744276,0,0.0337236205744276,0.336556586563495,0,0.0466468368249435,0,0,0.0250877674831517,0.0337236205744276,0.0466468368249435,0,0,0.0195763558973341,0,0.0337236205744276,0,0,0.395774731323091,0,0.0337236205744276,0,0,0.0195763558973341,0.161222934855247,0.266386646796648,0.266386646796648,0.0152223787564515,0.0124579894676926,0.0337236205744276,0,0,0,0,0,0,0.142026451563498,0,0,0,0,0,0.0250877674831517,0,0.0250877674831517,0.0337236205744276,0,0.0250877674831517,0.0192321645820291,0.0250877674831517,0,0.28975796754489,0,0.11241482621018,0,0,0.142026451563498,0.0211007926490547,0.0262054504903287,0,0,0.0250877674831517,0,0,0.0337236205744276,0.0360231344013513,0,0.0192321645820291,0.0192321645820291,0,0,0,0,0,0,0,0,0,0.0466468368249435,0,0,0,0.0152223787564515,0,0,0.0337236205744276,0,0.0152223787564515,0,0.0250877674831517,0,0,0,0,0,0,0,0,0,0.0467066854134993,0.0360231344013513,0,0,0,0,0,0,0.0192321645820291,0.185269140043217,0,0.580614852075153,0.0337236205744276,0,0.0124579894676926,0,0,0,0,0,0,0.0192321645820291,0,0,0,0,0,0.0337236205744276,0,0,0.0152223787564515,0,0.0250877674831517,0,0,0,0.0360231344013513,0,0,0,0,0.0664140661903645,0,0.0337236205744276,0,0.0152223787564515,0,0.249043530364504,0.0152223787564515,0,0,0.0192321645820291,0.0250877674831517,0,0,0.0337236205744276,0,0,0.0337236205744276,0.0250877674831517,0,0.0192321645820291,0.0337236205744276,0,0,0,0,0,0,0,0,0,0,0,0,0,0,0,0,0.580614852075153,0.249043530364504,0.0337236205744276,0.0360231344013513,0,0.0337236205744276,0,0,0,0
0,0.0498579928542293,0,0.0367619429090039,0.10162667835798,0.0280132767810044,0.0367619429090039,0.0498579928542293,0,0,0,0.0367619429090039,0.0280132767810044,0.0367619429090039,0,0.0498579928542293,0.0498579928542293,0.0280132767810044,0.0698989009481177,1,0.271481053610807,0.0367619429090039,0,0.0498579928542293,0.271481053610807,0.163074998260921,0.163074998260921,0.0280132767810044,0,0,0,0,0.10162667835798,0.0180216412275933,0.0180216412275933,0.0367619429090039,0,0,0.0367619429090039,0.0498579928542293,0,0,0,0.0280132767810044,0,0,0.0376272683247983,0,0,0.0220824020542819,0,0,0.0280132767810044,0,0.271481053610807,0,0,0,0.0498579928542293,0,0,0.0367619429090039,0.10162667835798,0,0,0.271481053610807,0.0367619429090039,0.0367619429090039,0.0152223787564515,0.013283683417403,0.222834702756658,0.0367619429090039,0,0,0,0.0285246310395475,0.0498579928542293,0.0498579928542293,0,0.0367619429090039,0,0,0.0367619429090039,0,0.0367619429090039,0.11241482621018,0.0367619429090039,0,0.0280132767810044,0,0.10162667835798,0.0367619429090039,0,0,0,0,0.0367619429090039,0,0,0,0,0,0,0.0220824020542819,0.395774731323091,1,0,0.0384437948047428,0,0.0152223787564515,0,0,0,0,0,0.013283683417403,0,0.0367619429090039,0.0280132767810044,0.0280132767810044,0.0280132767810044,0,0.0280132767810044,0.0698989009481177,0,0,0,0,0,0,0.0220824020542819,0,0.10162667835798,0.0498579928542293,0,0.0280132767810044,0,0.0367619429090039,0.1210836969317,0.0367619429090039,0.0367619429090039,0.0367619429090039,0,0,0.206873557102869,0.0220824020542819,0.0367619429090039,0,0.0367619429090039,0.0498579928542293,0.0367619429090039,0.163074998260921,0,0.10162667835798,0.0280132767810044,0.266386646796648,0.0220824020542819,0.0367619429090039,0.163074998260921,0,0,0.0280132767810044,0.0280132767810044,0,0.0280132767810044,0,0,0,0,0.0367619429090039,0.0367619429090039,0,0.206873557102869,0.0498579928542293,0.0367619429090039,0,0.0280132767810044,0,0.0280132767810044,0.0367619429090039,0.10162667835798,0,0,0,0,0,0.0220824020542819,0.0367619429090039,0,0.271481053610807,0.0280132767810044,0,0,0,0.0498579928542293,0,0,0,0,0,0,0.0498579928542293,0.0367619429090039,0.0498579928542293,0.0498579928542293,0.0498579928542293,0,0.0280132767810044,0,0,0,0.0367619429090039,0,0,0,0,0,0,0.0986948173446475,0.0235372551175206,0,0.0367619429090039,0,0.0367619429090039,0.386434809603095,0,0.0498579928542293,0,0,0.0280132767810044,0.0367619429090039,0.0498579928542293,0,0,0.0218282503521771,0,0.0367619429090039,0,0,0.687384851140685,0,0.0367619429090039,0,0,0.0218282503521771,0.208887367284453,0.315372823998099,0.315372823998099,0.0180216412275933,0.0152223787564515,0.0367619429090039,0,0,0,0,0,0,0.163074998260921,0,0,0,0,0,0.0280132767810044,0,0.0280132767810044,0.0367619429090039,0,0.0280132767810044,0.0220824020542819,0.0280132767810044,0,0.323546929785103,0,0.133086930698233,0,0,0.163074998260921,0.0235372551175206,0.0285246310395475,0,0,0.0280132767810044,0,0,0.0367619429090039,0.0384437948047428,0,0.0220824020542819,0.0220824020542819,0,0,0,0,0,0,0,0,0,0.0498579928542293,0,0,0,0.0180216412275933,0,0,0.0367619429090039,0,0.0180216412275933,0,0.0280132767810044,0,0,0,0,0,0,0,0,0,0.053628690703256,0.0384437948047428,0,0,0,0,0,0,0.0220824020542819,0.206873557102869,0,0.468554246939164,0.0367619429090039,0,0.0152223787564515,0,0,0,0,0,0,0.0220824020542819,0,0,0,0,0,0.0367619429090039,0,0,0.0180216412275933,0,0.0280132767810044,0,0,0,0.0384437948047428,0,0,0,0,0.0698989009481177,0,0.0367619429090039,0,0.0180216412275933,0,0.271481053610807,0.0180216412275933,0,0,0.0220824020542819,0.0280132767810044,0,0,0.0367619429090039,0,0,0.0367619429090039,0.0280132767810044,0,0.0220824020542819,0.0367619429090039,0,0,0,0,0,0,0,0,0,0,0,0,0,0,0,0,0.468554246939164,0.271481053610807,0.0367619429090039,0.0384437948047428,0,0.0367619429090039,0,0,0,0
0,0,0,0,0,0,0,0,0,0,0,0,0,0,0,0,0,0,0,0,0,0,0,0,0,0,0,0,0,0,0,0,0,0,0,0,0,0,0,0,0,0,0,0,0,0,0,0,0,0,0,0,0,0,0,0,0,0,0,0,0,0,0,0,0,0,0,0,0,0,0,0,0,0,0,0,0,0,0,0,0,0,0,0,0,0,0,0,0,0,0,0,0,0,0,0,0,0,0,0,0,0,0,0,0,0,1,0,0,0,0,0,0,0,0,0,0,0,0,0,0,0,0,0,0,0,0,0,0,0,0,0,0,0,0,0,0,0,0,0,0,0,0,0,0,0,0,0,0,0,0,0,0,0,0,0,0,0,0,0,0,0,0,0,0,0,0,0,0,0,0,0,0,0,0,0,0,0,0,0,0,0,0,0,0,0,0,0,0,0,0,0,0,0,0,0,0,0,0,0,0,0,0,0,0,0,0,0,0,0,0,0,0,0,0,0,0,0,0,0,0,0,0,0,0,0,0,0,0,0,0,0,0,0,0,0,0,0,0,0,0,0,0,0,0,0,0,0,0,0,0,0,0,0,0,0,0,0,0,0,0,0,0,0,0,0,0,0,0,0,0,0,0,0,0,0,0,0,0,0,0,0,0,0,0,0,0,0,0,0,0,0,0,0,0,0,0,0,0,0,0,0,0,0,0,0,0,0,0,0,0,0,0,0,0,0,0,0,0,0,0,0,0,0,0,0,0,0,0,0,0,0,0,0,0,0,0,0,0,0,0,0,0,0,0,0,0,0,0,0,0,0,0,0,0,0,0,0,0,0,0,0,0,0,0,0,0,0,0,0,0,0,0,0,0,0,0,0,0,0,0,0,0,0,0,0,0,0,0,0,0,0,0,0,0,0,0,0,0,0,0,0,0,0,0,0,0,0,0
0,0.159332176574263,0,0.0545144690325174,0.108384549152341,0.114242844100718,0.0545144690325174,0.0656073668246963,0,0,0,0.132392281936114,0.0470411711002957,0.480458425321575,0,0.0656073668246963,0.605153498285355,0.114242844100718,0.200036727313821,0.0384437948047428,0.0545144690325174,0.0545144690325174,0,0.159332176574263,0.0545144690325174,0.0419459661208335,0.0419459661208335,0.0470411711002957,0,0,0,0,0.108384549152341,0.093363501668661,0.093363501668661,0.132392281936114,0,0,0.132392281936114,0.159332176574263,0,0,0,0.0470411711002957,0,0,0.107043163036001,0,0,0.309764233772802,0,0,0.114242844100718,0,0.0545144690325174,0,0,0,0.0656073668246963,0,0,0.132392281936114,0.108384549152341,0,0,0.0545144690325174,0.132392281936114,0.0545144690325174,0.0874847549747102,0.0834057617636217,0.0656073668246963,0.132392281936114,0,0,0,0.107043163036001,0.0656073668246963,0.0656073668246963,0,0.0545144690325174,0,0,0.0545144690325174,0,0.0545144690325174,0.0360231344013513,0.132392281936114,0,0.114242844100718,0,0.108384549152341,0.0545144690325174,0,0,0,0,0.0545144690325174,0,0,0,0,0,0,0.309764233772802,0.0360231344013513,0.0384437948047428,0,1,0,0.0874847549747102,0,0,0,0,0,0.0834057617636217,0,0.132392281936114,0.114242844100718,0.114242844100718,0.114242844100718,0,0.210245234101322,0.0823680641880438,0,0,0,0,0,0,0.309764233772802,0,0.108384549152341,0.0656073668246963,0,0.114242844100718,0,0.0545144690325174,0.0656073668246963,0.132392281936114,0.0545144690325174,0.0545144690325174,0,0,0.0470411711002957,0.101868774864881,0.132392281936114,0,0.0545144690325174,0.0656073668246963,0.132392281936114,0.0419459661208335,0,0.108384549152341,0.114242844100718,0.0360231344013513,0.339176100632449,0.21027009483971,0.0419459661208335,0,0,0.114242844100718,0.114242844100718,0,0.114242844100718,0,0,0,0,0.132392281936114,0.480458425321575,0,0.0470411711002957,0.159332176574263,0.132392281936114,0,0.177385355644739,0,0.396451212021955,0.21027009483971,0.108384549152341,0,0,0,0,0,0.101868774864881,0.0545144690325174,0,0.0545144690325174,0.0470411711002957,0,0,0,0.0656073668246963,0,0,0,0,0,0,0.0656073668246963,0.0545144690325174,0.0656073668246963,0.0656073668246963,0.0656073668246963,0,0.0470411711002957,0,0,0,0.132392281936114,0,0,0,0,0,0,0.0419459661208335,0.153384432711288,0,0.132392281936114,0,0.132392281936114,0.0419459661208335,0,0.0656073668246963,0,0,0.114242844100718,0.0545144690325174,0.159332176574263,0,0,0.0926432048900211,0,0.21027009483971,0,0,0.0384437948047428,0,0.480458425321575,0,0,0.321495067401043,0.0331750465663922,0.0384437948047428,0.0384437948047428,0.093363501668661,0.0874847549747102,0.132392281936114,0,0,0,0,0,0,0.0419459661208335,0,0,0,0,0,0.177385355644739,0,0.177385355644739,0.132392281936114,0,0.347391505530755,0.101868774864881,0.177385355644739,0,0.0470411711002957,0,0.0384437948047428,0,0,0.0419459661208335,0.153384432711288,0.338802458190567,0,0,0.347391505530755,0,0,0.0545144690325174,0.116943821213321,0,0.101868774864881,0.101868774864881,0,0,0,0,0,0,0,0,0,0.159332176574263,0,0,0,0.093363501668661,0,0,0.132392281936114,0,0.171820225759973,0,0.347391505530755,0,0,0,0,0,0,0,0,0,0.0419459661208335,0.128260965201707,0,0,0,0,0,0,0.101868774864881,0.0470411711002957,0,0.0384437948047428,0.0545144690325174,0,0.0874847549747102,0,0,0,0,0,0,0.309764233772802,0,0,0,0,0,0.132392281936114,0,0,0.283901260176132,0,0.114242844100718,0,0,0,1,0,0,0,0,0.0823680641880438,0,0.0545144690325174,0,0.093363501668661,0,0.0545144690325174,0.093363501668661,0,0,0.101868774864881,0.396451212021955,0,0,0.132392281936114,0,0,0.0545144690325174,0.114242844100718,0,0.101868774864881,0.132392281936114,0,0,0,0,0,0,0,0,0,0,0,0,0,0,0,0,0.0384437948047428,0.0545144690325174,0.132392281936114,1,0,0.132392281936114,0,0,0,0
0,0,0,0,0,0,0,0,0,0,0,0,0,0,0,0,0,0,0,0,0,0,0,0,0,0,0,0,0,0,0,0,0,0,0,0,0,0,0,0,0,0,0,0,0,0,0,0,0,0,0,0,0,0,0,0,0,0,0,0,0,0,0,0,0,0,0,0,0,0,0,0,0,0,0,0,0,0,0,0,0,0,0,0,0,0,0,0,0,0,0,0,0,0,0,0,0,0,0,0,0,0,0,0,0,0,0,0,1,0,0,0,0,0,0,0,0,0,0,0,0,0,0,0,0,0,0,0,0,0,0,0,0,0,0,0,0,0,0,0,0,0,0,0,0,0,0,0,0,0,0,0,0,0,0,0,0,0,0,0,0,0,0,0,0,0,0,0,0,0,0,0,0,0,0,0,0,0,0,0,0,0,0,0,0,0,0,0,0,0,0,0,0,0,0,0,0,0,0,0,0,0,0,0,0,0,0,0,0,0,0,0,0,0,0,0,0,0,0,0,0,0,0,0,0,0,0,0,0,0,0,0,0,0,0,0,0,0,0,0,0,0,0,0,0,0,0,0,0,0,0,0,0,0,0,0,0,0,0,0,0,0,0,0,0,0,0,0,0,0,0,0,0,0,0,0,0,0,0,0,0,0,0,0,0,0,0,0,0,0,0,0,0,0,0,0,0,0,0,0,0,0,0,0,0,0,0,0,0,0,0,0,0,0,0,0,0,0,0,0,0,0,0,0,0,0,0,0,0,0,0,0,0,0,0,0,0,0,0,0,0,0,0,0,0,0,0,0,0,0,0,0,0,0,0,0,0,0,0,0,0,0,0,0,0,0,0,0,0,0,0,0,0,0,0,0,0,0,0,0,0,0,0,0,0,0,0,0,0,0,0,0,0,0,0,0,0,0,0,0,0,0,0,0,0,0,0,0,0
0,0.208482801319646,0,0.0337236205744276,0.0976858574475728,0.0609274353162256,0.0337236205744276,0.0466468368249435,0,0,0,0.0819002213950383,0.0250877674831517,0.0819002213950383,0,0.0466468368249435,0.113285175146291,0.0609274353162256,0.161291303605171,0.0152223787564515,0.0337236205744276,0.0337236205744276,0,0.113285175146291,0.0337236205744276,0.0192321645820291,0.0192321645820291,0.0250877674831517,0,0,0,0,0.0976858574475728,0.0680347132176099,0.0680347132176099,0.0819002213950383,0,0,0.0819002213950383,0.113285175146291,0,0,0,0.0250877674831517,0,0,0.10418452955258,0,0,0.0467066854134993,0,0,0.112126960792045,0,0.0337236205744276,0,0,0,0.0466468368249435,0,0,0.0819002213950383,0.0976858574475728,0,0,0.0337236205744276,0.0819002213950383,0.0337236205744276,0.323901902146027,0.274121366440528,0.0466468368249435,0.0819002213950383,0,0,0,0.117122319538408,0.0466468368249435,0.0466468368249435,0,0.0337236205744276,0,0,0.0337236205744276,0,0.0337236205744276,0.0124579894676926,0.0819002213950383,0,0.0609274353162256,0,0.0976858574475728,0.0337236205744276,0,0,0,0,0.0337236205744276,0,0,0,0,0,0,0.0467066854134993,0.0124579894676926,0.0152223787564515,0,0.0874847549747102,0,1,0,0,0,0,0,0.0778607205818629,0,0.150723936853054,0.0609274353162256,0.0609274353162256,0.185269140043217,0,0.0609274353162256,0.0664140661903645,0,0,0,0,0,0,0.0467066854134993,0,0.0976858574475728,0.0466468368249435,0,0.112126960792045,0,0.0337236205744276,0.0466468368249435,0.0819002213950383,0.0337236205744276,0.0337236205744276,0,0,0.0250877674831517,0.0467066854134993,0.0819002213950383,0,0.0337236205744276,0.0466468368249435,0.0819002213950383,0.0192321645820291,0,0.0976858574475728,0.0609274353162256,0.0124579894676926,0.0467066854134993,0.0819002213950383,0.0192321645820291,0,0,0.0609274353162256,0.112126960792045,0,0.112126960792045,0,0,0,0,0.0819002213950383,0.0819002213950383,0,0.0250877674831517,0.113285175146291,0.0819002213950383,0,0.0609274353162256,0,0.0609274353162256,0.0819002213950383,0.0976858574475728,0,0,0,0,0,0.0859560008870281,0.0337236205744276,0,0.0337236205744276,0.0250877674831517,0,0,0,0.0466468368249435,0,0,0,0,0,0,0.0466468368249435,0.0337236205744276,0.0466468368249435,0.0466468368249435,0.0466468368249435,0,0.0250877674831517,0,0,0,0.0819002213950383,0,0,0,0,0,0,0.0192321645820291,0.0512447821477043,0,0.0819002213950383,0,0.0819002213950383,0.0192321645820291,0,0.0466468368249435,0,0,0.0609274353162256,0.0337236205744276,0.113285175146291,0,0,0.0874943253370645,0,0.0819002213950383,0,0,0.0152223787564515,0,0.0819002213950383,0,0,0.0874943253370645,0.00921291141318637,0.0152223787564515,0.0152223787564515,0.0680347132176099,0.0556795855800954,0.0819002213950383,0,0,0,0,0,0,0.0192321645820291,0,0,0,0,0,0.0609274353162256,0,0.0609274353162256,0.0819002213950383,0,0.0609274353162256,0.0467066854134993,0.0609274353162256,0,0.0250877674831517,0,0.0152223787564515,0,0,0.0192321645820291,0.0512447821477043,0.0636418083336554,0,0,0.0609274353162256,0,0,0.0337236205744276,0.0742676650982407,0,0.0859560008870281,0.0859560008870281,0,0,0,0,0,0,0,0,0,0.113285175146291,0,0,0,0.0680347132176099,0,0,0.0819002213950383,0,0.0369686341228109,0,0.0609274353162256,0,0,0,0,0,0,0,0,0,0.0192321645820291,0.0874847549747102,0,0,0,0,0,0,0.0467066854134993,0.0250877674831517,0,0.0152223787564515,0.0337236205744276,0,0.323901902146027,0,0,0,0,0,0,0.0467066854134993,0,0,0,0,0,0.0819002213950383,0,0,0.0369686341228109,0,0.112126960792045,0,0,0,0.0874847549747102,0,0,0,0,0.0664140661903645,0,0.0337236205744276,0,0.0680347132176099,0,0.0337236205744276,0.0680347132176099,0,0,0.0467066854134993,0.0609274353162256,0,0,0.0819002213950383,0,0,0.0337236205744276,0.112126960792045,0,0.0859560008870281,0.0819002213950383,0,0,0,0,0,0,0,0,0,0,0,0,0,0,0,0,0.0152223787564515,0.0337236205744276,0.0819002213950383,0.0874847549747102,0,0.0819002213950383,0,0,0,0
0,0,0,0,0,0,0,0,0,0,0,0,0,0,0,0,0,0,0,0,0,0,0,0,0,0,0,0,0,0,0,0,0,0,0,0,0,0,0,0,0,0,0,0,0,0,0,0,0,0,0,0,0,0,0,0,0,0,0,0,0,0,0,0,0,0,0,0,0,0,0,0,0,0,0,0,0,0,0,0,0,0,0,0,0,0,0,0,0,0,0,0,0,0,0,0,0,0,0,0,0,0,0,0,0,0,0,0,0,0,1,0,0,0,0,0,0,0,0,0,0,0,0,0,0,0,0,0,0,0,0,0,0,0,0,0,0,0,0,0,0,0,0,0,0,0,0,0,0,0,0,0,0,0,0,0,0,0,0,0,0,0,0,0,0,0,0,0,0,0,0,0,0,0,0,0,0,0,0,0,0,0,0,0,0,0,0,0,0,0,0,0,0,0,0,0,0,0,0,0,0,0,0,0,0,0,0,0,0,0,0,0,0,0,0,0,0,0,0,0,0,0,0,0,0,0,0,0,0,0,0,0,0,0,0,0,0,0,0,0,0,0,0,0,0,0,0,0,0,0,0,0,0,0,0,0,0,0,0,0,0,0,0,0,0,0,0,0,0,0,0,0,0,0,0,0,0,0,0,0,0,0,0,0,0,0,0,0,0,0,0,0,0,0,0,0,0,0,0,0,0,0,0,0,0,0,0,0,0,0,0,0,0,0,0,0,0,0,0,0,0,0,0,0,0,0,0,0,0,0,0,0,0,0,0,0,0,0,0,0,0,0,0,0,0,0,0,0,0,0,0,0,0,0,0,0,0,0,0,0,0,0,0,0,0,0,0,0,0,0,0,0,0,0,0,0,0,0,0,0,0,0,0,0,0,0,0,0,0,0,0,0,0,0,0,0,0,0,0,0,0,0,0,0,0,0,0,0,0
0,0,0,0,0,0,0,0,0,0,0,0,0,0,0,0,0,0,0,0,0,0,0,0,0,0,0,0,0,0,0,0,0,0,0,0,0,0,0,0,0,0,0,0,0,0,0,0,0,0,0,0,0,0,0,0,0,0,0,0,0,0,0,0,0,0,0,0,0,0,0,0,0,0,0,0,0,0,0,0,0,0,0,0,0,0,0,0,0,0,0,0,0,0,0,0,0,0,0,0,0,0,0,0,0,0,0,0,0,0,0,1,0,0,0,0,0,0,0,0,0,0,0,0,0,0,0,0,0,0,0,0,0,0,0,0,0,0,0,0,0,0,0,0,0,0,0,0,0,0,0,0,0,0,0,0,0,0,0,0,0,0,0,0,0,0,0,0,0,0,0,0,0,0,0,0,0,0,0,0,0,0,0,0,0,0,0,0,0,0,0,0,0,0,0,0,0,0,0,0,0,0,0,0,0,0,0,0,0,0,0,0,0,0,0,0,0,0,0,0,0,0,0,0,0,0,0,0,0,0,0,0,0,0,0,0,0,0,0,0,0,0,0,0,0,0,0,0,0,0,0,0,0,0,0,0,0,0,0,0,0,0,0,0,0,0,0,0,0,0,0,0,0,0,0,0,0,0,0,0,0,0,0,0,0,0,0,0,0,0,0,0,0,0,0,0,0,0,0,0,0,0,0,0,0,0,0,0,0,0,0,0,0,0,0,0,0,0,0,0,0,0,0,0,0,0,0,0,0,0,0,0,0,0,0,0,0,0,0,0,0,0,0,0,0,0,0,0,0,0,0,0,0,0,0,0,0,0,0,0,0,0,0,0,0,0,0,0,0,0,0,0,0,0,0,0,0,0,0,0,0,0,0,0,0,0,0,0,0,0,0,0,0,0,0,0,0,0,0,0,0,0,0,0,0,0,0,0,0
0,0,0,0,0,0,0,0,0,0,0,0,0,0,0,0,0,0,0,0,0,0,0,0,0,0,0,0,0,0,0,0,0,0,0,0,0,0,0,0,0,0,0,0,0,0,0,0,0,0,0,0,0,0,0,0,0,0,0,0,0,0,0,0,0,0,0,0,0,0,0,0,0,0,0,0,0,0,0,0,0,0,0,0,0,0,0,0,0,0,0,0,0,0,0,0,0,0,0,0,0,0,0,0,0,0,0,0,0,0,0,0,1,0,0,0,0,0,0,0,0,0,0,0,0,0,0,0,0,0,0,0,0,0,0,0,0,0,0,0,0,0,0,0,0,0,0,0,0,0,0,0,0,0,0,0,0,0,0,0,0,0,0,0,0,0,0,0,0,0,0,0,0,0,0,0,0,0,0,0,0,0,0,0,0,0,0,0,0,0,0,0,0,0,0,0,0,0,0,0,0,0,0,0,0,0,0,0,0,0,0,0,0,0,0,0,0,0,0,0,0,0,0,0,0,0,0,0,0,0,0,0,0,0,0,0,0,0,0,0,0,0,0,0,0,0,0,0,0,0,0,0,0,0,0,0,0,0,0,0,0,0,0,0,0,0,0,0,0,0,0,0,0,0,0,0,0,0,0,0,0,0,0,0,0,0,0,0,0,0,0,0,0,0,0,0,0,0,0,0,0,0,0,0,0,0,0,0,0,0,0,0,0,0,0,0,0,0,0,0,0,0,0,0,0,0,0,0,0,0,0,0,0,0,0,0,0,0,0,0,0,0,0,0,0,0,0,0,0,0,0,0,0,0,0,0,0,0,0,0,0,0,0,0,0,0,0,0,0,0,0,0,0,0,0,0,0,0,0,0,0,0,0,0,0,0,0,0,0,0,0,0,0,0,0,0,0,0,0,0,0,0,0,0,0,0,0,0,0
0,0,0,0,0,0,0,0,0,0,0,0,0,0,0,0,0,0,0,0,0,0,0,0,0,0,0,0,0,0,0,0,0,0,0,0,0,0,0,0,0,0,0,0,0,0,0,0,0,0,0,0,0,0,0,0,0,0,0,0,0,0,0,0,0,0,0,0,0,0,0,0,0,0,0,0,0,0,0,0,0,0,0,0,0,0,0,0,0,0,0,0,0,0,0,0,0,0,0,0,0,0,0,0,0,0,0,0,0,0,0,0,0,1,0,0,0,0,0,0,0,0,0,0,0,0,0,0,0,0,0,0,0,0,0,0,0,0,0,0,0,0,0,0,0,0,0,0,0,0,0,0,0,0,0,0,0,0,0,0,0,0,0,0,0,0,0,0,0,0,0,0,0,0,0,0,0,0,0,0,0,0,0,0,0,0,0,0,0,0,0,0,0,0,0,0,0,0,0,0,0,0,0,0,0,0,0,0,0,0,0,0,0,0,0,0,0,0,0,0,0,0,0,0,0,0,0,0,0,0,0,0,0,0,0,0,0,0,0,0,0,0,0,0,0,0,0,0,0,0,0,0,0,0,0,0,0,0,0,0,0,0,0,0,0,0,0,0,0,0,0,0,0,0,0,0,0,0,0,0,0,0,0,0,0,0,0,0,0,0,0,0,0,0,0,0,0,0,0,0,0,0,0,0,0,0,0,0,0,0,0,0,0,0,0,0,0,0,0,0,0,0,0,0,0,0,0,0,0,0,0,0,0,0,0,0,0,0,0,0,0,0,0,0,0,0,0,0,0,0,0,0,0,0,0,0,0,0,0,0,0,0,0,0,0,0,0,0,0,0,0,0,0,0,0,0,0,0,0,0,0,0,0,0,0,0,0,0,0,0,0,0,0,0,0,0,0,0,0,0,0,0,0,0,0,0,0,0,0
0,0,0,0,0,0,0,0,0,0,0,0,0,0,0,0,0,0,0,0,0,0,0,0,0,0,0,0,0,0,0,0,0,0,0,0,0,0,0,0,0,0,0,0,0,0,0,0,0,0,0,0,0,0,0,0,0,0,0,0,0,0,0,0,0,0,0,0,0,0,0,0,0,0,0,0,0,0,0,0,0,0,0,0,0,0,0,0,0,0,0,0,0,0,0,0,0,0,0,0,0,0,0,0,0,0,0,0,0,0,0,0,0,0,1,0,0,0,0,0,0,0,0,0,0,0,0,0,0,0,0,0,0,0,0,0,0,0,0,0,0,0,0,0,0,0,0,0,0,0,0,0,0,0,0,0,0,0,0,0,0,0,0,0,0,0,0,0,0,0,0,0,0,0,0,0,0,0,0,0,0,0,0,0,0,0,0,0,0,0,0,0,0,0,0,0,0,0,0,0,0,0,0,0,0,0,0,0,0,0,0,0,0,0,0,0,0,0,0,0,0,0,0,0,0,0,0,0,0,0,0,0,0,0,0,0,0,0,0,0,0,0,0,0,0,0,0,0,0,0,0,0,0,0,0,0,0,0,0,0,0,0,0,0,0,0,0,0,0,0,0,0,0,0,0,0,0,0,0,0,0,0,0,0,0,0,0,0,0,0,0,0,0,0,0,0,0,0,0,0,0,0,0,0,0,0,0,0,0,0,0,0,0,0,0,0,0,0,0,0,0,0,0,0,0,0,0,0,0,0,0,0,0,0,0,0,0,0,0,0,0,0,0,0,0,0,0,0,0,0,0,0,0,0,0,0,0,0,0,0,0,0,0,0,0,0,0,0,0,0,0,0,0,0,0,0,0,0,0,0,0,0,0,0,0,0,0,0,0,0,0,0,0,0,0,0,0,0,0,0,0,0,0,0,0,0,0,0,0
0,0.198550564696314,0,0.0316202950567523,0.0949619587666687,0.0560080001931739,0.0316202950567523,0.0444245555713213,0,0,0,0.0767921451378269,0.023062117726601,0.0767921451378269,0,0.0444245555713213,0.107888206387495,0.0560080001931739,0.155437149781916,0.013283683417403,0.0316202950567523,0.0316202950567523,0,0.107888206387495,0.0316202950567523,0.0172583557076123,0.0172583557076123,0.023062117726601,0,0,0,0,0.0949619587666687,0.0593699320083931,0.0593699320083931,0.0767921451378269,0,0,0.0767921451378269,0.107888206387495,0,0,0,0.023062117726601,0,0,0.0970369564522621,0,0,0.04191314957563,0,0,0.103073546573992,0,0.0316202950567523,0,0,0,0.0444245555713213,0,0,0.0767921451378269,0.0949619587666687,0,0,0.0316202950567523,0.0767921451378269,0.0316202950567523,0.0778607205818629,0.0638434257000137,0.0444245555713213,0.0767921451378269,0,0,0,0.109928959088172,0.0444245555713213,0.0444245555713213,0,0.0316202950567523,0,0,0.0316202950567523,0,0.0316202950567523,0.0105433190523407,0.0767921451378269,0,0.0560080001931739,0,0.0949619587666687,0.0316202950567523,0,0,0,0,0.0316202950567523,0,0,0,0,0,0,0.04191314957563,0.0105433190523407,0.013283683417403,0,0.0834057617636217,0,0.0778607205818629,0,0,0,0,0,1,0,0.141323359539362,0.0560080001931739,0.0560080001931739,0.403579513262017,0,0.0560080001931739,0.0640035322631421,0,0,0,0,0,0,0.04191314957563,0,0.0949619587666687,0.0444245555713213,0,0.103073546573992,0,0.0316202950567523,0.0444245555713213,0.0767921451378269,0.0316202950567523,0.0316202950567523,0,0,0.023062117726601,0.04191314957563,0.0767921451378269,0,0.0316202950567523,0.0444245555713213,0.0767921451378269,0.0172583557076123,0,0.0949619587666687,0.0560080001931739,0.0105433190523407,0.04191314957563,0.0767921451378269,0.0172583557076123,0,0,0.0560080001931739,0.103073546573992,0,0.103073546573992,0,0,0,0,0.0767921451378269,0.0767921451378269,0,0.023062117726601,0.107888206387495,0.0767921451378269,0,0.0560080001931739,0,0.0560080001931739,0.0767921451378269,0.0949619587666687,0,0,0,0,0,0.077134283672798,0.0316202950567523,0,0.0316202950567523,0.023062117726601,0,0,0,0.0444245555713213,0,0,0,0,0,0,0.0444245555713213,0.0316202950567523,0.0444245555713213,0.0444245555713213,0.0444245555713213,0,0.023062117726601,0,0,0,0.0767921451378269,0,0,0,0,0,0,0.0172583557076123,0.0471406000776943,0,0.0767921451378269,0,0.0767921451378269,0.0172583557076123,0,0.0444245555713213,0,0,0.0560080001931739,0.0316202950567523,0.107888206387495,0,0,0.0805087853842884,0,0.0767921451378269,0,0,0.013283683417403,0,0.0767921451378269,0,0,0.0805087853842884,0.00732625321903591,0.013283683417403,0.013283683417403,0.0593699320083931,0.0471221810706655,0.0767921451378269,0,0,0,0,0,0,0.0172583557076123,0,0,0,0,0,0.0560080001931739,0,0.0560080001931739,0.0767921451378269,0,0.0560080001931739,0.04191314957563,0.0560080001931739,0,0.023062117726601,0,0.013283683417403,0,0,0.0172583557076123,0.0471406000776943,0.0597330873584133,0,0,0.0560080001931739,0,0,0.0316202950567523,0.0702364538318479,0,0.077134283672798,0.077134283672798,0,0,0,0,0,0,0,0,0,0.107888206387495,0,0,0,0.0593699320083931,0,0,0.0767921451378269,0,0.0322603740136931,0,0.0560080001931739,0,0,0,0,0,0,0,0,0,0.0172583557076123,0.0834057617636217,0,0,0,0,0,0,0.04191314957563,0.023062117726601,0,0.013283683417403,0.0316202950567523,0,0.0778607205818629,0,0,0,0,0,0,0.04191314957563,0,0,0,0,0,0.0767921451378269,0,0,0.0322603740136931,0,0.103073546573992,0,0,0,0.0834057617636217,0,0,0,0,0.0640035322631421,0,0.0316202950567523,0,0.0593699320083931,0,0.0316202950567523,0.0593699320083931,0,0,0.04191314957563,0.0560080001931739,0,0,0.0767921451378269,0,0,0.0316202950567523,0.103073546573992,0,0.077134283672798,0.0767921451378269,0,0,0,0,0,0,0,0,0,0,0,0,0,0,0,0,0.013283683417403,0.0316202950567523,0.0767921451378269,0.0834057617636217,0,0.0767921451378269,0,0,0,0
0,0,0,0,0,0,0,0,0,0,0,0,0,0,0,0,0,0,0,0,0,0,0,0,0,0,0,0,0,0,0,0,0,0,0,0,0,0,0,0,0,0,0,0,0,0,0,0,0,0,0,0,0,0,0,0,0,0,0,0,0,0,0,0,0,0,0,0,0,0,0,0,0,0,0,0,0,0,0,0,0,0,0,0,0,0,0,0,0,0,0,0,0,0,0,0,0,0,0,0,0,0,0,0,0,0,0,0,0,0,0,0,0,0,0,0,1,0,0,0,0,0,0,0,0,0,0,0,0,0,0,0,0,0,0,0,0,0,0,0,0,0,0,0,0,0,0,0,0,0,0,0,0,0,0,0,0,0,0,0,0,0,0,0,0,0,0,0,0,0,0,0,0,0,0,0,0,0,0,0,0,0,0,0,0,0,0,0,0,0,0,0,0,0,0,0,0,0,0,0,0,0,0,0,0,0,0,0,0,0,0,0,0,0,0,0,0,0,0,0,0,0,0,0,0,0,0,0,0,0,0,0,0,0,0,0,0,0,0,0,0,0,0,0,0,0,0,0,0,0,0,0,0,0,0,0,0,0,0,0,0,0,0,0,0,0,0,0,0,0,0,0,0,0,0,0,0,0,0,0,0,0,0,0,0,0,0,0,0,0,0,0,0,0,0,0,0,0,0,0,0,0,0,0,0,0,0,0,0,0,0,0,0,0,0,0,0,0,0,0,0,0,0,0,0,0,0,0,0,0,0,0,0,0,0,0,0,0,0,0,0,0,0,0,0,0,0,0,0,0,0,0,0,0,0,0,0,0,0,0,0,0,0,0,0,0,0,0,0,0,0,0,0,0,0,0,0,0,0,0,0,0,0,0,0,0,0,0,0,0,0,0,0,0,0,0,0,0,0,0,0,0,0,0,0,0,0,0,0
0,0.527498700621427,0,0.0571439257166366,0.128249502550101,0.115648378688694,0.0571439257166366,0.0714299464323527,0,0,0,0.138778105311832,0.0476199206365212,0.138778105311832,0,0.0714299464323527,0.173472727049999,0.115648378688694,0.226732089065557,0.0367619429090039,0.0571439257166366,0.0571439257166366,0,0.173472727049999,0.0571439257166366,0.041172338956928,0.041172338956928,0.0476199206365212,0,0,0,0,0.128249502550101,0.424592019495871,0.424592019495871,0.138778105311832,0,0,0.138778105311832,0.173472727049999,0,0,0,0.0476199206365212,0,0,0.291614851661041,0,0,0.0999899660382537,0,0,0.549999174998487,0,0.0571439257166366,0,0,0,0.0714299464323527,0,0,0.138778105311832,0.128249502550101,0,0,0.0571439257166366,0.138778105311832,0.0571439257166366,0.150723936853054,0.141323359539362,0.0714299464323527,0.138778105311832,0,0,0,0.324258305205187,0.0714299464323527,0.0714299464323527,0,0.0571439257166366,0,0,0.0571439257166366,0,0.0571439257166366,0.0337236205744276,0.138778105311832,0,0.115648378688694,0,0.128249502550101,0.0571439257166366,0,0,0,0,0.0571439257166366,0,0,0,0,0,0,0.0999899660382537,0.0337236205744276,0.0367619429090039,0,0.132392281936114,0,0.150723936853054,0,0,0,0,0,0.141323359539362,0,1,0.115648378688694,0.115648378688694,0.212831890191799,0,0.115648378688694,0.0933602719681705,0,0,0,0,0,0,0.0999899660382537,0,0.128249502550101,0.0714299464323527,0,0.351665478053376,0,0.0571439257166366,0.0714299464323527,0.138778105311832,0.0571439257166366,0.0571439257166366,0,0,0.0476199206365212,0.0999899660382537,0.138778105311832,0,0.0571439257166366,0.0714299464323527,0.138778105311832,0.041172338956928,0,0.128249502550101,0.115648378688694,0.0337236205744276,0.0999899660382537,0.138778105311832,0.041172338956928,0,0,0.115648378688694,0.549999174998487,0,0.212831890191799,0,0,0,0,0.138778105311832,0.138778105311832,0,0.0476199206365212,0.173472727049999,0.138778105311832,0,0.115648378688694,0,0.115648378688694,0.138778105311832,0.128249502550101,0,0,0,0,0,0.47553108355459,0.0571439257166366,0,0.0571439257166366,0.0476199206365212,0,0,0,0.0714299464323527,0,0,0,0,0,0,0.0714299464323527,0.0571439257166366,0.0714299464323527,0.0714299464323527,0.0714299464323527,0,0.0476199206365212,0,0,0,0.138778105311832,0,0,0,0,0,0,0.041172338956928,0.0965076580784755,0,0.138778105311832,0,0.138778105311832,0.041172338956928,0,0.0714299464323527,0,0,0.115648378688694,0.0571439257166366,0.173472727049999,0,0,0.424540231045856,0,0.138778105311832,0,0,0.0367619429090039,0,0.138778105311832,0,0,0.16428333703628,0.0301593188641145,0.0367619429090039,0.0367619429090039,0.424592019495871,0.38950009252372,0.138778105311832,0,0,0,0,0,0,0.041172338956928,0,0,0,0,0,0.115648378688694,0,0.115648378688694,0.138778105311832,0,0.115648378688694,0.0999899660382537,0.115648378688694,0,0.0476199206365212,0,0.0367619429090039,0,0,0.041172338956928,0.0965076580784755,0.106635281577545,0,0,0.115648378688694,0,0,0.0571439257166366,0.118649138482538,0,0.47553108355459,0.720502458320628,0,0,0,0,0,0,0,0,0,0.173472727049999,0,0,0,0.424592019495871,0,0,0.138778105311832,0,0.0892790042075809,0,0.115648378688694,0,0,0,0,0,0,0,0,0,0.041172338956928,0.132392281936114,0,0,0,0,0,0,0.0999899660382537,0.0476199206365212,0,0.0367619429090039,0.0571439257166366,0,0.150723936853054,0,0,0,0,0,0,0.0999899660382537,0,0,0,0,0,0.138778105311832,0,0,0.0892790042075809,0,0.549999174998487,0,0,0,0.132392281936114,0,0,0,0,0.0933602719681705,0,0.0571439257166366,0,0.424592019495871,0,0.0571439257166366,0.424592019495871,0,0,0.0999899660382537,0.115648378688694,0,0,0.138778105311832,0,0,0.0571439257166366,0.833333027777218,0,0.720502458320628,0.138778105311832,0,0,0,0,0,0,0,0,0,0,0,0,0,0,0,0,0.0367619429090039,0.0571439257166366,0.138778105311832,0.132392281936114,0,0.138778105311832,0,0,0,0
0,0.148976520421494,0,0.0476199206365212,0.115768709113422,0.093408272931481,0.0476199206365212,0.0613432731147329,0,0,0,0.115648378688694,0.0384622300306098,0.115648378688694,0,0.0613432731147329,0.148976520421494,0.093408272931481,0.200063521369343,0.0280132767810044,0.0476199206365212,0.0476199206365212,0,0.148976520421494,0.0476199206365212,0.0322586368373393,0.0322586368373393,0.0384622300306098,0,0,0,0,0.115768709113422,0.0680322436110106,0.0680322436110106,0.115648378688694,0,0,0.115648378688694,0.148976520421494,0,0,0,0.0384622300306098,0,0,0.0892681146452845,0,0,0.078342403747824,0,0,0.093408272931481,0,0.0476199206365212,0,0,0,0.0613432731147329,0,0,0.115648378688694,0.115768709113422,0,0,0.0476199206365212,0.115648378688694,0.0476199206365212,0.0609274353162256,0.0560080001931739,0.0613432731147329,0.115648378688694,0,0,0,0.0892681146452845,0.0613432731147329,0.0613432731147329,0,0.0476199206365212,0,0,0.0476199206365212,0,0.0476199206365212,0.0250877674831517,0.115648378688694,0,0.171902619932726,0,0.115768709113422,0.0476199206365212,0,0,0,0,0.0476199206365212,0,0,0,0,0,0,0.078342403747824,0.0250877674831517,0.0280132767810044,0,0.114242844100718,0,0.0609274353162256,0,0,0,0,0,0.0560080001931739,0,0.115648378688694,1,0.093408272931481,0.093408272931481,0,0.093408272931481,0.0823790970344355,0,0,0,0,0,0,0.078342403747824,0,0.115768709113422,0.0613432731147329,0,0.093408272931481,0,0.0476199206365212,0.0613432731147329,0.115648378688694,0.0476199206365212,0.0476199206365212,0,0,0.0384622300306098,0.238224860376036,0.212831890191799,0,0.0476199206365212,0.0613432731147329,0.115648378688694,0.0322586368373393,0,0.115768709113422,0.171902619932726,0.0250877674831517,0.078342403747824,0.115648378688694,0.0322586368373393,0,0,0.171902619932726,0.093408272931481,0,0.093408272931481,0,0,0,0,0.212831890191799,0.115648378688694,0,0.0384622300306098,0.274166873716867,0.115648378688694,0,0.093408272931481,0,0.093408272931481,0.115648378688694,0.115768709113422,0,0,0,0,0,0.078342403747824,0.0476199206365212,0,0.0476199206365212,0.0384622300306098,0,0,0,0.0613432731147329,0,0,0,0,0,0,0.0613432731147329,0.0476199206365212,0.0613432731147329,0.0613432731147329,0.0613432731147329,0,0.0384622300306098,0,0,0,0.351665478053376,0,0,0,0,0,0,0.0322586368373393,0.0781973600772233,0,0.115648378688694,0,0.212831890191799,0.0322586368373393,0,0.0613432731147329,0,0,0.093408272931481,0.0476199206365212,0.148976520421494,0,0,0.133274986446135,0,0.115648378688694,0,0,0.0280132767810044,0,0.115648378688694,0,0,0.0724188282515526,0.0216548926727131,0.0280132767810044,0.0280132767810044,0.0680322436110106,0.0609274353162256,0.115648378688694,0,0,0,0,0,0,0.0322586368373393,0,0,0,0,0,0.093408272931481,0,0.093408272931481,0.115648378688694,0,0.093408272931481,0.238224860376036,0.093408272931481,0,0.0384622300306098,0,0.0280132767810044,0,0,0.0322586368373393,0.0781973600772233,0.0892681146452845,0,0,0.093408272931481,0,0,0.0476199206365212,0.100712305912714,0,0.078342403747824,0.078342403747824,0,0,0,0,0,0,0,0,0,0.148976520421494,0,0,0,0.0680322436110106,0,0,0.115648378688694,0,0.0680322436110106,0,0.093408272931481,0,0,0,0,0,0,0,0,0,0.0322586368373393,0.114242844100718,0,0,0,0,0,0,0.144176356477088,0.0384622300306098,0,0.0280132767810044,0.0476199206365212,0,0.0609274353162256,0,0,0,0,0,0,0.078342403747824,0,0,0,0,0,0.115648378688694,0,0,0.0680322436110106,0,0.093408272931481,0,0,0,0.114242844100718,0,0,0,0,0.0823790970344355,0,0.0476199206365212,0,0.0680322436110106,0,0.0476199206365212,0.0680322436110106,0,0,0.078342403747824,0.093408272931481,0,0,0.351665478053376,0,0,0.0476199206365212,0.093408272931481,0,0.078342403747824,0.212831890191799,0,0,0,0,0,0,0,0,0,0,0,0,0,0,0,0,0.0280132767810044,0.0476199206365212,0.212831890191799,0.114242844100718,0,0.212831890191799,0,0,0,0
0,0.148976520421494,0,0.0476199206365212,0.115768709113422,0.093408272931481,0.0476199206365212,0.0613432731147329,0,0,0,0.115648378688694,0.0384622300306098,0.115648378688694,0,0.0613432731147329,0.148976520421494,0.093408272931481,0.368184127562069,0.0280132767810044,0.0476199206365212,0.0476199206365212,0,0.148976520421494,0.0476199206365212,0.0322586368373393,0.0322586368373393,0.0384622300306098,0,0,0,0,0.115768709113422,0.0680322436110106,0.0680322436110106,0.115648378688694,0,0,0.115648378688694,0.148976520421494,0,0,0,0.0384622300306098,0,0,0.0892681146452845,0,0,0.078342403747824,0,0,0.093408272931481,0,0.0476199206365212,0,0,0,0.0613432731147329,0,0,0.115648378688694,0.115768709113422,0,0,0.0476199206365212,0.351665478053376,0.0476199206365212,0.0609274353162256,0.0560080001931739,0.0613432731147329,0.115648378688694,0,0,0,0.0892681146452845,0.0613432731147329,0.0613432731147329,0,0.0476199206365212,0,0,0.0476199206365212,0,0.0476199206365212,0.0250877674831517,0.115648378688694,0,0.093408272931481,0,0.115768709113422,0.0476199206365212,0,0,0,0,0.0476199206365212,0,0,0,0,0,0,0.078342403747824,0.0250877674831517,0.0280132767810044,0,0.114242844100718,0,0.0609274353162256,0,0,0,0,0,0.0560080001931739,0,0.115648378688694,0.093408272931481,1,0.093408272931481,0,0.093408272931481,0.0823790970344355,0,0,0,0,0,0,0.078342403747824,0,0.115768709113422,0.0613432731147329,0,0.093408272931481,0,0.0476199206365212,0.0613432731147329,0.115648378688694,0.0476199206365212,0.0476199206365212,0,0,0.0384622300306098,0.078342403747824,0.115648378688694,0,0.0476199206365212,0.0613432731147329,0.115648378688694,0.0322586368373393,0,0.115768709113422,0.093408272931481,0.0250877674831517,0.078342403747824,0.115648378688694,0.0322586368373393,0,0,0.093408272931481,0.093408272931481,0,0.093408272931481,0,0,0,0,0.115648378688694,0.115648378688694,0,0.0384622300306098,0.148976520421494,0.115648378688694,0,0.093408272931481,0,0.093408272931481,0.115648378688694,0.115768709113422,0,0,0,0,0,0.078342403747824,0.0476199206365212,0,0.0476199206365212,0.0384622300306098,0,0,0,0.0613432731147329,0,0,0,0,0,0,0.0613432731147329,0.0476199206365212,0.0613432731147329,0.0613432731147329,0.0613432731147329,0,0.0384622300306098,0,0,0,0.115648378688694,0,0,0,0,0,0,0.0322586368373393,0.0781973600772233,0,0.115648378688694,0,0.115648378688694,0.0322586368373393,0,0.0613432731147329,0,0,0.093408272931481,0.0476199206365212,0.148976520421494,0,0,0.0724188282515526,0,0.115648378688694,0,0,0.0280132767810044,0,0.115648378688694,0,0,0.0724188282515526,0.0216548926727131,0.0280132767810044,0.0280132767810044,0.0680322436110106,0.0609274353162256,0.115648378688694,0,0,0,0,0,0,0.0322586368373393,0,0,0,0,0,0.093408272931481,0,0.093408272931481,0.115648378688694,0,0.093408272931481,0.078342403747824,0.093408272931481,0,0.0384622300306098,0,0.0280132767810044,0,0,0.0322586368373393,0.0781973600772233,0.0892681146452845,0,0,0.093408272931481,0,0,0.0476199206365212,0.177385355644739,0,0.078342403747824,0.078342403747824,0,0,0,0,0,0,0,0,0,0.148976520421494,0,0,0,0.0680322436110106,0,0,0.115648378688694,0,0.0680322436110106,0,0.093408272931481,0,0,0,0,0,0,0,0,0,0.0322586368373393,0.210245234101322,0,0,0,0,0,0,0.078342403747824,0.0384622300306098,0,0.0280132767810044,0.0476199206365212,0,0.0609274353162256,0,0,0,0,0,0,0.078342403747824,0,0,0,0,0,0.115648378688694,0,0,0.0680322436110106,0,0.093408272931481,0,0,0,0.114242844100718,0,0,0,0,0.0823790970344355,0,0.0476199206365212,0,0.0680322436110106,0,0.0476199206365212,0.0680322436110106,0,0,0.078342403747824,0.093408272931481,0,0,0.115648378688694,0,0,0.0476199206365212,0.093408272931481,0,0.078342403747824,0.115648378688694,0,0,0,0,0,0,0,0,0,0,0,0,0,0,0,0,0.0280132767810044,0.0476199206365212,0.115648378688694,0.114242844100718,0,0.115648378688694,0,0,0,0
0,0.274166873716867,0,0.0476199206365212,0.115768709113422,0.093408272931481,0.0476199206365212,0.0613432731147329,0,0,0,0.115648378688694,0.0384622300306098,0.115648378688694,0,0.0613432731147329,0.148976520421494,0.093408272931481,0.200063521369343,0.0280132767810044,0.0476199206365212,0.0476199206365212,0,0.148976520421494,0.0476199206365212,0.0322586368373393,0.0322586368373393,0.0384622300306098,0,0,0,0,0.115768709113422,0.125202196225305,0.125202196225305,0.115648378688694,0,0,0.115648378688694,0.148976520421494,0,0,0,0.0384622300306098,0,0,0.15104535661434,0,0,0.078342403747824,0,0,0.171902619932726,0,0.0476199206365212,0,0,0,0.0613432731147329,0,0,0.115648378688694,0.115768709113422,0,0,0.0476199206365212,0.115648378688694,0.0476199206365212,0.185269140043217,0.170310041403733,0.0613432731147329,0.115648378688694,0,0,0,0.16428333703628,0.0613432731147329,0.0613432731147329,0,0.0476199206365212,0,0,0.0476199206365212,0,0.0476199206365212,0.0250877674831517,0.115648378688694,0,0.093408272931481,0,0.115768709113422,0.0476199206365212,0,0,0,0,0.0476199206365212,0,0,0,0,0,0,0.078342403747824,0.0250877674831517,0.0280132767810044,0,0.114242844100718,0,0.185269140043217,0,0,0,0,0,0.403579513262017,0,0.212831890191799,0.093408272931481,0.093408272931481,1,0,0.093408272931481,0.0823790970344355,0,0,0,0,0,0,0.078342403747824,0,0.115768709113422,0.0613432731147329,0,0.171902619932726,0,0.0476199206365212,0.0613432731147329,0.115648378688694,0.0476199206365212,0.0476199206365212,0,0,0.0384622300306098,0.078342403747824,0.115648378688694,0,0.0476199206365212,0.0613432731147329,0.115648378688694,0.0322586368373393,0,0.115768709113422,0.093408272931481,0.0250877674831517,0.078342403747824,0.115648378688694,0.0322586368373393,0,0,0.093408272931481,0.171902619932726,0,0.171902619932726,0,0,0,0,0.115648378688694,0.115648378688694,0,0.0384622300306098,0.148976520421494,0.115648378688694,0,0.093408272931481,0,0.093408272931481,0.115648378688694,0.115768709113422,0,0,0,0,0,0.144176356477088,0.0476199206365212,0,0.0476199206365212,0.0384622300306098,0,0,0,0.0613432731147329,0,0,0,0,0,0,0.0613432731147329,0.0476199206365212,0.0613432731147329,0.0613432731147329,0.0613432731147329,0,0.0384622300306098,0,0,0,0.115648378688694,0,0,0,0,0,0,0.0322586368373393,0.0781973600772233,0,0.115648378688694,0,0.115648378688694,0.0322586368373393,0,0.0613432731147329,0,0,0.093408272931481,0.0476199206365212,0.148976520421494,0,0,0.133274986446135,0,0.115648378688694,0,0,0.0280132767810044,0,0.115648378688694,0,0,0.133274986446135,0.0216548926727131,0.0280132767810044,0.0280132767810044,0.125202196225305,0.112126960792045,0.115648378688694,0,0,0,0,0,0,0.0322586368373393,0,0,0,0,0,0.093408272931481,0,0.093408272931481,0.115648378688694,0,0.093408272931481,0.078342403747824,0.093408272931481,0,0.0384622300306098,0,0.0280132767810044,0,0,0.0322586368373393,0.0781973600772233,0.0892681146452845,0,0,0.093408272931481,0,0,0.0476199206365212,0.100712305912714,0,0.144176356477088,0.144176356477088,0,0,0,0,0,0,0,0,0,0.148976520421494,0,0,0,0.125202196225305,0,0,0.115648378688694,0,0.0680322436110106,0,0.093408272931481,0,0,0,0,0,0,0,0,0,0.0322586368373393,0.114242844100718,0,0,0,0,0,0,0.078342403747824,0.0384622300306098,0,0.0280132767810044,0.0476199206365212,0,0.185269140043217,0,0,0,0,0,0,0.078342403747824,0,0,0,0,0,0.115648378688694,0,0,0.0680322436110106,0,0.171902619932726,0,0,0,0.114242844100718,0,0,0,0,0.0823790970344355,0,0.0476199206365212,0,0.125202196225305,0,0.0476199206365212,0.125202196225305,0,0,0.078342403747824,0.093408272931481,0,0,0.115648378688694,0,0,0.0476199206365212,0.171902619932726,0,0.144176356477088,0.115648378688694,0,0,0,0,0,0,0,0,0,0,0,0,0,0,0,0,0.0280132767810044,0.0476199206365212,0.115648378688694,0.114242844100718,0,0.115648378688694,0,0,0,0
0,0,0,0,0,0,0,0,0,0,0,0,0,0,0,0,0,0,0,0,0,0,0,0,0,0,0,0,0,0,0,0,0,0,0,0,0,0,0,0,0,0,0,0,0,0,0,0,0,0,0,0,0,0,0,0,0,0,0,0,0,0,0,0,0,0,0,0,0,0,0,0,0,0,0,0,0,0,0,0,0,0,0,0,0,0,0,0,0,0,0,0,0,0,0,0,0,0,0,0,0,0,0,0,0,0,0,0,0,0,0,0,0,0,0,0,0,0,0,0,0,1,0,0,0,0,0,0,0,0,0,0,0,0,0,0,0,0,0,0,0,0,0,0,0,0,0,0,0,0,0,0,0,0,0,0,0,0,0,0,0,0,0,0,0,0,0,0,0,0,0,0,0,0,0,0,0,0,0,0,0,0,0,0,0,0,0,0,0,0,0,0,0,0,0,0,0,0,0,0,0,0,0,0,0,0,0,0,0,0,0,0,0,0,0,0,0,0,0,0,0,0,0,0,0,0,0,0,0,0,0,0,0,0,0,0,0,0,0,0,0,0,0,0,0,0,0,0,0,0,0,0,0,0,0,0,0,0,0,0,0,0,0,0,0,0,0,0,0,0,0,0,0,0,0,0,0,0,0,0,0,0,0,0,0,0,0,0,0,0,0,0,0,0,0,0,0,0,0,0,0,0,0,0,0,0,0,0,0,0,0,0,0,0,0,0,0,0,0,0,0,0,0,0,0,0,0,0,0,0,0,0,0,0,0,0,0,0,0,0,0,0,0,0,0,0,0,0,0,0,0,0,0,0,0,0,0,0,0,0,0,0,0,0,0,0,0,0,0,0,0,0,0,0,0,0,0,0,0,0,0,0,0,0,0,0,0,0,0,0,0,0,0,0,0,0,0,0,0,0,0,0,0,0,0,0,0,0,0
0,0.148976520421494,0,0.0476199206365212,0.115768709113422,0.093408272931481,0.0476199206365212,0.0613432731147329,0,0,0,0.115648378688694,0.0384622300306098,0.115648378688694,0,0.0613432731147329,0.148976520421494,0.093408272931481,0.200063521369343,0.0280132767810044,0.0476199206365212,0.0476199206365212,0,0.148976520421494,0.0476199206365212,0.0322586368373393,0.0322586368373393,0.0384622300306098,0,0,0,0,0.115768709113422,0.0680322436110106,0.0680322436110106,0.115648378688694,0,0,0.115648378688694,0.148976520421494,0,0,0,0.0384622300306098,0,0,0.0892681146452845,0,0,0.144176356477088,0,0,0.093408272931481,0,0.0476199206365212,0,0,0,0.0613432731147329,0,0,0.115648378688694,0.115768709113422,0,0,0.0476199206365212,0.115648378688694,0.0476199206365212,0.0609274353162256,0.0560080001931739,0.0613432731147329,0.115648378688694,0,0,0,0.0892681146452845,0.0613432731147329,0.0613432731147329,0,0.0476199206365212,0,0,0.0476199206365212,0,0.0476199206365212,0.0250877674831517,0.115648378688694,0,0.093408272931481,0,0.115768709113422,0.0476199206365212,0,0,0,0,0.0476199206365212,0,0,0,0,0,0,0.144176356477088,0.0250877674831517,0.0280132767810044,0,0.210245234101322,0,0.0609274353162256,0,0,0,0,0,0.0560080001931739,0,0.115648378688694,0.093408272931481,0.093408272931481,0.093408272931481,0,1,0.0823790970344355,0,0,0,0,0,0,0.144176356477088,0,0.115768709113422,0.0613432731147329,0,0.093408272931481,0,0.0476199206365212,0.0613432731147329,0.115648378688694,0.0476199206365212,0.0476199206365212,0,0,0.0384622300306098,0.078342403747824,0.115648378688694,0,0.0476199206365212,0.0613432731147329,0.115648378688694,0.0322586368373393,0,0.115768709113422,0.093408272931481,0.0250877674831517,0.078342403747824,0.115648378688694,0.0322586368373393,0,0,0.093408272931481,0.093408272931481,0,0.093408272931481,0,0,0,0,0.115648378688694,0.115648378688694,0,0.0384622300306098,0.148976520421494,0.115648378688694,0,0.093408272931481,0,0.093408272931481,0.115648378688694,0.115768709113422,0,0,0,0,0,0.078342403747824,0.0476199206365212,0,0.0476199206365212,0.0384622300306098,0,0,0,0.0613432731147329,0,0,0,0,0,0,0.0613432731147329,0.0476199206365212,0.0613432731147329,0.0613432731147329,0.0613432731147329,0,0.0384622300306098,0,0,0,0.115648378688694,0,0,0,0,0,0,0.0322586368373393,0.0781973600772233,0,0.115648378688694,0,0.115648378688694,0.0322586368373393,0,0.0613432731147329,0,0,0.093408272931481,0.0476199206365212,0.148976520421494,0,0,0.0724188282515526,0,0.115648378688694,0,0,0.0280132767810044,0,0.115648378688694,0,0,0.0724188282515526,0.0216548926727131,0.0280132767810044,0.0280132767810044,0.0680322436110106,0.0609274353162256,0.115648378688694,0,0,0,0,0,0,0.0322586368373393,0,0,0,0,0,0.093408272931481,0,0.093408272931481,0.115648378688694,0,0.171902619932726,0.078342403747824,0.093408272931481,0,0.0384622300306098,0,0.0280132767810044,0,0,0.0322586368373393,0.0781973600772233,0.0892681146452845,0,0,0.171902619932726,0,0,0.0476199206365212,0.100712305912714,0,0.078342403747824,0.078342403747824,0,0,0,0,0,0,0,0,0,0.148976520421494,0,0,0,0.0680322436110106,0,0,0.115648378688694,0,0.490223176474009,0,0.171902619932726,0,0,0,0,0,0,0,0,0,0.0322586368373393,0.114242844100718,0,0,0,0,0,0,0.078342403747824,0.0384622300306098,0,0.0280132767810044,0.0476199206365212,0,0.0609274353162256,0,0,0,0,0,0,0.144176356477088,0,0,0,0,0,0.115648378688694,0,0,0.125202196225305,0,0.093408272931481,0,0,0,0.210245234101322,0,0,0,0,0.0823790970344355,0,0.0476199206365212,0,0.0680322436110106,0,0.0476199206365212,0.0680322436110106,0,0,0.078342403747824,0.093408272931481,0,0,0.115648378688694,0,0,0.0476199206365212,0.093408272931481,0,0.078342403747824,0.115648378688694,0,0,0,0,0,0,0,0,0,0,0,0,0,0,0,0,0.0280132767810044,0.0476199206365212,0.115648378688694,0.210245234101322,0,0.115648378688694,0,0,0,0
0,0.109892388006257,0,0.0933602719681705,0.176370950666949,0.0823790970344355,0.0933602719681705,0.266881513729481,0,0,0,0.0933602719681705,0.0823790970344355,0.0933602719681705,0,0.491151693334087,0.109892388006257,0.0823790970344355,0.135412554283458,0.0698989009481177,0.0933602719681705,0.0933602719681705,0,0.109892388006257,0.0933602719681705,0.074963219752206,0.074963219752206,0.0823790970344355,0,0,0,0,0.176370950666949,0.0698989009481177,0.0698989009481177,0.0933602719681705,0,0,0.0933602719681705,0.109892388006257,0,0,0,0.0823790970344355,0,0,0.195397715277615,0,0,0.074963219752206,0,0,0.0823790970344355,0,0.0933602719681705,0,0,0,0.109892388006257,0,0,0.0933602719681705,0.176370950666949,0,0,0.0933602719681705,0.0933602719681705,0.226732089065557,0.0664140661903645,0.0640035322631421,0.109892388006257,0.0933602719681705,0,0,0,0.070518967832025,0.266881513729481,0.109892388006257,0,0.0933602719681705,0,0,0.0933602719681705,0,0.0933602719681705,0.0664140661903645,0.0933602719681705,0,0.0823790970344355,0,0.176370950666949,0.0933602719681705,0,0,0,0,0.0933602719681705,0,0,0,0,0,0,0.074963219752206,0.0664140661903645,0.0698989009481177,0,0.0823680641880438,0,0.0664140661903645,0,0,0,0,0,0.0640035322631421,0,0.0933602719681705,0.0823790970344355,0.0823790970344355,0.0823790970344355,0,0.0823790970344355,1,0,0,0,0,0,0,0.074963219752206,0,0.176370950666949,0.266881513729481,0,0.0823790970344355,0,0.0933602719681705,0.109892388006257,0.0933602719681705,0.0933602719681705,0.0933602719681705,0,0,0.0823790970344355,0.074963219752206,0.0933602719681705,0,0.0933602719681705,0.266881513729481,0.0933602719681705,0.074963219752206,0,0.176370950666949,0.0823790970344355,0.0664140661903645,0.074963219752206,0.0933602719681705,0.074963219752206,0,0,0.0823790970344355,0.0823790970344355,0,0.0823790970344355,0,0,0,0,0.0933602719681705,0.0933602719681705,0,0.0823790970344355,0.109892388006257,0.0933602719681705,0,0.0823790970344355,0,0.0823790970344355,0.0933602719681705,0.176370950666949,0,0,0,0,0,0.074963219752206,0.226732089065557,0,0.0933602719681705,0.0823790970344355,0,0,0,0.109892388006257,0,0,0,0,0,0,0.109892388006257,0.0933602719681705,0.109892388006257,0.109892388006257,0.109892388006257,0,0.0823790970344355,0,0,0,0.0933602719681705,0,0,0,0,0,0,0.074963219752206,0.067924107086904,0,0.0933602719681705,0,0.0933602719681705,0.074963219752206,0,0.109892388006257,0,0,0.0823790970344355,0.0933602719681705,0.109892388006257,0,0,0.0625463769526861,0,0.0933602719681705,0,0,0.0698989009481177,0,0.0933602719681705,0,0,0.0625463769526861,0.0623300805587105,0.0698989009481177,0.0698989009481177,0.0698989009481177,0.0664140661903645,0.0933602719681705,0,0,0,0,0,0,0.074963219752206,0,0,0,0,0,0.0823790970344355,0,0.0823790970344355,0.0933602719681705,0,0.0823790970344355,0.074963219752206,0.0823790970344355,0,0.0823790970344355,0,0.0698989009481177,0,0,0.074963219752206,0.067924107086904,0.070518967832025,0,0,0.0823790970344355,0,0,0.0933602719681705,0.0823680641880438,0,0.074963219752206,0.074963219752206,0,0,0,0,0,0,0,0,0,0.109892388006257,0,0,0,0.0698989009481177,0,0,0.0933602719681705,0,0.0698989009481177,0,0.0823790970344355,0,0,0,0,0,0,0,0,0,0.074963219752206,0.0823680641880438,0,0,0,0,0,0,0.074963219752206,0.0823790970344355,0,0.0698989009481177,0.0933602719681705,0,0.0664140661903645,0,0,0,0,0,0,0.074963219752206,0,0,0,0,0,0.0933602719681705,0,0,0.0698989009481177,0,0.0823790970344355,0,0,0,0.0823680641880438,0,0,0,0,1,0,0.0933602719681705,0,0.0698989009481177,0,0.0933602719681705,0.0698989009481177,0,0,0.074963219752206,0.0823790970344355,0,0,0.0933602719681705,0,0,0.226732089065557,0.0823790970344355,0,0.074963219752206,0.0933602719681705,0,0,0,0,0,0,0,0,0,0,0,0,0,0,0,0,0.0698989009481177,0.0933602719681705,0.0933602719681705,0.0823680641880438,0,0.0933602719681705,0,0,0,0
0,0,0,0,0,0,0,0,0,0,0,0,0,0,0,0,0,0,0,0,0,0,0,0,0,0,0,0,0,0,0,0,0,0,0,0,0,0,0,0,0,0,0,0,0,0,0,0,0,0,0,0,0,0,0,0,0,0,0,0,0,0,0,0,0,0,0,0,0,0,0,0,0,0,0,0,0,0,0,0,0,0,0,0,0,0,0,0,0,0,0,0,0,0,0,0,0,0,0,0,0,0,0,0,0,0,0,0,0,0,0,0,0,0,0,0,0,0,0,0,0,0,0,0,1,0,0,0,0,0,0,0,0,0,0,0,0,0,0,0,0,0,0,0,0,0,0,0,0,0,0,0,0,0,0,0,0,0,0,0,0,0,0,0,0,0,0,0,0,0,0,0,0,0,0,0,0,0,0,0,0,0,0,0,0,0,0,0,0,0,0,0,0,0,0,0,0,0,0,0,0,0,0,0,0,0,0,0,0,0,0,0,0,0,0,0,0,0,0,0,0,0,0,0,0,0,0,0,0,0,0,0,0,0,0,0,0,0,0,0,0,0,0,0,0,0,0,0,0,0,0,0,0,0,0,0,0,0,0,0,0,0,0,0,0,0,0,0,0,0,0,0,0,0,0,0,0,0,0,0,0,0,0,0,0,0,0,0,0,0,0,0,0,0,0,0,0,0,0,0,0,0,0,0,0,0,0,0,0,0,0,0,0,0,0,0,0,0,0,0,0,0,0,0,0,0,0,0,0,0,0,0,0,0,0,0,0,0,0,0,0,0,0,0,0,0,0,0,0,0,0,0,0,0,0,0,0,0,0,0,0,0,0,0,0,0,0,0,0,0,0,0,0,0,0,0,0,0,0,0,0,0,0,0,0,0,0,0,0,0,0,0,0,0,0,0,0,0,0,0,0,0,0,0,0,0,0,0,0
0,0,0,0,0,0,0,0,0,0,0,0,0,0,0,0,0,0,0,0,0,0,0,0,0,0,0,0,0,0,0,0,0,0,0,0,0,0,0,0,0,0,0,0,0,0,0,0,0,0,0,0,0,0,0,0,0,0,0,0,0,0,0,0,0,0,0,0,0,0,0,0,0,0,0,0,0,0,0,0,0,0,0,0,0,0,0,0,0,0,0,0,0,0,0,0,0,0,0,0,0,0,0,0,0,0,0,0,0,0,0,0,0,0,0,0,0,0,0,0,0,0,0,0,0,1,0,0,0,0,0,0,0,0,0,0,0,0,0,0,0,0,0,0,0,0,0,0,0,0,0,0,0,0,0,0,0,0,0,0,0,0,0,0,0,0,0,0,0,0,0,0,0,0,0,0,0,0,0,0,0,0,0,0,0,0,0,0,0,0,0,0,0,0,0,0,0,0,0,0,0,0,0,0,0,0,0,0,0,0,0,0,0,0,0,0,0,0,0,0,0,0,0,0,0,0,0,0,0,0,0,0,0,0,0,0,0,0,0,0,0,0,0,0,0,0,0,0,0,0,0,0,0,0,0,0,0,0,0,0,0,0,0,0,0,0,0,0,0,0,0,0,0,0,0,0,0,0,0,0,0,0,0,0,0,0,0,0,0,0,0,0,0,0,0,0,0,0,0,0,0,0,0,0,0,0,0,0,0,0,0,0,0,0,0,0,0,0,0,0,0,0,0,0,0,0,0,0,0,0,0,0,0,0,0,0,0,0,0,0,0,0,0,0,0,0,0,0,0,0,0,0,0,0,0,0,0,0,0,0,0,0,0,0,0,0,0,0,0,0,0,0,0,0,0,0,0,0,0,0,0,0,0,0,0,0,0,0,0,0,0,0,0,0,0,0,0,0,0,0,0,0,0,0,0,0,0,0,0
0,0,0,0,0,0,0,0,0,0,0,0,0,0,0,0,0,0,0,0,0,0,0,0,0,0,0,0,0,0,0,0,0,0,0,0,0,0,0,0,0,0,0,0,0,0,0,0,0,0,0,0,0,0,0,0,0,0,0,0,0,0,0,0,0,0,0,0,0,0,0,0,0,0,0,0,0,0,0,0,0,0,0,0,0,0,0,0,0,0,0,0,0,0,0,0,0,0,0,0,0,0,0,0,0,0,0,0,0,0,0,0,0,0,0,0,0,0,0,0,0,0,0,0,0,0,1,0,0,0,0,0,0,0,0,0,0,0,0,0,0,0,0,0,0,0,0,0,0,0,0,0,0,0,0,0,0,0,0,0,0,0,0,0,0,0,0,0,0,0,0,0,0,0,0,0,0,0,0,0,0,0,0,0,0,0,0,0,0,0,0,0,0,0,0,0,0,0,0,0,0,0,0,0,0,0,0,0,0,0,0,0,0,0,0,0,0,0,0,0,0,0,0,0,0,0,0,0,0,0,0,0,0,0,0,0,0,0,0,0,0,0,0,0,0,0,0,0,0,0,0,0,0,0,0,0,0,0,0,0,0,0,0,0,0,0,0,0,0,0,0,0,0,0,0,0,0,0,0,0,0,0,0,0,0,0,0,0,0,0,0,0,0,0,0,0,0,0,0,0,0,0,0,0,0,0,0,0,0,0,0,0,0,0,0,0,0,0,0,0,0,0,0,0,0,0,0,0,0,0,0,0,0,0,0,0,0,0,0,0,0,0,0,0,0,0,0,0,0,0,0,0,0,0,0,0,0,0,0,0,0,0,0,0,0,0,0,0,0,0,0,0,0,0,0,0,0,0,0,0,0,0,0,0,0,0,0,0,0,0,0,0,0,0,0,0,0,0,0,0,0,0,0,0,0,0,0,0,0
0,0,0,0,0,0,0,0,0,0,0,0,0,0,0,0,0,0,0,0,0,0,0,0,0,0,0,0,0,0,0,0,0,0,0,0,0,0,0,0,0,0,0,0,0,0,0,0,0,0,0,0,0,0,0,0,0,0,0,0,0,0,0,0,0,0,0,0,0,0,0,0,0,0,0,0,0,0,0,0,0,0,0,0,0,0,0,0,0,0,0,0,0,0,0,0,0,0,0,0,0,0,0,0,0,0,0,0,0,0,0,0,0,0,0,0,0,0,0,0,0,0,0,0,0,0,0,1,0,0,0,0,0,0,0,0,0,0,0,0,0,0,0,0,0,0,0,0,0,0,0,0,0,0,0,0,0,0,0,0,0,0,0,0,0,0,0,0,0,0,0,0,0,0,0,0,0,0,0,0,0,0,0,0,0,0,0,0,0,0,0,0,0,0,0,0,0,0,0,0,0,0,0,0,0,0,0,0,0,0,0,0,0,0,0,0,0,0,0,0,0,0,0,0,0,0,0,0,0,0,0,0,0,0,0,0,0,0,0,0,0,0,0,0,0,0,0,0,0,0,0,0,0,0,0,0,0,0,0,0,0,0,0,0,0,0,0,0,0,0,0,0,0,0,0,0,0,0,0,0,0,0,0,0,0,0,0,0,0,0,0,0,0,0,0,0,0,0,0,0,0,0,0,0,0,0,0,0,0,0,0,0,0,0,0,0,0,0,0,0,0,0,0,0,0,0,0,0,0,0,0,0,0,0,0,0,0,0,0,0,0,0,0,0,0,0,0,0,0,0,0,0,0,0,0,0,0,0,0,0,0,0,0,0,0,0,0,0,0,0,0,0,0,0,0,0,0,0,0,0,0,0,0,0,0,0,0,0,0,0,0,0,0,0,0,0,0,0,0,0,0,0,0,0,0,0,0,0,0
0,0,0,0,0,0,0,0,0,0,0,0,0,0,0,0,0,0,0,0,0,0,0,0,0,0,0,0,0,0,0,0,0,0,0,0,0,0,0,0,0,0,0,0,0,0,0,0,0,0,0,0,0,0,0,0,0,0,0,0,0,0,0,0,0,0,0,0,0,0,0,0,0,0,0,0,0,0,0,0,0,0,0,0,0,0,0,0,0,0,0,0,0,0,0,0,0,0,0,0,0,0,0,0,0,0,0,0,0,0,0,0,0,0,0,0,0,0,0,0,0,0,0,0,0,0,0,0,1,0,0,0,0,0,0,0,0,0,0,0,0,0,0,0,0,0,0,0,0,0,0,0,0,0,0,0,0,0,0,0,0,0,0,0,0,0,0,0,0,0,0,0,0,0,0,0,0,0,0,0,0,0,0,0,0,0,0,0,0,0,0,0,0,0,0,0,0,0,0,0,0,0,0,0,0,0,0,0,0,0,0,0,0,0,0,0,0,0,0,0,0,0,0,0,0,0,0,0,0,0,0,0,0,0,0,0,0,0,0,0,0,0,0,0,0,0,0,0,0,0,0,0,0,0,0,0,0,0,0,0,0,0,0,0,0,0,0,0,0,0,0,0,0,0,0,0,0,0,0,0,0,0,0,0,0,0,0,0,0,0,0,0,0,0,0,0,0,0,0,0,0,0,0,0,0,0,0,0,0,0,0,0,0,0,0,0,0,0,0,0,0,0,0,0,0,0,0,0,0,0,0,0,0,0,0,0,0,0,0,0,0,0,0,0,0,0,0,0,0,0,0,0,0,0,0,0,0,0,0,0,0,0,0,0,0,0,0,0,0,0,0,0,0,0,0,0,0,0,0,0,0,0,0,0,0,0,0,0,0,0,0,0,0,0,0,0,0,0,0,0,0,0,0,0,0,0,0,0,0
0,0,0,0,0,0,0,0,0,0,0,0,0,0,0,0,0,0,0,0,0,0,0,0,0,0,0,0,0,0,0,0,0,0,0,0,0,0,0,0,0,0,0,0,0,0,0,0,0,0,0,0,0,0,0,0,0,0,0,0,0,0,0,0,0,0,0,0,0,0,0,0,0,0,0,0,0,0,0,0,0,0,0,0,0,0,0,0,0,0,0,0,0,0,0,0,0,0,0,0,0,0,0,0,0,0,0,0,0,0,0,0,0,0,0,0,0,0,0,0,0,0,0,0,0,0,0,0,0,1,0,0,0,0,0,0,0,0,0,0,0,0,0,0,0,0,0,0,0,0,0,0,0,0,0,0,0,0,0,0,0,0,0,0,0,0,0,0,0,0,0,0,0,0,0,0,0,0,0,0,0,0,0,0,0,0,0,0,0,0,0,0,0,0,0,0,0,0,0,0,0,0,0,0,0,0,0,0,0,0,0,0,0,0,0,0,0,0,0,0,0,0,0,0,0,0,0,0,0,0,0,0,0,0,0,0,0,0,0,0,0,0,0,0,0,0,0,0,0,0,0,0,0,0,0,0,0,0,0,0,0,0,0,0,0,0,0,0,0,0,0,0,0,0,0,0,0,0,0,0,0,0,0,0,0,0,0,0,0,0,0,0,0,0,0,0,0,0,0,0,0,0,0,0,0,0,0,0,0,0,0,0,0,0,0,0,0,0,0,0,0,0,0,0,0,0,0,0,0,0,0,0,0,0,0,0,0,0,0,0,0,0,0,0,0,0,0,0,0,0,0,0,0,0,0,0,0,0,0,0,0,0,0,0,0,0,0,0,0,0,0,0,0,0,0,0,0,0,0,0,0,0,0,0,0,0,0,0,0,0,0,0,0,0,0,0,0,0,0,0,0,0,0,0,0,0,0,0,0
0,0.132409048462471,0,0.041172338956928,0.107359912685637,0.078342403747824,0.041172338956928,0.0545213728963117,0,0,0,0.0999899660382537,0.0322586368373393,0.0999899660382537,0,0.0545213728963117,0.132409048462471,0.078342403747824,0.182053533683929,0.0220824020542819,0.041172338956928,0.041172338956928,0,0.132409048462471,0.041172338956928,0.0262176875118606,0.0262176875118606,0.0322586368373393,0,0,0,0,0.107359912685637,0.053628690703256,0.053628690703256,0.0999899660382537,0,0,0.0999899660382537,0.132409048462471,0,0,0,0.0322586368373393,0,0,0.0774206211888767,0,0,0.458800951860886,0,0,0.078342403747824,0,0.041172338956928,0,0,0,0.0545213728963117,0,0,0.0999899660382537,0.107359912685637,0,0,0.041172338956928,0.0999899660382537,0.041172338956928,0.0467066854134993,0.04191314957563,0.0545213728963117,0.0999899660382537,0,0,0,0.0774206211888767,0.0545213728963117,0.0545213728963117,0,0.041172338956928,0,0,0.041172338956928,0,0.041172338956928,0.0192321645820291,0.0999899660382537,0,0.078342403747824,0,0.107359912685637,0.041172338956928,0,0,0,0,0.041172338956928,0,0,0,0,0,0,0.302808285044318,0.0192321645820291,0.0220824020542819,0,0.309764233772802,0,0.0467066854134993,0,0,0,0,0,0.04191314957563,0,0.0999899660382537,0.078342403747824,0.078342403747824,0.078342403747824,0,0.144176356477088,0.074963219752206,0,0,0,0,0,0,1,0,0.107359912685637,0.0545213728963117,0,0.078342403747824,0,0.041172338956928,0.0545213728963117,0.0999899660382537,0.041172338956928,0.041172338956928,0,0,0.0322586368373393,0.0636715268145186,0.0999899660382537,0,0.041172338956928,0.0545213728963117,0.0999899660382537,0.0262176875118606,0,0.107359912685637,0.078342403747824,0.0192321645820291,0.0636715268145186,0.0999899660382537,0.0262176875118606,0,0,0.078342403747824,0.078342403747824,0,0.078342403747824,0,0,0,0,0.0999899660382537,0.0999899660382537,0,0.0322586368373393,0.132409048462471,0.0999899660382537,0,0.078342403747824,0,0.078342403747824,0.0999899660382537,0.107359912685637,0,0,0,0,0,0.0636715268145186,0.041172338956928,0,0.041172338956928,0.0322586368373393,0,0,0,0.0545213728963117,0,0,0,0,0,0,0.0545213728963117,0.041172338956928,0.0545213728963117,0.0545213728963117,0.0545213728963117,0,0.0322586368373393,0,0,0,0.0999899660382537,0,0,0,0,0,0,0.0262176875118606,0.0657270373610538,0,0.0999899660382537,0,0.0999899660382537,0.0262176875118606,0,0.0545213728963117,0,0,0.078342403747824,0.041172338956928,0.132409048462471,0,0,0.0609201902754844,0,0.0999899660382537,0,0,0.0220824020542819,0,0.0999899660382537,0,0,0.0609201902754844,0.0158870107303694,0.0220824020542819,0.0220824020542819,0.053628690703256,0.0467066854134993,0.0999899660382537,0,0,0,0,0,0,0.0262176875118606,0,0,0,0,0,0.078342403747824,0,0.078342403747824,0.0999899660382537,0,0.564515588188714,0.0636715268145186,0.078342403747824,0,0.0322586368373393,0,0.0220824020542819,0,0,0.0262176875118606,0.0657270373610538,0.0774206211888767,0,0,0.564515588188714,0,0,0.041172338956928,0.0884831883993457,0,0.0636715268145186,0.0636715268145186,0,0,0,0,0,0,0,0,0,0.132409048462471,0,0,0,0.053628690703256,0,0,0.0999899660382537,0,0.0986948173446475,0,0.564515588188714,0,0,0,0,0,0,0,0,0,0.0262176875118606,0.101868774864881,0,0,0,0,0,0,0.0636715268145186,0.0322586368373393,0,0.0220824020542819,0.041172338956928,0,0.0467066854134993,0,0,0,0,0,0,0.458800951860886,0,0,0,0,0,0.0999899660382537,0,0,0.255046685284169,0,0.078342403747824,0,0,0,0.309764233772802,0,0,0,0,0.074963219752206,0,0.041172338956928,0,0.053628690703256,0,0.041172338956928,0.053628690703256,0,0,0.0636715268145186,0.078342403747824,0,0,0.0999899660382537,0,0,0.041172338956928,0.078342403747824,0,0.0636715268145186,0.0999899660382537,0,0,0,0,0,0,0,0,0,0,0,0,0,0,0,0,0.0220824020542819,0.041172338956928,0.0999899660382537,0.309764233772802,0,0.0999899660382537,0,0,0,0
0,0,0,0,0,0,0,0,0,0,0,0,0,0,0,0,0,0,0,0,0,0,0,0,0,0,0,0,0,0,0,0,0,0,0,0,0,0,0,0,0,0,0,0,0,0,0,0,0,0,0,0,0,0,0,0,0,0,0,0,0,0,0,0,0,0,0,0,0,0,0,0,0,0,0,0,0,0,0,0,0,0,0,0,0,0,0,0,0,0,0,0,0,0,0,0,0,0,0,0,0,0,0,0,0,0,0,0,0,0,0,0,0,0,0,0,0,0,0,0,0,0,0,0,0,0,0,0,0,0,0,1,0,0,0,0,0,0,0,0,0,0,0,0,0,0,0,0,0,0,0,0,0,0,0,0,0,0,0,0,0,0,0,0,0,0,0,0,0,0,0,0,0,0,0,0,0,0,0,0,0,0,0,0,0,0,0,0,0,0,0,0,0,0,0,0,0,0,0,0,0,0,0,0,0,0,0,0,0,0,0,0,0,0,0,0,0,0,0,0,0,0,0,0,0,0,0,0,0,0,0,0,0,0,0,0,0,0,0,0,0,0,0,0,0,0,0,0,0,0,0,0,0,0,0,0,0,0,0,0,0,0,0,0,0,0,0,0,0,0,0,0,0,0,0,0,0,0,0,0,0,0,0,0,0,0,0,0,0,0,0,0,0,0,0,0,0,0,0,0,0,0,0,0,0,0,0,0,0,0,0,0,0,0,0,0,0,0,0,0,0,0,0,0,0,0,0,0,0,0,0,0,0,0,0,0,0,0,0,0,0,0,0,0,0,0,0,0,0,0,0,0,0,0,0,0,0,0,0,0,0,0,0,0,0,0,0,0,0,0,0,0,0,0,0,0,0,0,0,0,0,0,0,0,0,0,0,0,0,0,0,0,0,0,0,0,0,0,0,0,0,0,0,0,0,0,0,0,0
0,0.147105639620399,0,0.128249502550101,0.54337899543379,0.115768709113422,0.128249502550101,0.147105639620399,0,0,0,0.128249502550101,0.115768709113422,0.128249502550101,0,0.147105639620399,0.147105639620399,0.115768709113422,0.176370950666949,0.10162667835798,0.128249502550101,0.128249502550101,0,0.147105639620399,0.128249502550101,0.107359912685637,0.107359912685637,0.115768709113422,0,0,0,0,0.54337899543379,0.10162667835798,0.10162667835798,0.128249502550101,0,0,0.128249502550101,0.147105639620399,0,0,0,0.115768709113422,0,0,0.105746154191537,0,0,0.107359912685637,0,0,0.115768709113422,0,0.128249502550101,0,0,0,0.147105639620399,0,0,0.128249502550101,0.54337899543379,0,0,0.128249502550101,0.128249502550101,0.128249502550101,0.0976858574475728,0.0949619587666687,0.147105639620399,0.128249502550101,0,0,0,0.0953134799189487,0.147105639620399,0.147105639620399,0,0.128249502550101,0,0,0.128249502550101,0,0.128249502550101,0.0976858574475728,0.128249502550101,0,0.115768709113422,0,0.223744292237443,0.128249502550101,0,0,0,0,0.128249502550101,0,0,0,0,0,0,0.107359912685637,0.0976858574475728,0.10162667835798,0,0.108384549152341,0,0.0976858574475728,0,0,0,0,0,0.0949619587666687,0,0.128249502550101,0.115768709113422,0.115768709113422,0.115768709113422,0,0.115768709113422,0.176370950666949,0,0,0,0,0,0,0.107359912685637,0,1,0.147105639620399,0,0.115768709113422,0,0.128249502550101,0.147105639620399,0.128249502550101,0.128249502550101,0.128249502550101,0,0,0.115768709113422,0.107359912685637,0.128249502550101,0,0.128249502550101,0.147105639620399,0.128249502550101,0.107359912685637,0,0.54337899543379,0.115768709113422,0.0976858574475728,0.107359912685637,0.128249502550101,0.107359912685637,0,0,0.115768709113422,0.115768709113422,0,0.115768709113422,0,0,0,0,0.128249502550101,0.128249502550101,0,0.115768709113422,0.147105639620399,0.128249502550101,0,0.115768709113422,0,0.115768709113422,0.128249502550101,0.54337899543379,0,0,0,0,0,0.107359912685637,0.128249502550101,0,0.128249502550101,0.115768709113422,0,0,0,0.147105639620399,0,0,0,0,0,0,0.147105639620399,0.128249502550101,0.147105639620399,0.147105639620399,0.147105639620399,0,0.115768709113422,0,0,0,0.128249502550101,0,0,0,0,0,0,0.107359912685637,0.0943727413365712,0,0.128249502550101,0,0.128249502550101,0.107359912685637,0,0.147105639620399,0,0,0.115768709113422,0.128249502550101,0.147105639620399,0,0,0.0865360309624762,0,0.128249502550101,0,0,0.10162667835798,0,0.128249502550101,0,0,0.0865360309624762,0.0930719467558259,0.10162667835798,0.10162667835798,0.10162667835798,0.0976858574475728,0.128249502550101,0,0,0,0,0,0,0.107359912685637,0,0,0,0,0,0.115768709113422,0,0.115768709113422,0.128249502550101,0,0.115768709113422,0.107359912685637,0.115768709113422,0,0.115768709113422,0,0.10162667835798,0,0,0.107359912685637,0.0943727413365712,0.0953134799189487,0,0,0.115768709113422,0,0,0.128249502550101,0.108384549152341,0,0.107359912685637,0.107359912685637,0,0,0,0,0,0,0,0,0,0.147105639620399,0,0,0,0.10162667835798,0,0,0.128249502550101,0,0.10162667835798,0,0.115768709113422,0,0,0,0,0,0,0,0,0,0.107359912685637,0.108384549152341,0,0,0,0,0,0,0.107359912685637,0.115768709113422,0,0.10162667835798,0.128249502550101,0,0.0976858574475728,0,0,0,0,0,0,0.107359912685637,0,0,0,0,0,0.128249502550101,0,0,0.10162667835798,0,0.115768709113422,0,0,0,0.108384549152341,0,0,0,0,0.176370950666949,0,0.128249502550101,0,0.10162667835798,0,0.128249502550101,0.10162667835798,0,0,0.107359912685637,0.115768709113422,0,0,0.128249502550101,0,0,0.128249502550101,0.115768709113422,0,0.107359912685637,0.128249502550101,0,0,0,0,0,0,0,0,0,0,0,0,0,0,0,0,0.10162667835798,0.128249502550101,0.128249502550101,0.108384549152341,0,0.128249502550101,0,0,0,0
0,0.0865818037575277,0,0.0714299464323527,0.147105639620399,0.0613432731147329,0.0714299464323527,0.21027009483971,0,0,0,0.0714299464323527,0.0613432731147329,0.0714299464323527,0,0.21027009483971,0.0865818037575277,0.0613432731147329,0.109892388006257,0.0498579928542293,0.0714299464323527,0.0714299464323527,0,0.0865818037575277,0.0714299464323527,0.0545213728963117,0.0545213728963117,0.0613432731147329,0,0,0,0,0.147105639620399,0.0498579928542293,0.0498579928542293,0.0714299464323527,0,0,0.0714299464323527,0.0865818037575277,0,0,0,0.0613432731147329,0,0,0.286642706317439,0,0,0.0545213728963117,0,0,0.0613432731147329,0,0.0714299464323527,0,0,0,0.0865818037575277,0,0,0.0714299464323527,0.147105639620399,0,0,0.0714299464323527,0.0714299464323527,0.173472727049999,0.0466468368249435,0.0444245555713213,0.0865818037575277,0.0714299464323527,0,0,0,0.0545144690325174,0.21027009483971,0.0865818037575277,0,0.0714299464323527,0,0,0.0714299464323527,0,0.0714299464323527,0.0466468368249435,0.0714299464323527,0,0.0613432731147329,0,0.147105639620399,0.0714299464323527,0,0,0,0,0.0714299464323527,0,0,0,0,0,0,0.0545213728963117,0.0466468368249435,0.0498579928542293,0,0.0656073668246963,0,0.0466468368249435,0,0,0,0,0,0.0444245555713213,0,0.0714299464323527,0.0613432731147329,0.0613432731147329,0.0613432731147329,0,0.0613432731147329,0.266881513729481,0,0,0,0,0,0,0.0545213728963117,0,0.147105639620399,1,0,0.0613432731147329,0,0.0714299464323527,0.0865818037575277,0.0714299464323527,0.0714299464323527,0.0714299464323527,0,0,0.0613432731147329,0.0545213728963117,0.0714299464323527,0,0.0714299464323527,0.386967653528542,0.0714299464323527,0.0545213728963117,0,0.147105639620399,0.0613432731147329,0.0466468368249435,0.0545213728963117,0.0714299464323527,0.0545213728963117,0,0,0.0613432731147329,0.0613432731147329,0,0.0613432731147329,0,0,0,0,0.0714299464323527,0.0714299464323527,0,0.0613432731147329,0.0865818037575277,0.0714299464323527,0,0.0613432731147329,0,0.0613432731147329,0.0714299464323527,0.147105639620399,0,0,0,0,0,0.0545213728963117,0.173472727049999,0,0.0714299464323527,0.0613432731147329,0,0,0,0.0865818037575277,0,0,0,0,0,0,0.0865818037575277,0.0714299464323527,0.0865818037575277,0.0865818037575277,0.0865818037575277,0,0.0613432731147329,0,0,0,0.0714299464323527,0,0,0,0,0,0,0.0545213728963117,0.0509474689183968,0,0.0714299464323527,0,0.0714299464323527,0.0545213728963117,0,0.0865818037575277,0,0,0.0613432731147329,0.0714299464323527,0.0865818037575277,0,0,0.0470411711002957,0,0.0714299464323527,0,0,0.0498579928542293,0,0.0714299464323527,0,0,0.0470411711002957,0.0428812849891,0.0498579928542293,0.0498579928542293,0.0498579928542293,0.0466468368249435,0.0714299464323527,0,0,0,0,0,0,0.0545213728963117,0,0,0,0,0,0.0613432731147329,0,0.0613432731147329,0.0714299464323527,0,0.0613432731147329,0.0545213728963117,0.0613432731147329,0,0.0613432731147329,0,0.0498579928542293,0,0,0.0545213728963117,0.0509474689183968,0.0545144690325174,0,0,0.0613432731147329,0,0,0.0714299464323527,0.0656073668246963,0,0.0545213728963117,0.0545213728963117,0,0,0,0,0,0,0,0,0,0.0865818037575277,0,0,0,0.0498579928542293,0,0,0.0714299464323527,0,0.0498579928542293,0,0.0613432731147329,0,0,0,0,0,0,0,0,0,0.0545213728963117,0.0656073668246963,0,0,0,0,0,0,0.0545213728963117,0.0613432731147329,0,0.0498579928542293,0.0714299464323527,0,0.0466468368249435,0,0,0,0,0,0,0.0545213728963117,0,0,0,0,0,0.0714299464323527,0,0,0.0498579928542293,0,0.0613432731147329,0,0,0,0.0656073668246963,0,0,0,0,0.266881513729481,0,0.0714299464323527,0,0.0498579928542293,0,0.0714299464323527,0.0498579928542293,0,0,0.0545213728963117,0.0613432731147329,0,0,0.0714299464323527,0,0,0.173472727049999,0.0613432731147329,0,0.0545213728963117,0.0714299464323527,0,0,0,0,0,0,0,0,0,0,0,0,0,0,0,0,0.0498579928542293,0.0714299464323527,0.0714299464323527,0.0656073668246963,0,0.0714299464323527,0,0,0,0
0,0,0,0,0,0,0,0,0,0,0,0,0,0,0,0,0,0,0,0,0,0,0,0,0,0,0,0,0,0,0,0,0,0,0,0,0,0,0,0,0,0,0,0,0,0,0,0,0,0,0,0,0,0,0,0,0,0,0,0,0,0,0,0,0,0,0,0,0,0,0,0,0,0,0,0,0,0,0,0,0,0,0,0,0,0,0,0,0,0,0,0,0,0,0,0,0,0,0,0,0,0,0,0,0,0,0,0,0,0,0,0,0,0,0,0,0,0,0,0,0,0,0,0,0,0,0,0,0,0,0,0,0,0,1,0,0,0,0,0,0,0,0,0,0,0,0,0,0,0,0,0,0,0,0,0,0,0,0,0,0,0,0,0,0,0,0,0,0,0,0,0,0,0,0,0,0,0,0,0,0,0,0,0,0,0,0,0,0,0,0,0,0,0,0,0,0,0,0,0,0,0,0,0,0,0,0,0,0,0,0,0,0,0,0,0,0,0,0,0,0,0,0,0,0,0,0,0,0,0,0,0,0,0,0,0,0,0,0,0,0,0,0,0,0,0,0,0,0,0,0,0,0,0,0,0,0,0,0,0,0,0,0,0,0,0,0,0,0,0,0,0,0,0,0,0,0,0,0,0,0,0,0,0,0,0,0,0,0,0,0,0,0,0,0,0,0,0,0,0,0,0,0,0,0,0,0,0,0,0,0,0,0,0,0,0,0,0,0,0,0,0,0,0,0,0,0,0,0,0,0,0,0,0,0,0,0,0,0,0,0,0,0,0,0,0,0,0,0,0,0,0,0,0,0,0,0,0,0,0,0,0,0,0,0,0,0,0,0,0,0,0,0,0,0,0,0,0,0,0,0,0,0,0,0,0,0,0,0,0,0,0,0,0,0,0,0,0,0,0,0,0,0,0,0,0,0,0,0
0,0.453010235567401,0,0.0476199206365212,0.115768709113422,0.093408272931481,0.0476199206365212,0.0613432731147329,0,0,0,0.115648378688694,0.0384622300306098,0.115648378688694,0,0.0613432731147329,0.148976520421494,0.093408272931481,0.200063521369343,0.0280132767810044,0.0476199206365212,0.0476199206365212,0,0.148976520421494,0.0476199206365212,0.0322586368373393,0.0322586368373393,0.0384622300306098,0,0,0,0,0.115768709113422,0.206873557102869,0.206873557102869,0.115648378688694,0,0,0.115648378688694,0.148976520421494,0,0,0,0.0384622300306098,0,0,0.545483140615012,0,0,0.078342403747824,0,0,0.284037401363075,0,0.0476199206365212,0,0,0,0.0613432731147329,0,0,0.115648378688694,0.115768709113422,0,0,0.0476199206365212,0.115648378688694,0.0476199206365212,0.112126960792045,0.103073546573992,0.0613432731147329,0.115648378688694,0,0,0,0.424540231045856,0.0613432731147329,0.0613432731147329,0,0.0476199206365212,0,0,0.0476199206365212,0,0.0476199206365212,0.0250877674831517,0.115648378688694,0,0.093408272931481,0,0.115768709113422,0.0476199206365212,0,0,0,0,0.0476199206365212,0,0,0,0,0,0,0.078342403747824,0.0250877674831517,0.0280132767810044,0,0.114242844100718,0,0.112126960792045,0,0,0,0,0,0.103073546573992,0,0.351665478053376,0.093408272931481,0.093408272931481,0.171902619932726,0,0.093408272931481,0.0823790970344355,0,0,0,0,0,0,0.078342403747824,0,0.115768709113422,0.0613432731147329,0,1,0,0.0476199206365212,0.0613432731147329,0.115648378688694,0.0476199206365212,0.0476199206365212,0,0,0.0384622300306098,0.078342403747824,0.115648378688694,0,0.0476199206365212,0.0613432731147329,0.115648378688694,0.0322586368373393,0,0.115768709113422,0.093408272931481,0.0250877674831517,0.078342403747824,0.115648378688694,0.0322586368373393,0,0,0.093408272931481,0.284037401363075,0,0.171902619932726,0,0,0,0,0.115648378688694,0.115648378688694,0,0.0384622300306098,0.148976520421494,0.115648378688694,0,0.093408272931481,0,0.093408272931481,0.115648378688694,0.115768709113422,0,0,0,0,0,0.238224860376036,0.0476199206365212,0,0.0476199206365212,0.0384622300306098,0,0,0,0.0613432731147329,0,0,0,0,0,0,0.0613432731147329,0.0476199206365212,0.0613432731147329,0.0613432731147329,0.0613432731147329,0,0.0384622300306098,0,0,0,0.115648378688694,0,0,0,0,0,0,0.0322586368373393,0.0781973600772233,0,0.115648378688694,0,0.115648378688694,0.0322586368373393,0,0.0613432731147329,0,0,0.093408272931481,0.0476199206365212,0.148976520421494,0,0,0.220212355295538,0,0.115648378688694,0,0,0.0280132767810044,0,0.115648378688694,0,0,0.133274986446135,0.0216548926727131,0.0280132767810044,0.0280132767810044,0.206873557102869,0.185269140043217,0.115648378688694,0,0,0,0,0,0,0.0322586368373393,0,0,0,0,0,0.093408272931481,0,0.093408272931481,0.115648378688694,0,0.093408272931481,0.078342403747824,0.093408272931481,0,0.0384622300306098,0,0.0280132767810044,0,0,0.0322586368373393,0.0781973600772233,0.0892681146452845,0,0,0.093408272931481,0,0,0.0476199206365212,0.100712305912714,0,0.238224860376036,0.238224860376036,0,0,0,0,0,0,0,0,0,0.148976520421494,0,0,0,0.206873557102869,0,0,0.115648378688694,0,0.0680322436110106,0,0.093408272931481,0,0,0,0,0,0,0,0,0,0.0322586368373393,0.114242844100718,0,0,0,0,0,0,0.078342403747824,0.0384622300306098,0,0.0280132767810044,0.0476199206365212,0,0.112126960792045,0,0,0,0,0,0,0.078342403747824,0,0,0,0,0,0.115648378688694,0,0,0.0680322436110106,0,0.284037401363075,0,0,0,0.114242844100718,0,0,0,0,0.0823790970344355,0,0.0476199206365212,0,0.206873557102869,0,0.0476199206365212,0.206873557102869,0,0,0.078342403747824,0.093408272931481,0,0,0.115648378688694,0,0,0.0476199206365212,0.284037401363075,0,0.238224860376036,0.115648378688694,0,0,0,0,0,0,0,0,0,0,0,0,0,0,0,0,0.0280132767810044,0.0476199206365212,0.115648378688694,0.114242844100718,0,0.115648378688694,0,0,0,0
0,0,0,0,0,0,0,0,0,0,0,0,0,0,0,0,0,0,0,0,0,0,0,0,0,0,0,0,0,0,0,0,0,0,0,0,0,0,0,0,0,0,0,0,0,0,0,0,0,0,0,0,0,0,0,0,0,0,0,0,0,0,0,0,0,0,0,0,0,0,0,0,0,0,0,0,0,0,0,0,0,0,0,0,0,0,0,0,0,0,0,0,0,0,0,0,0,0,0,0,0,0,0,0,0,0,0,0,0,0,0,0,0,0,0,0,0,0,0,0,0,0,0,0,0,0,0,0,0,0,0,0,0,0,0,0,1,0,0,0,0,0,0,0,0,0,0,0,0,0,0,0,0,0,0,0,0,0,0,0,0,0,0,0,0,0,0,0,0,0,0,0,0,0,0,0,0,0,0,0,0,0,0,0,0,0,0,0,0,0,0,0,0,0,0,0,0,0,0,0,0,0,0,0,0,0,0,0,0,0,0,0,0,0,0,0,0,0,0,0,0,0,0,0,0,0,0,0,0,0,0,0,0,0,0,0,0,0,0,0,0,0,0,0,0,0,0,0,0,0,0,0,0,0,0,0,0,0,0,0,0,0,0,0,0,0,0,0,0,0,0,0,0,0,0,0,0,0,0,0,0,0,0,0,0,0,0,0,0,0,0,0,0,0,0,0,0,0,0,0,0,0,0,0,0,0,0,0,0,0,0,0,0,0,0,0,0,0,0,0,0,0,0,0,0,0,0,0,0,0,0,0,0,0,0,0,0,0,0,0,0,0,0,0,0,0,0,0,0,0,0,0,0,0,0,0,0,0,0,0,0,0,0,0,0,0,0,0,0,0,0,0,0,0,0,0,0,0,0,0,0,0,0,0,0,0,0,0,0,0,0,0,0,0,0,0,0,0,0,0,0,0,0,0,0,0,0,0,0
0,0.0714299464323527,0,0.0571439257166366,0.128249502550101,0.0476199206365212,0.0571439257166366,0.0714299464323527,0,0,0,0.0571439257166366,0.212831890191799,0.0571439257166366,0,0.0714299464323527,0.0714299464323527,0.0476199206365212,0.0933602719681705,0.0367619429090039,0.0571439257166366,0.0571439257166366,0,0.0714299464323527,0.0571439257166366,0.041172338956928,0.041172338956928,0.0476199206365212,0,0,0,0,0.128249502550101,0.0367619429090039,0.0367619429090039,0.0571439257166366,0,0,0.0571439257166366,0.0714299464323527,0,0,0,0.212831890191799,0,0,0.0533176407887724,0,0,0.041172338956928,0,0,0.0476199206365212,0,0.0571439257166366,0,0,0,0.0714299464323527,0,0,0.0571439257166366,0.128249502550101,0,0,0.0571439257166366,0.0571439257166366,0.0571439257166366,0.0337236205744276,0.0316202950567523,0.0714299464323527,0.0571439257166366,0,0,0,0.0439086453554596,0.0714299464323527,0.173472727049999,0,0.138778105311832,0,0,0.138778105311832,0,0.138778105311832,0.0337236205744276,0.0571439257166366,0,0.0476199206365212,0,0.128249502550101,0.138778105311832,0,0,0,0,0.0571439257166366,0,0,0,0,0,0,0.041172338956928,0.0337236205744276,0.0367619429090039,0,0.0545144690325174,0,0.0337236205744276,0,0,0,0,0,0.0316202950567523,0,0.0571439257166366,0.0476199206365212,0.0476199206365212,0.0476199206365212,0,0.0476199206365212,0.0933602719681705,0,0,0,0,0,0,0.041172338956928,0,0.128249502550101,0.0714299464323527,0,0.0476199206365212,0,1,0.0714299464323527,0.0571439257166366,0.0571439257166366,0.0571439257166366,0,0,0.0476199206365212,0.041172338956928,0.0571439257166366,0,0.0571439257166366,0.0714299464323527,0.0571439257166366,0.041172338956928,0,0.128249502550101,0.0476199206365212,0.0337236205744276,0.041172338956928,0.0571439257166366,0.041172338956928,0,0,0.0476199206365212,0.0476199206365212,0,0.0476199206365212,0,0,0,0,0.0571439257166366,0.0571439257166366,0,0.0476199206365212,0.0714299464323527,0.0571439257166366,0,0.0476199206365212,0,0.0476199206365212,0.0571439257166366,0.128249502550101,0,0,0,0,0,0.041172338956928,0.0571439257166366,0,0.0571439257166366,0.0476199206365212,0,0,0,0.173472727049999,0,0,0,0,0,0,0.173472727049999,0.0571439257166366,0.173472727049999,0.173472727049999,0.173472727049999,0,0.212831890191799,0,0,0,0.0571439257166366,0,0,0,0,0,0,0.041172338956928,0.0397384474440781,0,0.0571439257166366,0,0.0571439257166366,0.041172338956928,0,0.173472727049999,0,0,0.0476199206365212,0.659999251998354,0.0714299464323527,0,0,0.0367574589715877,0,0.0571439257166366,0,0,0.0367619429090039,0,0.0571439257166366,0,0,0.0367574589715877,0.0301593188641145,0.0367619429090039,0.0367619429090039,0.0367619429090039,0.0337236205744276,0.0571439257166366,0,0,0,0,0,0,0.041172338956928,0,0,0,0,0,0.0476199206365212,0,0.0476199206365212,0.0571439257166366,0,0.0476199206365212,0.041172338956928,0.0476199206365212,0,0.0476199206365212,0,0.0367619429090039,0,0,0.041172338956928,0.0397384474440781,0.0439086453554596,0,0,0.0476199206365212,0,0,0.659999251998354,0.132392281936114,0,0.041172338956928,0.041172338956928,0,0,0,0,0,0,0,0,0,0.0714299464323527,0,0,0,0.0367619429090039,0,0,0.0571439257166366,0,0.0367619429090039,0,0.0476199206365212,0,0,0,0,0,0,0,0,0,0.041172338956928,0.0545144690325174,0,0,0,0,0,0,0.041172338956928,0.0476199206365212,0,0.0367619429090039,0.421998728397202,0,0.0337236205744276,0,0,0,0,0,0,0.041172338956928,0,0,0,0,0,0.0571439257166366,0,0,0.0367619429090039,0,0.0476199206365212,0,0,0,0.0545144690325174,0,0,0,0,0.0933602719681705,0,0.138778105311832,0,0.0367619429090039,0,0.0571439257166366,0.0367619429090039,0,0,0.041172338956928,0.0476199206365212,0,0,0.0571439257166366,0,0,0.0571439257166366,0.0476199206365212,0,0.041172338956928,0.0571439257166366,0,0,0,0,0,0,0,0,0,0,0,0,0,0,0,0,0.0367619429090039,0.0571439257166366,0.0571439257166366,0.0545144690325174,0,0.0571439257166366,0,0,0,0
0,0.0865818037575277,0,0.0714299464323527,0.147105639620399,0.0613432731147329,0.0714299464323527,0.0865818037575277,0,0,0,0.0714299464323527,0.0613432731147329,0.0714299464323527,0,0.0865818037575277,0.0865818037575277,0.0613432731147329,0.109892388006257,0.1210836969317,0.173472727049999,0.0714299464323527,0,0.0865818037575277,0.173472727049999,0.132409048462471,0.132409048462471,0.0613432731147329,0,0,0,0,0.147105639620399,0.0498579928542293,0.0498579928542293,0.0714299464323527,0,0,0.0714299464323527,0.0865818037575277,0,0,0,0.0613432731147329,0,0,0.0641346694500205,0,0,0.0545213728963117,0,0,0.0613432731147329,0,0.173472727049999,0,0,0,0.0865818037575277,0,0,0.0714299464323527,0.147105639620399,0,0,0.173472727049999,0.0714299464323527,0.0714299464323527,0.0466468368249435,0.0444245555713213,0.21027009483971,0.0714299464323527,0,0,0,0.0545144690325174,0.0865818037575277,0.0865818037575277,0,0.0714299464323527,0,0,0.0714299464323527,0,0.0714299464323527,0.113285175146291,0.0714299464323527,0,0.0613432731147329,0,0.147105639620399,0.0714299464323527,0,0,0,0,0.0714299464323527,0,0,0,0,0,0,0.0545213728963117,0.113285175146291,0.1210836969317,0,0.0656073668246963,0,0.0466468368249435,0,0,0,0,0,0.0444245555713213,0,0.0714299464323527,0.0613432731147329,0.0613432731147329,0.0613432731147329,0,0.0613432731147329,0.109892388006257,0,0,0,0,0,0,0.0545213728963117,0,0.147105639620399,0.0865818037575277,0,0.0613432731147329,0,0.0714299464323527,1,0.0714299464323527,0.0714299464323527,0.0714299464323527,0,0,0.148976520421494,0.0545213728963117,0.0714299464323527,0,0.0714299464323527,0.0865818037575277,0.0714299464323527,0.132409048462471,0,0.147105639620399,0.0613432731147329,0.113285175146291,0.0545213728963117,0.0714299464323527,0.132409048462471,0,0,0.0613432731147329,0.0613432731147329,0,0.0613432731147329,0,0,0,0,0.0714299464323527,0.0714299464323527,0,0.148976520421494,0.0865818037575277,0.0714299464323527,0,0.0613432731147329,0,0.0613432731147329,0.0714299464323527,0.147105639620399,0,0,0,0,0,0.0545213728963117,0.0714299464323527,0,0.173472727049999,0.0613432731147329,0,0,0,0.0865818037575277,0,0,0,0,0,0,0.0865818037575277,0.0714299464323527,0.0865818037575277,0.0865818037575277,0.0865818037575277,0,0.0613432731147329,0,0,0,0.0714299464323527,0,0,0,0,0,0,0.132409048462471,0.0509474689183968,0,0.0714299464323527,0,0.0714299464323527,0.132409048462471,0,0.0865818037575277,0,0,0.0613432731147329,0.0714299464323527,0.0865818037575277,0,0,0.0470411711002957,0,0.0714299464323527,0,0,0.1210836969317,0,0.0714299464323527,0,0,0.0470411711002957,0.104140263544957,0.1210836969317,0.1210836969317,0.0498579928542293,0.0466468368249435,0.0714299464323527,0,0,0,0,0,0,0.132409048462471,0,0,0,0,0,0.0613432731147329,0,0.0613432731147329,0.0714299464323527,0,0.0613432731147329,0.0545213728963117,0.0613432731147329,0,0.148976520421494,0,0.1210836969317,0,0,0.132409048462471,0.0509474689183968,0.0545144690325174,0,0,0.0613432731147329,0,0,0.0714299464323527,0.0656073668246963,0,0.0545213728963117,0.0545213728963117,0,0,0,0,0,0,0,0,0,0.0865818037575277,0,0,0,0.0498579928542293,0,0,0.0714299464323527,0,0.0498579928542293,0,0.0613432731147329,0,0,0,0,0,0,0,0,0,0.243677156414128,0.0656073668246963,0,0,0,0,0,0,0.0545213728963117,0.148976520421494,0,0.1210836969317,0.0714299464323527,0,0.0466468368249435,0,0,0,0,0,0,0.0545213728963117,0,0,0,0,0,0.0714299464323527,0,0,0.0498579928542293,0,0.0613432731147329,0,0,0,0.0656073668246963,0,0,0,0,0.109892388006257,0,0.0714299464323527,0,0.0498579928542293,0,0.173472727049999,0.0498579928542293,0,0,0.0545213728963117,0.0613432731147329,0,0,0.0714299464323527,0,0,0.0714299464323527,0.0613432731147329,0,0.0545213728963117,0.0714299464323527,0,0,0,0,0,0,0,0,0,0,0,0,0,0,0,0,0.1210836969317,0.173472727049999,0.0714299464323527,0.0656073668246963,0,0.0714299464323527,0,0,0,0
0,0.173472727049999,0,0.0571439257166366,0.128249502550101,0.115648378688694,0.0571439257166366,0.0714299464323527,0,0,0,0.421998728397202,0.0476199206365212,0.138778105311832,0,0.0714299464323527,0.173472727049999,0.212831890191799,0.226732089065557,0.0367619429090039,0.0571439257166366,0.0571439257166366,0,0.527498700621427,0.0571439257166366,0.041172338956928,0.041172338956928,0.0476199206365212,0,0,0,0,0.128249502550101,0.0892790042075809,0.0892790042075809,0.421998728397202,0,0,0.421998728397202,0.173472727049999,0,0,0,0.0476199206365212,0,0,0.106635281577545,0,0,0.0999899660382537,0,0,0.115648378688694,0,0.0571439257166366,0,0,0,0.0714299464323527,0,0,0.138778105311832,0.128249502550101,0,0,0.0571439257166366,0.138778105311832,0.0571439257166366,0.0819002213950383,0.0767921451378269,0.0714299464323527,0.138778105311832,0,0,0,0.106635281577545,0.0714299464323527,0.0714299464323527,0,0.0571439257166366,0,0,0.0571439257166366,0,0.0571439257166366,0.0337236205744276,0.421998728397202,0,0.115648378688694,0,0.128249502550101,0.0571439257166366,0,0,0,0,0.0571439257166366,0,0,0,0,0,0,0.0999899660382537,0.0337236205744276,0.0367619429090039,0,0.132392281936114,0,0.0819002213950383,0,0,0,0,0,0.0767921451378269,0,0.138778105311832,0.115648378688694,0.115648378688694,0.115648378688694,0,0.115648378688694,0.0933602719681705,0,0,0,0,0,0,0.0999899660382537,0,0.128249502550101,0.0714299464323527,0,0.115648378688694,0,0.0571439257166366,0.0714299464323527,1,0.0571439257166366,0.0571439257166366,0,0,0.0476199206365212,0.0999899660382537,0.138778105311832,0,0.0571439257166366,0.0714299464323527,0.421998728397202,0.041172338956928,0,0.128249502550101,0.115648378688694,0.0337236205744276,0.0999899660382537,0.138778105311832,0.041172338956928,0,0,0.115648378688694,0.115648378688694,0,0.115648378688694,0,0,0,0,0.138778105311832,0.138778105311832,0,0.0476199206365212,0.173472727049999,0.421998728397202,0,0.115648378688694,0,0.115648378688694,0.138778105311832,0.128249502550101,0,0,0,0,0,0.0999899660382537,0.0571439257166366,0,0.0571439257166366,0.0476199206365212,0,0,0,0.0714299464323527,0,0,0,0,0,0,0.0714299464323527,0.0571439257166366,0.0714299464323527,0.0714299464323527,0.0714299464323527,0,0.0476199206365212,0,0,0,0.138778105311832,0,0,0,0,0,0,0.041172338956928,0.0965076580784755,0,0.138778105311832,0,0.138778105311832,0.041172338956928,0,0.0714299464323527,0,0,0.115648378688694,0.0571439257166366,0.173472727049999,0,0,0.0892681146452845,0,0.138778105311832,0,0,0.0367619429090039,0,0.138778105311832,0,0,0.0892681146452845,0.0301593188641145,0.0367619429090039,0.0367619429090039,0.0892790042075809,0.0819002213950383,0.138778105311832,0,0,0,0,0,0,0.041172338956928,0,0,0,0,0,0.115648378688694,0,0.115648378688694,0.138778105311832,0,0.115648378688694,0.0999899660382537,0.115648378688694,0,0.0476199206365212,0,0.0367619429090039,0,0,0.041172338956928,0.0965076580784755,0.106635281577545,0,0,0.115648378688694,0,0,0.0571439257166366,0.118649138482538,0,0.0999899660382537,0.0999899660382537,0,0,0,0,0,0,0,0,0,0.173472727049999,0,0,0,0.0892790042075809,0,0,0.138778105311832,0,0.0892790042075809,0,0.115648378688694,0,0,0,0,0,0,0,0,0,0.041172338956928,0.132392281936114,0,0,0,0,0,0,0.0999899660382537,0.0476199206365212,0,0.0367619429090039,0.0571439257166366,0,0.0819002213950383,0,0,0,0,0,0,0.0999899660382537,0,0,0,0,0,0.421998728397202,0,0,0.0892790042075809,0,0.115648378688694,0,0,0,0.132392281936114,0,0,0,0,0.0933602719681705,0,0.0571439257166366,0,0.0892790042075809,0,0.0571439257166366,0.0892790042075809,0,0,0.0999899660382537,0.115648378688694,0,0,0.138778105311832,0,0,0.0571439257166366,0.115648378688694,0,0.0999899660382537,0.138778105311832,0,0,0,0,0,0,0,0,0,0,0,0,0,0,0,0,0.0367619429090039,0.0571439257166366,0.138778105311832,0.132392281936114,0,0.138778105311832,0,0,0,0
0,0.0714299464323527,0,0.659999251998354,0.128249502550101,0.0476199206365212,0.659999251998354,0.0714299464323527,0,0,0,0.0571439257166366,0.0476199206365212,0.0571439257166366,0,0.0714299464323527,0.0714299464323527,0.0476199206365212,0.0933602719681705,0.0367619429090039,0.0571439257166366,0.659999251998354,0,0.0714299464323527,0.0571439257166366,0.041172338956928,0.041172338956928,0.0476199206365212,0,0,0,0,0.128249502550101,0.0367619429090039,0.0367619429090039,0.0571439257166366,0,0,0.0571439257166366,0.0714299464323527,0,0,0,0.0476199206365212,0,0,0.0533176407887724,0,0,0.041172338956928,0,0,0.0476199206365212,0,0.0571439257166366,0,0,0,0.319248127932352,0,0,0.0571439257166366,0.128249502550101,0,0,0.0571439257166366,0.0571439257166366,0.0571439257166366,0.0337236205744276,0.0316202950567523,0.0714299464323527,0.0571439257166366,0,0,0,0.507134795648585,0.0714299464323527,0.0714299464323527,0,0.0571439257166366,0,0,0.0571439257166366,0,0.0571439257166366,0.0337236205744276,0.0571439257166366,0,0.0476199206365212,0,0.311463077621673,0.0571439257166366,0,0,0,0,0.659999251998354,0,0,0,0,0,0,0.041172338956928,0.0337236205744276,0.0367619429090039,0,0.0545144690325174,0,0.0337236205744276,0,0,0,0,0,0.0316202950567523,0,0.0571439257166366,0.0476199206365212,0.0476199206365212,0.0476199206365212,0,0.0476199206365212,0.0933602719681705,0,0,0,0,0,0,0.041172338956928,0,0.128249502550101,0.0714299464323527,0,0.0476199206365212,0,0.0571439257166366,0.0714299464323527,0.0571439257166366,1,0.659999251998354,0,0,0.0476199206365212,0.041172338956928,0.0571439257166366,0,0.0571439257166366,0.0714299464323527,0.0571439257166366,0.041172338956928,0,0.128249502550101,0.0476199206365212,0.0337236205744276,0.041172338956928,0.0571439257166366,0.041172338956928,0,0,0.0476199206365212,0.0476199206365212,0,0.0476199206365212,0,0,0,0,0.0571439257166366,0.0571439257166366,0,0.0476199206365212,0.0714299464323527,0.0571439257166366,0,0.0476199206365212,0,0.0476199206365212,0.0571439257166366,0.128249502550101,0,0,0,0,0,0.041172338956928,0.0571439257166366,0,0.0571439257166366,0.0476199206365212,0,0,0,0.0714299464323527,0,0,0,0,0,0,0.0714299464323527,0.421998728397202,0.0714299464323527,0.0714299464323527,0.0714299464323527,0,0.0476199206365212,0,0,0,0.0571439257166366,0,0,0,0,0,0,0.041172338956928,0.0397384474440781,0,0.0571439257166366,0,0.0571439257166366,0.041172338956928,0,0.0714299464323527,0,0,0.0476199206365212,0.0571439257166366,0.0714299464323527,0,0,0.0367574589715877,0,0.0571439257166366,0,0,0.0367619429090039,0,0.0571439257166366,0,0,0.0367574589715877,0.0301593188641145,0.0367619429090039,0.0367619429090039,0.0367619429090039,0.0337236205744276,0.0571439257166366,0,0,0,0,0,0,0.041172338956928,0,0,0,0,0,0.0476199206365212,0,0.0476199206365212,0.0571439257166366,0,0.0476199206365212,0.041172338956928,0.0476199206365212,0,0.0476199206365212,0,0.0367619429090039,0,0,0.041172338956928,0.0397384474440781,0.0439086453554596,0,0,0.0476199206365212,0,0,0.0571439257166366,0.0545144690325174,0,0.041172338956928,0.041172338956928,0,0,0,0,0,0,0,0,0,0.0714299464323527,0,0,0,0.0367619429090039,0,0,0.0571439257166366,0,0.0367619429090039,0,0.0476199206365212,0,0,0,0,0,0,0,0,0,0.041172338956928,0.0545144690325174,0,0,0,0,0,0,0.041172338956928,0.0476199206365212,0,0.0367619429090039,0.0571439257166366,0,0.0337236205744276,0,0,0,0,0,0,0.041172338956928,0,0,0,0,0,0.0571439257166366,0,0,0.0367619429090039,0,0.0476199206365212,0,0,0,0.0545144690325174,0,0,0,0,0.0933602719681705,0,0.0571439257166366,0,0.0367619429090039,0,0.0571439257166366,0.0367619429090039,0,0,0.041172338956928,0.0476199206365212,0,0,0.0571439257166366,0,0,0.0571439257166366,0.0476199206365212,0,0.041172338956928,0.0571439257166366,0,0,0,0,0,0,0,0,0,0,0,0,0,0,0,0,0.0367619429090039,0.0571439257166366,0.0571439257166366,0.0545144690325174,0,0.0571439257166366,0,0,0,0
0,0.0714299464323527,0,0.659999251998354,0.128249502550101,0.0476199206365212,0.659999251998354,0.0714299464323527,0,0,0,0.0571439257166366,0.0476199206365212,0.0571439257166366,0,0.0714299464323527,0.0714299464323527,0.0476199206365212,0.0933602719681705,0.0367619429090039,0.0571439257166366,0.659999251998354,0,0.0714299464323527,0.0571439257166366,0.041172338956928,0.041172338956928,0.0476199206365212,0,0,0,0,0.128249502550101,0.0367619429090039,0.0367619429090039,0.0571439257166366,0,0,0.0571439257166366,0.0714299464323527,0,0,0,0.0476199206365212,0,0,0.0533176407887724,0,0,0.041172338956928,0,0,0.0476199206365212,0,0.0571439257166366,0,0,0,0.319248127932352,0,0,0.0571439257166366,0.128249502550101,0,0,0.0571439257166366,0.0571439257166366,0.0571439257166366,0.0337236205744276,0.0316202950567523,0.0714299464323527,0.0571439257166366,0,0,0,0.507134795648585,0.0714299464323527,0.0714299464323527,0,0.0571439257166366,0,0,0.0571439257166366,0,0.0571439257166366,0.0337236205744276,0.0571439257166366,0,0.0476199206365212,0,0.311463077621673,0.0571439257166366,0,0,0,0,0.659999251998354,0,0,0,0,0,0,0.041172338956928,0.0337236205744276,0.0367619429090039,0,0.0545144690325174,0,0.0337236205744276,0,0,0,0,0,0.0316202950567523,0,0.0571439257166366,0.0476199206365212,0.0476199206365212,0.0476199206365212,0,0.0476199206365212,0.0933602719681705,0,0,0,0,0,0,0.041172338956928,0,0.128249502550101,0.0714299464323527,0,0.0476199206365212,0,0.0571439257166366,0.0714299464323527,0.0571439257166366,0.659999251998354,1,0,0,0.0476199206365212,0.041172338956928,0.0571439257166366,0,0.0571439257166366,0.0714299464323527,0.0571439257166366,0.041172338956928,0,0.128249502550101,0.0476199206365212,0.0337236205744276,0.041172338956928,0.0571439257166366,0.041172338956928,0,0,0.0476199206365212,0.0476199206365212,0,0.0476199206365212,0,0,0,0,0.0571439257166366,0.0571439257166366,0,0.0476199206365212,0.0714299464323527,0.0571439257166366,0,0.0476199206365212,0,0.0476199206365212,0.0571439257166366,0.128249502550101,0,0,0,0,0,0.041172338956928,0.0571439257166366,0,0.0571439257166366,0.0476199206365212,0,0,0,0.0714299464323527,0,0,0,0,0,0,0.0714299464323527,0.421998728397202,0.0714299464323527,0.0714299464323527,0.0714299464323527,0,0.0476199206365212,0,0,0,0.0571439257166366,0,0,0,0,0,0,0.041172338956928,0.0397384474440781,0,0.0571439257166366,0,0.0571439257166366,0.041172338956928,0,0.0714299464323527,0,0,0.0476199206365212,0.0571439257166366,0.0714299464323527,0,0,0.0367574589715877,0,0.0571439257166366,0,0,0.0367619429090039,0,0.0571439257166366,0,0,0.0367574589715877,0.0301593188641145,0.0367619429090039,0.0367619429090039,0.0367619429090039,0.0337236205744276,0.0571439257166366,0,0,0,0,0,0,0.041172338956928,0,0,0,0,0,0.0476199206365212,0,0.0476199206365212,0.0571439257166366,0,0.0476199206365212,0.041172338956928,0.0476199206365212,0,0.0476199206365212,0,0.0367619429090039,0,0,0.041172338956928,0.0397384474440781,0.0439086453554596,0,0,0.0476199206365212,0,0,0.0571439257166366,0.0545144690325174,0,0.041172338956928,0.041172338956928,0,0,0,0,0,0,0,0,0,0.0714299464323527,0,0,0,0.0367619429090039,0,0,0.0571439257166366,0,0.0367619429090039,0,0.0476199206365212,0,0,0,0,0,0,0,0,0,0.041172338956928,0.0545144690325174,0,0,0,0,0,0,0.041172338956928,0.0476199206365212,0,0.0367619429090039,0.0571439257166366,0,0.0337236205744276,0,0,0,0,0,0,0.041172338956928,0,0,0,0,0,0.0571439257166366,0,0,0.0367619429090039,0,0.0476199206365212,0,0,0,0.0545144690325174,0,0,0,0,0.0933602719681705,0,0.0571439257166366,0,0.0367619429090039,0,0.0571439257166366,0.0367619429090039,0,0,0.041172338956928,0.0476199206365212,0,0,0.0571439257166366,0,0,0.0571439257166366,0.0476199206365212,0,0.041172338956928,0.0571439257166366,0,0,0,0,0,0,0,0,0,0,0,0,0,0,0,0,0.0367619429090039,0.0571439257166366,0.0571439257166366,0.0545144690325174,0,0.0571439257166366,0,0,0,0
0,0,0,0,0,0,0,0,0,0,0,0,0,0,0,0,0,0,0,0,0,0,0,0,0,0,0,0,0,0,0,0,0,0,0,0,0,0,0,0,0,0,0,0,0,0,0,0,0,0,0,0,0,0,0,0,0,0,0,0,0,0,0,0,0,0,0,0,0,0,0,0,0,0,0,0,0,0,0,0,0,0,0,0,0,0,0,0,0,0,0,0,0,0,0,0,0,0,0,0,0,0,0,0,0,0,0,0,0,0,0,0,0,0,0,0,0,0,0,0,0,0,0,0,0,0,0,0,0,0,0,0,0,0,0,0,0,0,0,0,0,0,1,0,0,0,0,0,0,0,0,0,0,0,0,0,0,0,0,0,0,0,0,0,0,0,0,0,0,0,0,0,0,0,0,0,0,0,0,0,0,0,0,0,0,0,0,0,0,0,0,0,0,0,0,0,0,0,0,0,0,0,0,0,0,0,0,0,0,0,0,0,0,0,0,0,0,0,0,0,0,0,0,0,0,0,0,0,0,0,0,0,0,0,0,0,0,0,0,0,0,0,0,0,0,0,0,0,0,0,0,0,0,0,0,0,0,0,0,0,0,0,0,0,0,0,0,0,0,0,0,0,0,0,0,0,0,0,0,0,0,0,0,0,0,0,0,0,0,0,0,0,0,0,0,0,0,0,0,0,0,0,0,0,0,0,0,0,0,0,0,0,0,0,0,0,0,0,0,0,0,0,0,0,0,0,0,0,0,0,0,0,0,0,0,0,0,0,0,0,0,0,0,0,0,0,0,0,0,0,0,0,0,0,0,0,0,0,0,0,0,0,0,0,0,0,0,0,0,0,0,0,0,0,0,0,0,0,0,0,0,0,0,0,0,0,0,0,0,0,0,0,0,0,0,0,0,0,0,0,0,0,0,0,0,0,0,0,0
0,0,0,0,0,0,0,0,0,0,0,0,0,0,0,0,0,0,0,0,0,0,0,0,0,0,0,0,0,0,0,0,0,0,0,0,0,0,0,0,0,0,0,0,0,0,0,0,0,0,0,0,0,0,0,0,0,0,0,0,0,0,0,0,0,0,0,0,0,0,0,0,0,0,0,0,0,0,0,0,0,0,0,0,0,0,0,0,0,0,0,0,0,0,0,0,0,0,0,0,0,0,0,0,0,0,0,0,0,0,0,0,0,0,0,0,0,0,0,0,0,0,0,0,0,0,0,0,0,0,0,0,0,0,0,0,0,0,0,0,0,0,0,1,0,0,0,0,0,0,0,0,0,0,0,0,0,0,0,0,0,0,0,0,0,0,0,0,0,0,0,0,0,0,0,0,0,0,0,0,0,0,0,0,0,0,0,0,0,0,0,0,0,0,0,0,0,0,0,0,0,0,0,0,0,0,0,0,0,0,0,0,0,0,0,0,0,0,0,0,0,0,0,0,0,0,0,0,0,0,0,0,0,0,0,0,0,0,0,0,0,0,0,0,0,0,0,0,0,0,0,0,0,0,0,0,0,0,0,0,0,0,0,0,0,0,0,0,0,0,0,0,0,0,0,0,0,0,0,0,0,0,0,0,0,0,0,0,0,0,0,0,0,0,0,0,0,0,0,0,0,0,0,0,0,0,0,0,0,0,0,0,0,0,0,0,0,0,0,0,0,0,0,0,0,0,0,0,0,0,0,0,0,0,0,0,0,0,0,0,0,0,0,0,0,0,0,0,0,0,0,0,0,0,0,0,0,0,0,0,0,0,0,0,0,0,0,0,0,0,0,0,0,0,0,0,0,0,0,0,0,0,0,0,0,0,0,0,0,0,0,0,0,0,0,0,0,0,0,0,0,0,0,0,0,0,0,0,0
0,0.0613432731147329,0,0.0476199206365212,0.115768709113422,0.0384622300306098,0.0476199206365212,0.0613432731147329,0,0,0,0.0476199206365212,0.0384622300306098,0.0476199206365212,0,0.0613432731147329,0.0613432731147329,0.0384622300306098,0.0823790970344355,0.206873557102869,0.351665478053376,0.0476199206365212,0,0.0613432731147329,0.351665478053376,0.238224860376036,0.238224860376036,0.0384622300306098,0,0,0,0,0.115768709113422,0.0280132767810044,0.0280132767810044,0.0476199206365212,0,0,0.0476199206365212,0.0613432731147329,0,0,0,0.0384622300306098,0,0,0.046024045266946,0,0,0.0322586368373393,0,0,0.0384622300306098,0,0.351665478053376,0,0,0,0.0613432731147329,0,0,0.0476199206365212,0.115768709113422,0,0,0.351665478053376,0.0476199206365212,0.0476199206365212,0.0250877674831517,0.023062117726601,0.274166873716867,0.0476199206365212,0,0,0,0.0367574589715877,0.0613432731147329,0.0613432731147329,0,0.0476199206365212,0,0,0.0476199206365212,0,0.0476199206365212,0.185269140043217,0.0476199206365212,0,0.0384622300306098,0,0.115768709113422,0.0476199206365212,0,0,0,0,0.0476199206365212,0,0,0,0,0,0,0.0322586368373393,0.185269140043217,0.206873557102869,0,0.0470411711002957,0,0.0250877674831517,0,0,0,0,0,0.023062117726601,0,0.0476199206365212,0.0384622300306098,0.0384622300306098,0.0384622300306098,0,0.0384622300306098,0.0823790970344355,0,0,0,0,0,0,0.0322586368373393,0,0.115768709113422,0.0613432731147329,0,0.0384622300306098,0,0.0476199206365212,0.148976520421494,0.0476199206365212,0.0476199206365212,0.0476199206365212,0,0,1,0.0322586368373393,0.0476199206365212,0,0.0476199206365212,0.0613432731147329,0.0476199206365212,0.238224860376036,0,0.115768709113422,0.0384622300306098,0.185269140043217,0.0322586368373393,0.0476199206365212,0.238224860376036,0,0,0.0384622300306098,0.0384622300306098,0,0.0384622300306098,0,0,0,0,0.0476199206365212,0.0476199206365212,0,0.284037401363075,0.0613432731147329,0.0476199206365212,0,0.0384622300306098,0,0.0384622300306098,0.0476199206365212,0.115768709113422,0,0,0,0,0,0.0322586368373393,0.0476199206365212,0,0.351665478053376,0.0384622300306098,0,0,0,0.0613432731147329,0,0,0,0,0,0,0.0613432731147329,0.0476199206365212,0.0613432731147329,0.0613432731147329,0.0613432731147329,0,0.0384622300306098,0,0,0,0.0476199206365212,0,0,0,0,0,0,0.144176356477088,0.0321989129729743,0,0.0476199206365212,0,0.0476199206365212,0.238224860376036,0,0.0613432731147329,0,0,0.0384622300306098,0.0476199206365212,0.0613432731147329,0,0,0.0298195175153452,0,0.0476199206365212,0,0,0.206873557102869,0,0.0476199206365212,0,0,0.0298195175153452,0.159917910029103,0.206873557102869,0.206873557102869,0.0280132767810044,0.0250877674831517,0.0476199206365212,0,0,0,0,0,0,0.238224860376036,0,0,0,0,0,0.0384622300306098,0,0.0384622300306098,0.0476199206365212,0,0.0384622300306098,0.0322586368373393,0.0384622300306098,0,0.284037401363075,0,0.206873557102869,0,0,0.564515588188714,0.0321989129729743,0.0367574589715877,0,0,0.0384622300306098,0,0,0.0476199206365212,0.0470411711002957,0,0.0322586368373393,0.0322586368373393,0,0,0,0,0,0,0,0,0,0.0613432731147329,0,0,0,0.0280132767810044,0,0,0.0476199206365212,0,0.0280132767810044,0,0.0384622300306098,0,0,0,0,0,0,0,0,0,0.078342403747824,0.0470411711002957,0,0,0,0,0,0,0.0322586368373393,1,0,0.206873557102869,0.0476199206365212,0,0.0250877674831517,0,0,0,0,0,0,0.0322586368373393,0,0,0,0,0,0.0476199206365212,0,0,0.0280132767810044,0,0.0384622300306098,0,0,0,0.0470411711002957,0,0,0,0,0.0823790970344355,0,0.0476199206365212,0,0.0280132767810044,0,0.351665478053376,0.0280132767810044,0,0,0.0322586368373393,0.0384622300306098,0,0,0.0476199206365212,0,0,0.0476199206365212,0.0384622300306098,0,0.0322586368373393,0.0476199206365212,0,0,0,0,0,0,0,0,0,0,0,0,0,0,0,0,0.206873557102869,0.351665478053376,0.0476199206365212,0.0470411711002957,0,0.0476199206365212,0,0,0,0
0,0.132409048462471,0,0.041172338956928,0.107359912685637,0.078342403747824,0.041172338956928,0.0545213728963117,0,0,0,0.0999899660382537,0.0322586368373393,0.0999899660382537,0,0.0545213728963117,0.132409048462471,0.078342403747824,0.182053533683929,0.0220824020542819,0.041172338956928,0.041172338956928,0,0.132409048462471,0.041172338956928,0.0262176875118606,0.0262176875118606,0.0322586368373393,0,0,0,0,0.107359912685637,0.053628690703256,0.053628690703256,0.0999899660382537,0,0,0.0999899660382537,0.132409048462471,0,0,0,0.0322586368373393,0,0,0.0774206211888767,0,0,0.0636715268145186,0,0,0.078342403747824,0,0.041172338956928,0,0,0,0.0545213728963117,0,0,0.0999899660382537,0.107359912685637,0,0,0.041172338956928,0.0999899660382537,0.041172338956928,0.0467066854134993,0.04191314957563,0.0545213728963117,0.0999899660382537,0,0,0,0.0774206211888767,0.0545213728963117,0.0545213728963117,0,0.041172338956928,0,0,0.041172338956928,0,0.041172338956928,0.0192321645820291,0.0999899660382537,0,0.144176356477088,0,0.107359912685637,0.041172338956928,0,0,0,0,0.041172338956928,0,0,0,0,0,0,0.0636715268145186,0.0192321645820291,0.0220824020542819,0,0.101868774864881,0,0.0467066854134993,0,0,0,0,0,0.04191314957563,0,0.0999899660382537,0.238224860376036,0.078342403747824,0.078342403747824,0,0.078342403747824,0.074963219752206,0,0,0,0,0,0,0.0636715268145186,0,0.107359912685637,0.0545213728963117,0,0.078342403747824,0,0.041172338956928,0.0545213728963117,0.0999899660382537,0.041172338956928,0.041172338956928,0,0,0.0322586368373393,1,0.184015147583005,0,0.041172338956928,0.0545213728963117,0.0999899660382537,0.0262176875118606,0,0.107359912685637,0.144176356477088,0.0192321645820291,0.0636715268145186,0.0999899660382537,0.0262176875118606,0,0,0.144176356477088,0.078342403747824,0,0.078342403747824,0,0,0,0,0.184015147583005,0.0999899660382537,0,0.0322586368373393,0.243677156414128,0.0999899660382537,0,0.078342403747824,0,0.078342403747824,0.0999899660382537,0.107359912685637,0,0,0,0,0,0.0636715268145186,0.041172338956928,0,0.041172338956928,0.0322586368373393,0,0,0,0.0545213728963117,0,0,0,0,0,0,0.0545213728963117,0.041172338956928,0.0545213728963117,0.0545213728963117,0.0545213728963117,0,0.0322586368373393,0,0,0,0.304051121218363,0,0,0,0,0,0,0.0262176875118606,0.0657270373610538,0,0.0999899660382537,0,0.184015147583005,0.0262176875118606,0,0.0545213728963117,0,0,0.078342403747824,0.041172338956928,0.132409048462471,0,0,0.112113627481774,0,0.0999899660382537,0,0,0.0220824020542819,0,0.0999899660382537,0,0,0.0609201902754844,0.0158870107303694,0.0220824020542819,0.0220824020542819,0.053628690703256,0.0467066854134993,0.0999899660382537,0,0,0,0,0,0,0.0262176875118606,0,0,0,0,0,0.078342403747824,0,0.078342403747824,0.0999899660382537,0,0.078342403747824,1,0.078342403747824,0,0.0322586368373393,0,0.0220824020542819,0,0,0.0262176875118606,0.0657270373610538,0.0774206211888767,0,0,0.078342403747824,0,0,0.041172338956928,0.0884831883993457,0,0.0636715268145186,0.0636715268145186,0,0,0,0,0,0,0,0,0,0.132409048462471,0,0,0,0.053628690703256,0,0,0.0999899660382537,0,0.053628690703256,0,0.078342403747824,0,0,0,0,0,0,0,0,0,0.0262176875118606,0.101868774864881,0,0,0,0,0,0,0.117177011532601,0.0322586368373393,0,0.0220824020542819,0.041172338956928,0,0.0467066854134993,0,0,0,0,0,0,0.0636715268145186,0,0,0,0,0,0.0999899660382537,0,0,0.053628690703256,0,0.078342403747824,0,0,0,0.101868774864881,0,0,0,0,0.074963219752206,0,0.041172338956928,0,0.053628690703256,0,0.041172338956928,0.053628690703256,0,0,0.0636715268145186,0.078342403747824,0,0,0.304051121218363,0,0,0.041172338956928,0.078342403747824,0,0.0636715268145186,0.184015147583005,0,0,0,0,0,0,0,0,0,0,0,0,0,0,0,0,0.0220824020542819,0.041172338956928,0.184015147583005,0.101868774864881,0,0.184015147583005,0,0,0,0
0,0.173472727049999,0,0.0571439257166366,0.128249502550101,0.115648378688694,0.0571439257166366,0.0714299464323527,0,0,0,0.138778105311832,0.0476199206365212,0.138778105311832,0,0.0714299464323527,0.173472727049999,0.115648378688694,0.226732089065557,0.0367619429090039,0.0571439257166366,0.0571439257166366,0,0.173472727049999,0.0571439257166366,0.041172338956928,0.041172338956928,0.0476199206365212,0,0,0,0,0.128249502550101,0.0892790042075809,0.0892790042075809,0.138778105311832,0,0,0.138778105311832,0.173472727049999,0,0,0,0.0476199206365212,0,0,0.106635281577545,0,0,0.0999899660382537,0,0,0.115648378688694,0,0.0571439257166366,0,0,0,0.0714299464323527,0,0,0.138778105311832,0.128249502550101,0,0,0.0571439257166366,0.138778105311832,0.0571439257166366,0.0819002213950383,0.0767921451378269,0.0714299464323527,0.138778105311832,0,0,0,0.106635281577545,0.0714299464323527,0.0714299464323527,0,0.0571439257166366,0,0,0.0571439257166366,0,0.0571439257166366,0.0337236205744276,0.138778105311832,0,0.351665478053376,0,0.128249502550101,0.0571439257166366,0,0,0,0,0.0571439257166366,0,0,0,0,0,0,0.0999899660382537,0.0337236205744276,0.0367619429090039,0,0.132392281936114,0,0.0819002213950383,0,0,0,0,0,0.0767921451378269,0,0.138778105311832,0.212831890191799,0.115648378688694,0.115648378688694,0,0.115648378688694,0.0933602719681705,0,0,0,0,0,0,0.0999899660382537,0,0.128249502550101,0.0714299464323527,0,0.115648378688694,0,0.0571439257166366,0.0714299464323527,0.138778105311832,0.0571439257166366,0.0571439257166366,0,0,0.0476199206365212,0.184015147583005,1,0,0.0571439257166366,0.0714299464323527,0.138778105311832,0.041172338956928,0,0.128249502550101,0.351665478053376,0.0337236205744276,0.0999899660382537,0.138778105311832,0.041172338956928,0,0,0.351665478053376,0.115648378688694,0,0.115648378688694,0,0,0,0,0.421998728397202,0.138778105311832,0,0.0476199206365212,0.319248127932352,0.138778105311832,0,0.115648378688694,0,0.115648378688694,0.138778105311832,0.128249502550101,0,0,0,0,0,0.0999899660382537,0.0571439257166366,0,0.0571439257166366,0.0476199206365212,0,0,0,0.0714299464323527,0,0,0,0,0,0,0.0714299464323527,0.0571439257166366,0.0714299464323527,0.0714299464323527,0.0714299464323527,0,0.0476199206365212,0,0,0,0.255398361876396,0,0,0,0,0,0,0.041172338956928,0.0965076580784755,0,0.138778105311832,0,0.255398361876396,0.041172338956928,0,0.0714299464323527,0,0,0.115648378688694,0.0571439257166366,0.173472727049999,0,0,0.271447940451988,0,0.138778105311832,0,0,0.0367619429090039,0,0.138778105311832,0,0,0.0892681146452845,0.0301593188641145,0.0367619429090039,0.0367619429090039,0.0892790042075809,0.0819002213950383,0.138778105311832,0,0,0,0,0,0,0.041172338956928,0,0,0,0,0,0.115648378688694,0,0.115648378688694,0.138778105311832,0,0.115648378688694,0.184015147583005,0.115648378688694,0,0.0476199206365212,0,0.0367619429090039,0,0,0.041172338956928,0.0965076580784755,0.106635281577545,0,0,0.115648378688694,0,0,0.0571439257166366,0.118649138482538,0,0.0999899660382537,0.0999899660382537,0,0,0,0,0,0,0,0,0,0.173472727049999,0,0,0,0.0892790042075809,0,0,0.138778105311832,0,0.0892790042075809,0,0.115648378688694,0,0,0,0,0,0,0,0,0,0.041172338956928,0.132392281936114,0,0,0,0,0,0,0.304051121218363,0.0476199206365212,0,0.0367619429090039,0.0571439257166366,0,0.0819002213950383,0,0,0,0,0,0,0.0999899660382537,0,0,0,0,0,0.138778105311832,0,0,0.0892790042075809,0,0.115648378688694,0,0,0,0.132392281936114,0,0,0,0,0.0933602719681705,0,0.0571439257166366,0,0.0892790042075809,0,0.0571439257166366,0.0892790042075809,0,0,0.0999899660382537,0.115648378688694,0,0,0.255398361876396,0,0,0.0571439257166366,0.115648378688694,0,0.0999899660382537,0.255398361876396,0,0,0,0,0,0,0,0,0,0,0,0,0,0,0,0,0.0367619429090039,0.0571439257166366,0.421998728397202,0.132392281936114,0,0.255398361876396,0,0,0,0
0,0,0,0,0,0,0,0,0,0,0,0,0,0,0,0,0,0,0,0,0,0,0,0,0,0,0,0,0,0,0,0,0,0,0,0,0,0,0,0,0,0,0,0,0,0,0,0,0,0,0,0,0,0,0,0,0,0,0,0,0,0,0,0,0,0,0,0,0,0,0,0,0,0,0,0,0,0,0,0,0,0,0,0,0,0,0,0,0,0,0,0,0,0,0,0,0,0,0,0,0,0,0,0,0,0,0,0,0,0,0,0,0,0,0,0,0,0,0,0,0,0,0,0,0,0,0,0,0,0,0,0,0,0,0,0,0,0,0,0,0,0,0,0,0,0,0,1,0,0,0,0,0,0,0,0,0,0,0,0,0,0,0,0,0,0,0,0,0,0,0,0,0,0,0,0,0,0,0,0,0,0,0,0,0,0,0,0,0,0,0,0,0,0,0,0,0,0,0,0,0,0,0,0,0,0,0,0,0,0,0,0,0,0,0,0,0,0,0,0,0,0,0,0,0,0,0,0,0,0,0,0,0,0,0,0,0,0,0,0,0,0,0,0,0,0,0,0,0,0,0,0,0,0,0,0,0,0,0,0,0,0,0,0,0,0,0,0,0,0,0,0,0,0,0,0,0,0,0,0,0,0,0,0,0,0,0,0,0,0,0,0,0,0,0,0,0,0,0,0,0,0,0,0,0,0,0,0,0,0,0,0,0,0,0,0,0,0,0,0,0,0,0,0,0,0,0,0,0,0,0,0,0,0,0,0,0,0,0,0,0,0,0,0,0,0,0,0,0,0,0,0,0,0,0,0,0,0,0,0,0,0,0,0,0,0,0,0,0,0,0,0,0,0,0,0,0,0,0,0,0,0,0,0,0,0,0,0,0,0,0,0,0,0,0,0,0,0,0,0,0,0,0,0,0,0,0,0,0
0,0.0714299464323527,0,0.0571439257166366,0.128249502550101,0.0476199206365212,0.0571439257166366,0.0714299464323527,0,0,0,0.0571439257166366,0.0476199206365212,0.0571439257166366,0,0.0714299464323527,0.0714299464323527,0.0476199206365212,0.0933602719681705,0.0367619429090039,0.0571439257166366,0.0571439257166366,0,0.0714299464323527,0.0571439257166366,0.041172338956928,0.041172338956928,0.115648378688694,0,0,0,0,0.128249502550101,0.0367619429090039,0.0367619429090039,0.0571439257166366,0,0,0.0571439257166366,0.0714299464323527,0,0,0,0.0476199206365212,0,0,0.0533176407887724,0,0,0.041172338956928,0,0,0.0476199206365212,0,0.0571439257166366,0,0,0,0.0714299464323527,0,0,0.0571439257166366,0.128249502550101,0,0,0.0571439257166366,0.0571439257166366,0.0571439257166366,0.0337236205744276,0.0316202950567523,0.0714299464323527,0.0571439257166366,0,0,0,0.0439086453554596,0.0714299464323527,0.0714299464323527,0,0.0571439257166366,0,0,0.0571439257166366,0,0.0571439257166366,0.0337236205744276,0.0571439257166366,0,0.0476199206365212,0,0.128249502550101,0.0571439257166366,0,0,0,0,0.0571439257166366,0,0,0,0,0,0,0.041172338956928,0.0337236205744276,0.0367619429090039,0,0.0545144690325174,0,0.0337236205744276,0,0,0,0,0,0.0316202950567523,0,0.0571439257166366,0.0476199206365212,0.0476199206365212,0.0476199206365212,0,0.0476199206365212,0.0933602719681705,0,0,0,0,0,0,0.041172338956928,0,0.128249502550101,0.0714299464323527,0,0.0476199206365212,0,0.0571439257166366,0.0714299464323527,0.0571439257166366,0.0571439257166366,0.0571439257166366,0,0,0.0476199206365212,0.041172338956928,0.0571439257166366,0,1,0.0714299464323527,0.0571439257166366,0.041172338956928,0,0.128249502550101,0.0476199206365212,0.0337236205744276,0.041172338956928,0.0571439257166366,0.041172338956928,0,0,0.0476199206365212,0.0476199206365212,0,0.0476199206365212,0,0,0,0,0.0571439257166366,0.0571439257166366,0,0.0476199206365212,0.0714299464323527,0.0571439257166366,0,0.0476199206365212,0,0.0476199206365212,0.0571439257166366,0.128249502550101,0,0,0,0,0,0.041172338956928,0.0571439257166366,0,0.0571439257166366,0.115648378688694,0,0,0,0.0714299464323527,0,0,0,0,0,0,0.0714299464323527,0.0571439257166366,0.0714299464323527,0.0714299464323527,0.0714299464323527,0,0.0476199206365212,0,0,0,0.0571439257166366,0,0,0,0,0,0,0.041172338956928,0.0397384474440781,0,0.0571439257166366,0,0.0571439257166366,0.041172338956928,0,0.0714299464323527,0,0,0.0476199206365212,0.0571439257166366,0.0714299464323527,0,0,0.0367574589715877,0,0.0571439257166366,0,0,0.0367619429090039,0,0.0571439257166366,0,0,0.0367574589715877,0.0301593188641145,0.0367619429090039,0.0367619429090039,0.0367619429090039,0.0337236205744276,0.0571439257166366,0,0,0,0,0,0,0.041172338956928,0,0,0,0,0,0.0476199206365212,0,0.0476199206365212,0.0571439257166366,0,0.0476199206365212,0.041172338956928,0.0476199206365212,0,0.0476199206365212,0,0.0367619429090039,0,0,0.041172338956928,0.0397384474440781,0.0439086453554596,0,0,0.0476199206365212,0,0,0.0571439257166366,0.0545144690325174,0,0.041172338956928,0.041172338956928,0,0,0,0,0,0,0,0,0,0.0714299464323527,0,0,0,0.0367619429090039,0,0,0.0571439257166366,0,0.0367619429090039,0,0.0476199206365212,0,0,0,0,0,0,0,0,0,0.041172338956928,0.0545144690325174,0,0,0,0,0,0,0.041172338956928,0.0476199206365212,0,0.0367619429090039,0.0571439257166366,0,0.0337236205744276,0,0,0,0,0,0,0.041172338956928,0,0,0,0,0,0.0571439257166366,0,0,0.0367619429090039,0,0.0476199206365212,0,0,0,0.0545144690325174,0,0,0,0,0.0933602719681705,0,0.0571439257166366,0,0.0367619429090039,0,0.0571439257166366,0.0367619429090039,0,0,0.041172338956928,0.0476199206365212,0,0,0.0571439257166366,0,0,0.0571439257166366,0.0476199206365212,0,0.041172338956928,0.0571439257166366,0,0,0,0,0,0,0,0,0,0,0,0,0,0,0,0,0.0367619429090039,0.0571439257166366,0.0571439257166366,0.0545144690325174,0,0.0571439257166366,0,0,0,0
0,0.0865818037575277,0,0.0714299464323527,0.147105639620399,0.0613432731147329,0.0714299464323527,0.21027009483971,0,0,0,0.0714299464323527,0.0613432731147329,0.0714299464323527,0,0.21027009483971,0.0865818037575277,0.0613432731147329,0.109892388006257,0.0498579928542293,0.0714299464323527,0.0714299464323527,0,0.0865818037575277,0.0714299464323527,0.0545213728963117,0.0545213728963117,0.0613432731147329,0,0,0,0,0.147105639620399,0.0498579928542293,0.0498579928542293,0.0714299464323527,0,0,0.0714299464323527,0.0865818037575277,0,0,0,0.0613432731147329,0,0,0.286642706317439,0,0,0.0545213728963117,0,0,0.0613432731147329,0,0.0714299464323527,0,0,0,0.0865818037575277,0,0,0.0714299464323527,0.147105639620399,0,0,0.0714299464323527,0.0714299464323527,0.173472727049999,0.0466468368249435,0.0444245555713213,0.0865818037575277,0.0714299464323527,0,0,0,0.0545144690325174,0.21027009483971,0.0865818037575277,0,0.0714299464323527,0,0,0.0714299464323527,0,0.0714299464323527,0.0466468368249435,0.0714299464323527,0,0.0613432731147329,0,0.147105639620399,0.0714299464323527,0,0,0,0,0.0714299464323527,0,0,0,0,0,0,0.0545213728963117,0.0466468368249435,0.0498579928542293,0,0.0656073668246963,0,0.0466468368249435,0,0,0,0,0,0.0444245555713213,0,0.0714299464323527,0.0613432731147329,0.0613432731147329,0.0613432731147329,0,0.0613432731147329,0.266881513729481,0,0,0,0,0,0,0.0545213728963117,0,0.147105639620399,0.386967653528542,0,0.0613432731147329,0,0.0714299464323527,0.0865818037575277,0.0714299464323527,0.0714299464323527,0.0714299464323527,0,0,0.0613432731147329,0.0545213728963117,0.0714299464323527,0,0.0714299464323527,1,0.0714299464323527,0.0545213728963117,0,0.147105639620399,0.0613432731147329,0.0466468368249435,0.0545213728963117,0.0714299464323527,0.0545213728963117,0,0,0.0613432731147329,0.0613432731147329,0,0.0613432731147329,0,0,0,0,0.0714299464323527,0.0714299464323527,0,0.0613432731147329,0.0865818037575277,0.0714299464323527,0,0.0613432731147329,0,0.0613432731147329,0.0714299464323527,0.147105639620399,0,0,0,0,0,0.0545213728963117,0.173472727049999,0,0.0714299464323527,0.0613432731147329,0,0,0,0.0865818037575277,0,0,0,0,0,0,0.0865818037575277,0.0714299464323527,0.0865818037575277,0.0865818037575277,0.0865818037575277,0,0.0613432731147329,0,0,0,0.0714299464323527,0,0,0,0,0,0,0.0545213728963117,0.0509474689183968,0,0.0714299464323527,0,0.0714299464323527,0.0545213728963117,0,0.0865818037575277,0,0,0.0613432731147329,0.0714299464323527,0.0865818037575277,0,0,0.0470411711002957,0,0.0714299464323527,0,0,0.0498579928542293,0,0.0714299464323527,0,0,0.0470411711002957,0.0428812849891,0.0498579928542293,0.0498579928542293,0.0498579928542293,0.0466468368249435,0.0714299464323527,0,0,0,0,0,0,0.0545213728963117,0,0,0,0,0,0.0613432731147329,0,0.0613432731147329,0.0714299464323527,0,0.0613432731147329,0.0545213728963117,0.0613432731147329,0,0.0613432731147329,0,0.0498579928542293,0,0,0.0545213728963117,0.0509474689183968,0.0545144690325174,0,0,0.0613432731147329,0,0,0.0714299464323527,0.0656073668246963,0,0.0545213728963117,0.0545213728963117,0,0,0,0,0,0,0,0,0,0.0865818037575277,0,0,0,0.0498579928542293,0,0,0.0714299464323527,0,0.0498579928542293,0,0.0613432731147329,0,0,0,0,0,0,0,0,0,0.0545213728963117,0.0656073668246963,0,0,0,0,0,0,0.0545213728963117,0.0613432731147329,0,0.0498579928542293,0.0714299464323527,0,0.0466468368249435,0,0,0,0,0,0,0.0545213728963117,0,0,0,0,0,0.0714299464323527,0,0,0.0498579928542293,0,0.0613432731147329,0,0,0,0.0656073668246963,0,0,0,0,0.266881513729481,0,0.0714299464323527,0,0.0498579928542293,0,0.0714299464323527,0.0498579928542293,0,0,0.0545213728963117,0.0613432731147329,0,0,0.0714299464323527,0,0,0.173472727049999,0.0613432731147329,0,0.0545213728963117,0.0714299464323527,0,0,0,0,0,0,0,0,0,0,0,0,0,0,0,0,0.0498579928542293,0.0714299464323527,0.0714299464323527,0.0656073668246963,0,0.0714299464323527,0,0,0,0
0,0.173472727049999,0,0.0571439257166366,0.128249502550101,0.115648378688694,0.0571439257166366,0.0714299464323527,0,0,0,0.421998728397202,0.0476199206365212,0.138778105311832,0,0.0714299464323527,0.173472727049999,0.212831890191799,0.226732089065557,0.0367619429090039,0.0571439257166366,0.0571439257166366,0,0.527498700621427,0.0571439257166366,0.041172338956928,0.041172338956928,0.0476199206365212,0,0,0,0,0.128249502550101,0.0892790042075809,0.0892790042075809,0.659999251998354,0,0,0.421998728397202,0.173472727049999,0,0,0,0.0476199206365212,0,0,0.106635281577545,0,0,0.0999899660382537,0,0,0.115648378688694,0,0.0571439257166366,0,0,0,0.0714299464323527,0,0,0.138778105311832,0.128249502550101,0,0,0.0571439257166366,0.138778105311832,0.0571439257166366,0.0819002213950383,0.0767921451378269,0.0714299464323527,0.138778105311832,0,0,0,0.106635281577545,0.0714299464323527,0.0714299464323527,0,0.0571439257166366,0,0,0.0571439257166366,0,0.0571439257166366,0.0337236205744276,0.421998728397202,0,0.115648378688694,0,0.128249502550101,0.0571439257166366,0,0,0,0,0.0571439257166366,0,0,0,0,0,0,0.0999899660382537,0.0337236205744276,0.0367619429090039,0,0.132392281936114,0,0.0819002213950383,0,0,0,0,0,0.0767921451378269,0,0.138778105311832,0.115648378688694,0.115648378688694,0.115648378688694,0,0.115648378688694,0.0933602719681705,0,0,0,0,0,0,0.0999899660382537,0,0.128249502550101,0.0714299464323527,0,0.115648378688694,0,0.0571439257166366,0.0714299464323527,0.421998728397202,0.0571439257166366,0.0571439257166366,0,0,0.0476199206365212,0.0999899660382537,0.138778105311832,0,0.0571439257166366,0.0714299464323527,1,0.041172338956928,0,0.128249502550101,0.115648378688694,0.0337236205744276,0.0999899660382537,0.138778105311832,0.041172338956928,0,0,0.115648378688694,0.115648378688694,0,0.115648378688694,0,0,0,0,0.138778105311832,0.138778105311832,0,0.0476199206365212,0.173472727049999,0.421998728397202,0,0.115648378688694,0,0.115648378688694,0.138778105311832,0.128249502550101,0,0,0,0,0,0.0999899660382537,0.0571439257166366,0,0.0571439257166366,0.0476199206365212,0,0,0,0.0714299464323527,0,0,0,0,0,0,0.0714299464323527,0.0571439257166366,0.0714299464323527,0.0714299464323527,0.0714299464323527,0,0.0476199206365212,0,0,0,0.138778105311832,0,0,0,0,0,0,0.041172338956928,0.0965076580784755,0,0.138778105311832,0,0.138778105311832,0.041172338956928,0,0.0714299464323527,0,0,0.115648378688694,0.0571439257166366,0.173472727049999,0,0,0.0892681146452845,0,0.138778105311832,0,0,0.0367619429090039,0,0.138778105311832,0,0,0.0892681146452845,0.0301593188641145,0.0367619429090039,0.0367619429090039,0.0892790042075809,0.0819002213950383,0.138778105311832,0,0,0,0,0,0,0.041172338956928,0,0,0,0,0,0.115648378688694,0,0.115648378688694,0.138778105311832,0,0.115648378688694,0.0999899660382537,0.115648378688694,0,0.0476199206365212,0,0.0367619429090039,0,0,0.041172338956928,0.0965076580784755,0.106635281577545,0,0,0.115648378688694,0,0,0.0571439257166366,0.118649138482538,0,0.0999899660382537,0.0999899660382537,0,0,0,0,0,0,0,0,0,0.173472727049999,0,0,0,0.0892790042075809,0,0,0.138778105311832,0,0.0892790042075809,0,0.115648378688694,0,0,0,0,0,0,0,0,0,0.041172338956928,0.132392281936114,0,0,0,0,0,0,0.0999899660382537,0.0476199206365212,0,0.0367619429090039,0.0571439257166366,0,0.0819002213950383,0,0,0,0,0,0,0.0999899660382537,0,0,0,0,0,0.421998728397202,0,0,0.0892790042075809,0,0.115648378688694,0,0,0,0.132392281936114,0,0,0,0,0.0933602719681705,0,0.0571439257166366,0,0.0892790042075809,0,0.0571439257166366,0.0892790042075809,0,0,0.0999899660382537,0.115648378688694,0,0,0.138778105311832,0,0,0.0571439257166366,0.115648378688694,0,0.0999899660382537,0.138778105311832,0,0,0,0,0,0,0,0,0,0,0,0,0,0,0,0,0.0367619429090039,0.0571439257166366,0.138778105311832,0.132392281936114,0,0.138778105311832,0,0,0,0
0,0.0545213728963117,0,0.041172338956928,0.107359912685637,0.0322586368373393,0.041172338956928,0.0545213728963117,0,0,0,0.041172338956928,0.0322586368373393,0.041172338956928,0,0.0545213728963117,0.0545213728963117,0.0322586368373393,0.074963219752206,0.163074998260921,0.304051121218363,0.041172338956928,0,0.0545213728963117,0.304051121218363,0.19361341827272,0.19361341827272,0.0322586368373393,0,0,0,0,0.107359912685637,0.0220824020542819,0.0220824020542819,0.041172338956928,0,0,0.041172338956928,0.0545213728963117,0,0,0,0.0322586368373393,0,0,0.0410485172746393,0,0,0.0262176875118606,0,0,0.0322586368373393,0,0.304051121218363,0,0,0,0.0545213728963117,0,0,0.041172338956928,0.107359912685637,0,0,0.304051121218363,0.041172338956928,0.041172338956928,0.0192321645820291,0.0172583557076123,0.243677156414128,0.041172338956928,0,0,0,0.0318790793130669,0.0545213728963117,0.0545213728963117,0,0.041172338956928,0,0,0.041172338956928,0,0.041172338956928,0.142026451563498,0.041172338956928,0,0.0322586368373393,0,0.107359912685637,0.041172338956928,0,0,0,0,0.041172338956928,0,0,0,0,0,0,0.0262176875118606,0.142026451563498,0.163074998260921,0,0.0419459661208335,0,0.0192321645820291,0,0,0,0,0,0.0172583557076123,0,0.041172338956928,0.0322586368373393,0.0322586368373393,0.0322586368373393,0,0.0322586368373393,0.074963219752206,0,0,0,0,0,0,0.0262176875118606,0,0.107359912685637,0.0545213728963117,0,0.0322586368373393,0,0.041172338956928,0.132409048462471,0.041172338956928,0.041172338956928,0.041172338956928,0,0,0.238224860376036,0.0262176875118606,0.041172338956928,0,0.041172338956928,0.0545213728963117,0.041172338956928,1,0,0.107359912685637,0.0322586368373393,0.142026451563498,0.0262176875118606,0.041172338956928,0.19361341827272,0,0,0.0322586368373393,0.0322586368373393,0,0.0322586368373393,0,0,0,0,0.041172338956928,0.041172338956928,0,0.238224860376036,0.0545213728963117,0.041172338956928,0,0.0322586368373393,0,0.0322586368373393,0.041172338956928,0.107359912685637,0,0,0,0,0,0.0262176875118606,0.041172338956928,0,0.720502458320628,0.0322586368373393,0,0,0,0.0545213728963117,0,0,0,0,0,0,0.0545213728963117,0.041172338956928,0.0545213728963117,0.0545213728963117,0.0545213728963117,0,0.0322586368373393,0,0,0,0.041172338956928,0,0,0,0,0,0,0.117177011532601,0.0270640742074927,0,0.041172338956928,0,0.041172338956928,0.19361341827272,0,0.0545213728963117,0,0,0.0322586368373393,0.041172338956928,0.0545213728963117,0,0,0.0250847842310818,0,0.041172338956928,0,0,0.163074998260921,0,0.041172338956928,0,0,0.0250847842310818,0.117323026763923,0.163074998260921,0.163074998260921,0.0220824020542819,0.0192321645820291,0.041172338956928,0,0,0,0,0,0,0.19361341827272,0,0,0,0,0,0.0322586368373393,0,0.0322586368373393,0.041172338956928,0,0.0322586368373393,0.0262176875118606,0.0322586368373393,0,0.238224860376036,0,0.163074998260921,0,0,0.19361341827272,0.0270640742074927,0.0318790793130669,0,0,0.0322586368373393,0,0,0.041172338956928,0.0419459661208335,0,0.0262176875118606,0.0262176875118606,0,0,0,0,0,0,0,0,0,0.0545213728963117,0,0,0,0.0220824020542819,0,0,0.041172338956928,0,0.0220824020542819,0,0.0322586368373393,0,0,0,0,0,0,0,0,0,0.0636715268145186,0.0419459661208335,0,0,0,0,0,0,0.0262176875118606,0.238224860376036,0,0.163074998260921,0.041172338956928,0,0.0192321645820291,0,0,0,0,0,0,0.0262176875118606,0,0,0,0,0,0.041172338956928,0,0,0.0220824020542819,0,0.0322586368373393,0,0,0,0.0419459661208335,0,0,0,0,0.074963219752206,0,0.041172338956928,0,0.0220824020542819,0,0.304051121218363,0.0220824020542819,0,0,0.0262176875118606,0.0322586368373393,0,0,0.041172338956928,0,0,0.041172338956928,0.0322586368373393,0,0.0262176875118606,0.041172338956928,0,0,0,0,0,0,0,0,0,0,0,0,0,0,0,0,0.163074998260921,0.304051121218363,0.041172338956928,0.0419459661208335,0,0.041172338956928,0,0,0,0
0,0,0,0,0,0,0,0,0,0,0,0,0,0,0,0,0,0,0,0,0,0,0,0,0,0,0,0,0,0,0,0,0,0,0,0,0,0,0,0,0,0,0,0,0,0,0,0,0,0,0,0,0,0,0,0,0,0,0,0,0,0,0,0,0,0,0,0,0,0,0,0,0,0,0,0,0,0,0,0,0,0,0,0,0,0,0,0,0,0,0,0,0,0,0,0,0,0,0,0,0,0,0,0,0,0,0,0,0,0,0,0,0,0,0,0,0,0,0,0,0,0,0,0,0,0,0,0,0,0,0,0,0,0,0,0,0,0,0,0,0,0,0,0,0,0,0,0,0,0,0,0,1,0,0,0,0,0,0,0,0,0,0,0,0,0,0,0,0,0,0,0,0,0,0,0,0,0,0,0,0,0,0,0,0,0,0,0,0,0,0,0,0,0,0,0,0,0,0,0,0,0,0,0,0,0,0,0,0,0,0,0,0,0,0,0,0,0,0,0,0,0,0,0,0,0,0,0,0,0,0,0,0,0,0,0,0,0,0,0,0,0,0,0,0,0,0,0,0,0,0,0,0,0,0,0,0,0,0,0,0,0,0,0,0,0,0,0,0,0,0,0,0,0,0,0,0,0,0,0,0,0,0,0,0,0,0,0,0,0,0,0,0,0,0,0,0,0,0,0,0,0,0,0,0,0,0,0,0,0,0,0,0,0,0,0,0,0,0,0,0,0,0,0,0,0,0,0,0,0,0,0,0,0,0,0,0,0,0,0,0,0,0,0,0,0,0,0,0,0,0,0,0,0,0,0,0,0,0,0,0,0,0,0,0,0,0,0,0,0,0,0,0,0,0,0,0,0,0,0,0,0,0,0,0,0,0,0,0,0,0,0,0,0,0,0,0,0,0,0,0,0,0,0,0,0,0,0,0
0,0.147105639620399,0,0.128249502550101,0.54337899543379,0.115768709113422,0.128249502550101,0.147105639620399,0,0,0,0.128249502550101,0.115768709113422,0.128249502550101,0,0.147105639620399,0.147105639620399,0.115768709113422,0.176370950666949,0.10162667835798,0.128249502550101,0.128249502550101,0,0.147105639620399,0.128249502550101,0.107359912685637,0.107359912685637,0.115768709113422,0,0,0,0,0.54337899543379,0.10162667835798,0.10162667835798,0.128249502550101,0,0,0.128249502550101,0.147105639620399,0,0,0,0.115768709113422,0,0,0.105746154191537,0,0,0.107359912685637,0,0,0.115768709113422,0,0.128249502550101,0,0,0,0.147105639620399,0,0,0.128249502550101,0.54337899543379,0,0,0.128249502550101,0.128249502550101,0.128249502550101,0.0976858574475728,0.0949619587666687,0.147105639620399,0.128249502550101,0,0,0,0.0953134799189487,0.147105639620399,0.147105639620399,0,0.128249502550101,0,0,0.128249502550101,0,0.128249502550101,0.0976858574475728,0.128249502550101,0,0.115768709113422,0,0.223744292237443,0.128249502550101,0,0,0,0,0.128249502550101,0,0,0,0,0,0,0.107359912685637,0.0976858574475728,0.10162667835798,0,0.108384549152341,0,0.0976858574475728,0,0,0,0,0,0.0949619587666687,0,0.128249502550101,0.115768709113422,0.115768709113422,0.115768709113422,0,0.115768709113422,0.176370950666949,0,0,0,0,0,0,0.107359912685637,0,0.54337899543379,0.147105639620399,0,0.115768709113422,0,0.128249502550101,0.147105639620399,0.128249502550101,0.128249502550101,0.128249502550101,0,0,0.115768709113422,0.107359912685637,0.128249502550101,0,0.128249502550101,0.147105639620399,0.128249502550101,0.107359912685637,0,1,0.115768709113422,0.0976858574475728,0.107359912685637,0.128249502550101,0.107359912685637,0,0,0.115768709113422,0.115768709113422,0,0.115768709113422,0,0,0,0,0.128249502550101,0.128249502550101,0,0.115768709113422,0.147105639620399,0.128249502550101,0,0.115768709113422,0,0.115768709113422,0.128249502550101,0.54337899543379,0,0,0,0,0,0.107359912685637,0.128249502550101,0,0.128249502550101,0.115768709113422,0,0,0,0.147105639620399,0,0,0,0,0,0,0.147105639620399,0.128249502550101,0.147105639620399,0.147105639620399,0.147105639620399,0,0.115768709113422,0,0,0,0.128249502550101,0,0,0,0,0,0,0.107359912685637,0.0943727413365712,0,0.128249502550101,0,0.128249502550101,0.107359912685637,0,0.147105639620399,0,0,0.115768709113422,0.128249502550101,0.147105639620399,0,0,0.0865360309624762,0,0.128249502550101,0,0,0.10162667835798,0,0.128249502550101,0,0,0.0865360309624762,0.0930719467558259,0.10162667835798,0.10162667835798,0.10162667835798,0.0976858574475728,0.128249502550101,0,0,0,0,0,0,0.107359912685637,0,0,0,0,0,0.115768709113422,0,0.115768709113422,0.128249502550101,0,0.115768709113422,0.107359912685637,0.115768709113422,0,0.115768709113422,0,0.10162667835798,0,0,0.107359912685637,0.0943727413365712,0.0953134799189487,0,0,0.115768709113422,0,0,0.128249502550101,0.108384549152341,0,0.107359912685637,0.107359912685637,0,0,0,0,0,0,0,0,0,0.147105639620399,0,0,0,0.10162667835798,0,0,0.128249502550101,0,0.10162667835798,0,0.115768709113422,0,0,0,0,0,0,0,0,0,0.107359912685637,0.108384549152341,0,0,0,0,0,0,0.107359912685637,0.115768709113422,0,0.10162667835798,0.128249502550101,0,0.0976858574475728,0,0,0,0,0,0,0.107359912685637,0,0,0,0,0,0.128249502550101,0,0,0.10162667835798,0,0.115768709113422,0,0,0,0.108384549152341,0,0,0,0,0.176370950666949,0,0.128249502550101,0,0.10162667835798,0,0.128249502550101,0.10162667835798,0,0,0.107359912685637,0.115768709113422,0,0,0.128249502550101,0,0,0.128249502550101,0.115768709113422,0,0.107359912685637,0.128249502550101,0,0,0,0,0,0,0,0,0,0,0,0,0,0,0,0,0.10162667835798,0.128249502550101,0.128249502550101,0.108384549152341,0,0.128249502550101,0,0,0,0
0,0.148976520421494,0,0.0476199206365212,0.115768709113422,0.093408272931481,0.0476199206365212,0.0613432731147329,0,0,0,0.115648378688694,0.0384622300306098,0.115648378688694,0,0.0613432731147329,0.148976520421494,0.093408272931481,0.200063521369343,0.0280132767810044,0.0476199206365212,0.0476199206365212,0,0.148976520421494,0.0476199206365212,0.0322586368373393,0.0322586368373393,0.0384622300306098,0,0,0,0,0.115768709113422,0.0680322436110106,0.0680322436110106,0.115648378688694,0,0,0.115648378688694,0.148976520421494,0,0,0,0.0384622300306098,0,0,0.0892681146452845,0,0,0.078342403747824,0,0,0.093408272931481,0,0.0476199206365212,0,0,0,0.0613432731147329,0,0,0.115648378688694,0.115768709113422,0,0,0.0476199206365212,0.115648378688694,0.0476199206365212,0.0609274353162256,0.0560080001931739,0.0613432731147329,0.115648378688694,0,0,0,0.0892681146452845,0.0613432731147329,0.0613432731147329,0,0.0476199206365212,0,0,0.0476199206365212,0,0.0476199206365212,0.0250877674831517,0.115648378688694,0,0.284037401363075,0,0.115768709113422,0.0476199206365212,0,0,0,0,0.0476199206365212,0,0,0,0,0,0,0.078342403747824,0.0250877674831517,0.0280132767810044,0,0.114242844100718,0,0.0609274353162256,0,0,0,0,0,0.0560080001931739,0,0.115648378688694,0.171902619932726,0.093408272931481,0.093408272931481,0,0.093408272931481,0.0823790970344355,0,0,0,0,0,0,0.078342403747824,0,0.115768709113422,0.0613432731147329,0,0.093408272931481,0,0.0476199206365212,0.0613432731147329,0.115648378688694,0.0476199206365212,0.0476199206365212,0,0,0.0384622300306098,0.144176356477088,0.351665478053376,0,0.0476199206365212,0.0613432731147329,0.115648378688694,0.0322586368373393,0,0.115768709113422,1,0.0250877674831517,0.078342403747824,0.115648378688694,0.0322586368373393,0,0,0.284037401363075,0.093408272931481,0,0.093408272931481,0,0,0,0,0.351665478053376,0.115648378688694,0,0.0384622300306098,0.274166873716867,0.115648378688694,0,0.093408272931481,0,0.093408272931481,0.115648378688694,0.115768709113422,0,0,0,0,0,0.078342403747824,0.0476199206365212,0,0.0476199206365212,0.0384622300306098,0,0,0,0.0613432731147329,0,0,0,0,0,0,0.0613432731147329,0.0476199206365212,0.0613432731147329,0.0613432731147329,0.0613432731147329,0,0.0384622300306098,0,0,0,0.212831890191799,0,0,0,0,0,0,0.0322586368373393,0.0781973600772233,0,0.115648378688694,0,0.212831890191799,0.0322586368373393,0,0.0613432731147329,0,0,0.093408272931481,0.0476199206365212,0.148976520421494,0,0,0.220212355295538,0,0.115648378688694,0,0,0.0280132767810044,0,0.115648378688694,0,0,0.0724188282515526,0.0216548926727131,0.0280132767810044,0.0280132767810044,0.0680322436110106,0.0609274353162256,0.115648378688694,0,0,0,0,0,0,0.0322586368373393,0,0,0,0,0,0.093408272931481,0,0.093408272931481,0.115648378688694,0,0.093408272931481,0.144176356477088,0.093408272931481,0,0.0384622300306098,0,0.0280132767810044,0,0,0.0322586368373393,0.0781973600772233,0.0892681146452845,0,0,0.093408272931481,0,0,0.0476199206365212,0.100712305912714,0,0.078342403747824,0.078342403747824,0,0,0,0,0,0,0,0,0,0.148976520421494,0,0,0,0.0680322436110106,0,0,0.115648378688694,0,0.0680322436110106,0,0.093408272931481,0,0,0,0,0,0,0,0,0,0.0322586368373393,0.114242844100718,0,0,0,0,0,0,0.238224860376036,0.0384622300306098,0,0.0280132767810044,0.0476199206365212,0,0.0609274353162256,0,0,0,0,0,0,0.078342403747824,0,0,0,0,0,0.115648378688694,0,0,0.0680322436110106,0,0.093408272931481,0,0,0,0.114242844100718,0,0,0,0,0.0823790970344355,0,0.0476199206365212,0,0.0680322436110106,0,0.0476199206365212,0.0680322436110106,0,0,0.078342403747824,0.093408272931481,0,0,0.212831890191799,0,0,0.0476199206365212,0.093408272931481,0,0.078342403747824,0.212831890191799,0,0,0,0,0,0,0,0,0,0,0,0,0,0,0,0,0.0280132767810044,0.0476199206365212,0.351665478053376,0.114242844100718,0,0.212831890191799,0,0,0,0
0,0.0466468368249435,0,0.0337236205744276,0.0976858574475728,0.0250877674831517,0.0337236205744276,0.0466468368249435,0,0,0,0.0337236205744276,0.0250877674831517,0.0337236205744276,0,0.0466468368249435,0.0466468368249435,0.0250877674831517,0.0664140661903645,0.266386646796648,0.249043530364504,0.0337236205744276,0,0.0466468368249435,0.249043530364504,0.142026451563498,0.142026451563498,0.0250877674831517,0,0,0,0,0.0976858574475728,0.0152223787564515,0.0152223787564515,0.0337236205744276,0,0,0.0337236205744276,0.0466468368249435,0,0,0,0.0250877674831517,0,0,0.0352619034804085,0,0,0.0192321645820291,0,0,0.0250877674831517,0,0.249043530364504,0,0,0,0.0466468368249435,0,0,0.0337236205744276,0.0976858574475728,0,0,0.249043530364504,0.0337236205744276,0.0337236205744276,0.0124579894676926,0.0105433190523407,0.208482801319646,0.0337236205744276,0,0,0,0.0262054504903287,0.0466468368249435,0.0466468368249435,0,0.0337236205744276,0,0,0.0337236205744276,0,0.0337236205744276,0.0920002545821146,0.0337236205744276,0,0.0250877674831517,0,0.0976858574475728,0.0337236205744276,0,0,0,0,0.0337236205744276,0,0,0,0,0,0,0.0192321645820291,0.218010738874834,0.266386646796648,0,0.0360231344013513,0,0.0124579894676926,0,0,0,0,0,0.0105433190523407,0,0.0337236205744276,0.0250877674831517,0.0250877674831517,0.0250877674831517,0,0.0250877674831517,0.0664140661903645,0,0,0,0,0,0,0.0192321645820291,0,0.0976858574475728,0.0466468368249435,0,0.0250877674831517,0,0.0337236205744276,0.113285175146291,0.0337236205744276,0.0337236205744276,0.0337236205744276,0,0,0.185269140043217,0.0192321645820291,0.0337236205744276,0,0.0337236205744276,0.0466468368249435,0.0337236205744276,0.142026451563498,0,0.0976858574475728,0.0250877674831517,1,0.0192321645820291,0.0337236205744276,0.142026451563498,0,0,0.0250877674831517,0.0250877674831517,0,0.0250877674831517,0,0,0,0,0.0337236205744276,0.0337236205744276,0,0.185269140043217,0.0466468368249435,0.0337236205744276,0,0.0250877674831517,0,0.0250877674831517,0.0337236205744276,0.0976858574475728,0,0,0,0,0,0.0192321645820291,0.0337236205744276,0,0.249043530364504,0.0250877674831517,0,0,0,0.0466468368249435,0,0,0,0,0,0,0.0466468368249435,0.0337236205744276,0.0466468368249435,0.0466468368249435,0.0466468368249435,0,0.0250877674831517,0,0,0,0.0337236205744276,0,0,0,0,0,0,0.0859560008870281,0.0211007926490547,0,0.0337236205744276,0,0.0337236205744276,0.336556586563495,0,0.0466468368249435,0,0,0.0250877674831517,0.0337236205744276,0.0466468368249435,0,0,0.0195763558973341,0,0.0337236205744276,0,0,0.266386646796648,0,0.0337236205744276,0,0,0.0195763558973341,0.161222934855247,0.580614852075153,0.580614852075153,0.0152223787564515,0.0124579894676926,0.0337236205744276,0,0,0,0,0,0,0.142026451563498,0,0,0,0,0,0.0250877674831517,0,0.0250877674831517,0.0337236205744276,0,0.0250877674831517,0.0192321645820291,0.0250877674831517,0,0.28975796754489,0,0.11241482621018,0,0,0.142026451563498,0.0211007926490547,0.0262054504903287,0,0,0.0250877674831517,0,0,0.0337236205744276,0.0360231344013513,0,0.0192321645820291,0.0192321645820291,0,0,0,0,0,0,0,0,0,0.0466468368249435,0,0,0,0.0152223787564515,0,0,0.0337236205744276,0,0.0152223787564515,0,0.0250877674831517,0,0,0,0,0,0,0,0,0,0.0467066854134993,0.0360231344013513,0,0,0,0,0,0,0.0192321645820291,0.185269140043217,0,0.266386646796648,0.0337236205744276,0,0.0124579894676926,0,0,0,0,0,0,0.0192321645820291,0,0,0,0,0,0.0337236205744276,0,0,0.0152223787564515,0,0.0250877674831517,0,0,0,0.0360231344013513,0,0,0,0,0.0664140661903645,0,0.0337236205744276,0,0.0152223787564515,0,0.249043530364504,0.0152223787564515,0,0,0.0192321645820291,0.0250877674831517,0,0,0.0337236205744276,0,0,0.0337236205744276,0.0250877674831517,0,0.0192321645820291,0.0337236205744276,0,0,0,0,0,0,0,0,0,0,0,0,0,0,0,0,0.266386646796648,0.249043530364504,0.0337236205744276,0.0360231344013513,0,0.0337236205744276,0,0,0,0
0,0.132409048462471,0,0.041172338956928,0.107359912685637,0.078342403747824,0.041172338956928,0.0545213728963117,0,0,0,0.0999899660382537,0.0322586368373393,0.47553108355459,0,0.0545213728963117,0.629709367674977,0.078342403747824,0.182053533683929,0.0220824020542819,0.041172338956928,0.041172338956928,0,0.132409048462471,0.041172338956928,0.0262176875118606,0.0262176875118606,0.0322586368373393,0,0,0,0,0.107359912685637,0.053628690703256,0.053628690703256,0.0999899660382537,0,0,0.0999899660382537,0.132409048462471,0,0,0,0.0322586368373393,0,0,0.0774206211888767,0,0,0.0636715268145186,0,0,0.078342403747824,0,0.041172338956928,0,0,0,0.0545213728963117,0,0,0.0999899660382537,0.107359912685637,0,0,0.041172338956928,0.0999899660382537,0.041172338956928,0.0467066854134993,0.04191314957563,0.0545213728963117,0.0999899660382537,0,0,0,0.0774206211888767,0.0545213728963117,0.0545213728963117,0,0.041172338956928,0,0,0.041172338956928,0,0.041172338956928,0.0192321645820291,0.0999899660382537,0,0.078342403747824,0,0.107359912685637,0.041172338956928,0,0,0,0,0.041172338956928,0,0,0,0,0,0,0.0636715268145186,0.0192321645820291,0.0220824020542819,0,0.339176100632449,0,0.0467066854134993,0,0,0,0,0,0.04191314957563,0,0.0999899660382537,0.078342403747824,0.078342403747824,0.078342403747824,0,0.078342403747824,0.074963219752206,0,0,0,0,0,0,0.0636715268145186,0,0.107359912685637,0.0545213728963117,0,0.078342403747824,0,0.041172338956928,0.0545213728963117,0.0999899660382537,0.041172338956928,0.041172338956928,0,0,0.0322586368373393,0.0636715268145186,0.0999899660382537,0,0.041172338956928,0.0545213728963117,0.0999899660382537,0.0262176875118606,0,0.107359912685637,0.078342403747824,0.0192321645820291,1,0.184015147583005,0.0262176875118606,0,0,0.078342403747824,0.078342403747824,0,0.078342403747824,0,0,0,0,0.0999899660382537,0.47553108355459,0,0.0322586368373393,0.132409048462471,0.0999899660382537,0,0.144176356477088,0,0.564515588188714,0.184015147583005,0.107359912685637,0,0,0,0,0,0.0636715268145186,0.041172338956928,0,0.041172338956928,0.0322586368373393,0,0,0,0.0545213728963117,0,0,0,0,0,0,0.0545213728963117,0.041172338956928,0.0545213728963117,0.0545213728963117,0.0545213728963117,0,0.0322586368373393,0,0,0,0.0999899660382537,0,0,0,0,0,0,0.0262176875118606,0.120959841866141,0,0.0999899660382537,0,0.0999899660382537,0.0262176875118606,0,0.0545213728963117,0,0,0.078342403747824,0.041172338956928,0.132409048462471,0,0,0.0609201902754844,0,0.184015147583005,0,0,0.0220824020542819,0,0.47553108355459,0,0,0.28972351166686,0.0158870107303694,0.0220824020542819,0.0220824020542819,0.053628690703256,0.0467066854134993,0.0999899660382537,0,0,0,0,0,0,0.0262176875118606,0,0,0,0,0,0.144176356477088,0,0.144176356477088,0.0999899660382537,0,0.078342403747824,0.0636715268145186,0.144176356477088,0,0.0322586368373393,0,0.0220824020542819,0,0,0.0262176875118606,0.120959841866141,0.309650672419722,0,0,0.078342403747824,0,0,0.041172338956928,0.0884831883993457,0,0.0636715268145186,0.0636715268145186,0,0,0,0,0,0,0,0,0,0.132409048462471,0,0,0,0.053628690703256,0,0,0.0999899660382537,0,0.053628690703256,0,0.078342403747824,0,0,0,0,0,0,0,0,0,0.0262176875118606,0.101868774864881,0,0,0,0,0,0,0.0636715268145186,0.0322586368373393,0,0.0220824020542819,0.041172338956928,0,0.0467066854134993,0,0,0,0,0,0,0.0636715268145186,0,0,0,0,0,0.0999899660382537,0,0,0.053628690703256,0,0.078342403747824,0,0,0,0.339176100632449,0,0,0,0,0.074963219752206,0,0.041172338956928,0,0.053628690703256,0,0.041172338956928,0.053628690703256,0,0,0.0636715268145186,0.372579865945962,0,0,0.0999899660382537,0,0,0.041172338956928,0.078342403747824,0,0.0636715268145186,0.0999899660382537,0,0,0,0,0,0,0,0,0,0,0,0,0,0,0,0,0.0220824020542819,0.041172338956928,0.0999899660382537,0.339176100632449,0,0.0999899660382537,0,0,0,0
0,0.173472727049999,0,0.0571439257166366,0.128249502550101,0.115648378688694,0.0571439257166366,0.0714299464323527,0,0,0,0.138778105311832,0.0476199206365212,0.255398361876396,0,0.0714299464323527,0.319248127932352,0.115648378688694,0.226732089065557,0.0367619429090039,0.0571439257166366,0.0571439257166366,0,0.173472727049999,0.0571439257166366,0.041172338956928,0.041172338956928,0.0476199206365212,0,0,0,0,0.128249502550101,0.0892790042075809,0.0892790042075809,0.138778105311832,0,0,0.138778105311832,0.173472727049999,0,0,0,0.0476199206365212,0,0,0.106635281577545,0,0,0.0999899660382537,0,0,0.115648378688694,0,0.0571439257166366,0,0,0,0.0714299464323527,0,0,0.138778105311832,0.128249502550101,0,0,0.0571439257166366,0.138778105311832,0.0571439257166366,0.0819002213950383,0.0767921451378269,0.0714299464323527,0.138778105311832,0,0,0,0.106635281577545,0.0714299464323527,0.0714299464323527,0,0.0571439257166366,0,0,0.0571439257166366,0,0.0571439257166366,0.0337236205744276,0.138778105311832,0,0.115648378688694,0,0.128249502550101,0.0571439257166366,0,0,0,0,0.0571439257166366,0,0,0,0,0,0,0.0999899660382537,0.0337236205744276,0.0367619429090039,0,0.21027009483971,0,0.0819002213950383,0,0,0,0,0,0.0767921451378269,0,0.138778105311832,0.115648378688694,0.115648378688694,0.115648378688694,0,0.115648378688694,0.0933602719681705,0,0,0,0,0,0,0.0999899660382537,0,0.128249502550101,0.0714299464323527,0,0.115648378688694,0,0.0571439257166366,0.0714299464323527,0.138778105311832,0.0571439257166366,0.0571439257166366,0,0,0.0476199206365212,0.0999899660382537,0.138778105311832,0,0.0571439257166366,0.0714299464323527,0.138778105311832,0.041172338956928,0,0.128249502550101,0.115648378688694,0.0337236205744276,0.184015147583005,1,0.041172338956928,0,0,0.115648378688694,0.115648378688694,0,0.115648378688694,0,0,0,0,0.138778105311832,0.255398361876396,0,0.0476199206365212,0.173472727049999,0.138778105311832,0,0.549999174998487,0,0.212831890191799,0.421998728397202,0.128249502550101,0,0,0,0,0,0.0999899660382537,0.0571439257166366,0,0.0571439257166366,0.0476199206365212,0,0,0,0.0714299464323527,0,0,0,0,0,0,0.0714299464323527,0.0571439257166366,0.0714299464323527,0.0714299464323527,0.0714299464323527,0,0.0476199206365212,0,0,0,0.138778105311832,0,0,0,0,0,0,0.041172338956928,0.458969965044453,0,0.138778105311832,0,0.138778105311832,0.041172338956928,0,0.0714299464323527,0,0,0.115648378688694,0.0571439257166366,0.173472727049999,0,0,0.0892681146452845,0,0.255398361876396,0,0,0.0367619429090039,0,0.255398361876396,0,0,0.16428333703628,0.0301593188641145,0.0367619429090039,0.0367619429090039,0.0892790042075809,0.0819002213950383,0.138778105311832,0,0,0,0,0,0,0.041172338956928,0,0,0,0,0,0.351665478053376,0,0.351665478053376,0.138778105311832,0,0.115648378688694,0.0999899660382537,0.351665478053376,0,0.0476199206365212,0,0.0367619429090039,0,0,0.041172338956928,0.458969965044453,0.18280333984722,0,0,0.115648378688694,0,0,0.0571439257166366,0.118649138482538,0,0.0999899660382537,0.0999899660382537,0,0,0,0,0,0,0,0,0,0.173472727049999,0,0,0,0.0892790042075809,0,0,0.138778105311832,0,0.0892790042075809,0,0.115648378688694,0,0,0,0,0,0,0,0,0,0.041172338956928,0.132392281936114,0,0,0,0,0,0,0.0999899660382537,0.0476199206365212,0,0.0367619429090039,0.0571439257166366,0,0.0819002213950383,0,0,0,0,0,0,0.0999899660382537,0,0,0,0,0,0.138778105311832,0,0,0.0892790042075809,0,0.115648378688694,0,0,0,0.21027009483971,0,0,0,0,0.0933602719681705,0,0.0571439257166366,0,0.0892790042075809,0,0.0571439257166366,0.0892790042075809,0,0,0.0999899660382537,0.212831890191799,0,0,0.138778105311832,0,0,0.0571439257166366,0.115648378688694,0,0.0999899660382537,0.138778105311832,0,0,0,0,0,0,0,0,0,0,0,0,0,0,0,0,0.0367619429090039,0.0571439257166366,0.138778105311832,0.21027009483971,0,0.138778105311832,0,0,0,0
0,0.0545213728963117,0,0.041172338956928,0.107359912685637,0.0322586368373393,0.041172338956928,0.0545213728963117,0,0,0,0.041172338956928,0.0322586368373393,0.041172338956928,0,0.0545213728963117,0.0545213728963117,0.0322586368373393,0.074963219752206,0.163074998260921,0.304051121218363,0.041172338956928,0,0.0545213728963117,0.304051121218363,0.19361341827272,0.19361341827272,0.0322586368373393,0,0,0,0,0.107359912685637,0.0220824020542819,0.0220824020542819,0.041172338956928,0,0,0.041172338956928,0.0545213728963117,0,0,0,0.0322586368373393,0,0,0.0410485172746393,0,0,0.0262176875118606,0,0,0.0322586368373393,0,0.304051121218363,0,0,0,0.0545213728963117,0,0,0.041172338956928,0.107359912685637,0,0,0.304051121218363,0.041172338956928,0.041172338956928,0.0192321645820291,0.0172583557076123,0.243677156414128,0.041172338956928,0,0,0,0.0318790793130669,0.0545213728963117,0.0545213728963117,0,0.041172338956928,0,0,0.041172338956928,0,0.041172338956928,0.142026451563498,0.041172338956928,0,0.0322586368373393,0,0.107359912685637,0.041172338956928,0,0,0,0,0.041172338956928,0,0,0,0,0,0,0.0262176875118606,0.142026451563498,0.163074998260921,0,0.0419459661208335,0,0.0192321645820291,0,0,0,0,0,0.0172583557076123,0,0.041172338956928,0.0322586368373393,0.0322586368373393,0.0322586368373393,0,0.0322586368373393,0.074963219752206,0,0,0,0,0,0,0.0262176875118606,0,0.107359912685637,0.0545213728963117,0,0.0322586368373393,0,0.041172338956928,0.132409048462471,0.041172338956928,0.041172338956928,0.041172338956928,0,0,0.238224860376036,0.0262176875118606,0.041172338956928,0,0.041172338956928,0.0545213728963117,0.041172338956928,0.19361341827272,0,0.107359912685637,0.0322586368373393,0.142026451563498,0.0262176875118606,0.041172338956928,1,0,0,0.0322586368373393,0.0322586368373393,0,0.0322586368373393,0,0,0,0,0.041172338956928,0.041172338956928,0,0.238224860376036,0.0545213728963117,0.041172338956928,0,0.0322586368373393,0,0.0322586368373393,0.041172338956928,0.107359912685637,0,0,0,0,0,0.0262176875118606,0.041172338956928,0,0.304051121218363,0.0322586368373393,0,0,0,0.0545213728963117,0,0,0,0,0,0,0.0545213728963117,0.041172338956928,0.0545213728963117,0.0545213728963117,0.0545213728963117,0,0.0322586368373393,0,0,0,0.041172338956928,0,0,0,0,0,0,0.117177011532601,0.0270640742074927,0,0.041172338956928,0,0.041172338956928,0.19361341827272,0,0.0545213728963117,0,0,0.0322586368373393,0.041172338956928,0.0545213728963117,0,0,0.0250847842310818,0,0.041172338956928,0,0,0.163074998260921,0,0.041172338956928,0,0,0.0250847842310818,0.117323026763923,0.163074998260921,0.163074998260921,0.0220824020542819,0.0192321645820291,0.041172338956928,0,0,0,0,0,0,0.19361341827272,0,0,0,0,0,0.0322586368373393,0,0.0322586368373393,0.041172338956928,0,0.0322586368373393,0.0262176875118606,0.0322586368373393,0,0.238224860376036,0,0.163074998260921,0,0,0.19361341827272,0.0270640742074927,0.0318790793130669,0,0,0.0322586368373393,0,0,0.041172338956928,0.0419459661208335,0,0.0262176875118606,0.0262176875118606,0,0,0,0,0,0,0,0,0,0.0545213728963117,0,0,0,0.0220824020542819,0,0,0.041172338956928,0,0.0220824020542819,0,0.0322586368373393,0,0,0,0,0,0,0,0,0,0.0636715268145186,0.0419459661208335,0,0,0,0,0,0,0.0262176875118606,0.238224860376036,0,0.163074998260921,0.041172338956928,0,0.0192321645820291,0,0,0,0,0,0,0.0262176875118606,0,0,0,0,0,0.041172338956928,0,0,0.0220824020542819,0,0.0322586368373393,0,0,0,0.0419459661208335,0,0,0,0,0.074963219752206,0,0.041172338956928,0,0.0220824020542819,0,0.304051121218363,0.0220824020542819,0,0,0.0262176875118606,0.0322586368373393,0,0,0.041172338956928,0,0,0.041172338956928,0.0322586368373393,0,0.0262176875118606,0.041172338956928,0,0,0,0,0,0,0,0,0,0,0,0,0,0,0,0,0.163074998260921,0.47553108355459,0.041172338956928,0.0419459661208335,0,0.041172338956928,0,0,0,0
0,0,0,0,0,0,0,0,0,0,0,0,0,0,0,0,0,0,0,0,0,0,0,0,0,0,0,0,0,0,0,0,0,0,0,0,0,0,0,0,0,0,0,0,0,0,0,0,0,0,0,0,0,0,0,0,0,0,0,0,0,0,0,0,0,0,0,0,0,0,0,0,0,0,0,0,0,0,0,0,0,0,0,0,0,0,0,0,0,0,0,0,0,0,0,0,0,0,0,0,0,0,0,0,0,0,0,0,0,0,0,0,0,0,0,0,0,0,0,0,0,0,0,0,0,0,0,0,0,0,0,0,0,0,0,0,0,0,0,0,0,0,0,0,0,0,0,0,0,0,0,0,0,0,0,0,0,0,0,1,0,0,0,0,0,0,0,0,0,0,0,0,0,0,0,0,0,0,0,0,0,0,0,0,0,0,0,0,0,0,0,0,0,0,0,0,0,0,0,0,0,0,0,0,0,0,0,0,0,0,0,0,0,0,0,0,0,0,0,0,0,0,0,0,0,0,0,0,0,0,0,0,0,0,0,0,0,0,0,0,0,0,0,0,0,0,0,0,0,0,0,0,0,0,0,0,0,0,0,0,0,0,0,0,0,0,0,0,0,0,0,0,0,0,0,0,0,0,0,0,0,0,0,0,0,0,0,0,0,0,0,0,0,0,0,0,0,0,0,0,0,0,0,0,0,0,0,0,0,0,0,0,0,0,0,0,0,0,0,0,0,0,0,0,0,0,0,0,0,0,0,0,0,0,0,0,0,0,0,0,0,0,0,0,0,0,0,0,0,0,0,0,0,0,0,0,0,0,0,0,0,0,0,0,0,0,0,0,0,0,0,0,0,0,0,0,0,0,0,0,0,0,0,0,0,0,0,0,0,0,0,0,0,0,0,0,0,0,0,0,0,0,0,0,0,0,0,0,0
0,0,0,0,0,0,0,0,0,0,0,0,0,0,0,0,0,0,0,0,0,0,0,0,0,0,0,0,0,0,0,0,0,0,0,0,0,0,0,0,0,0,0,0,0,0,0,0,0,0,0,0,0,0,0,0,0,0,0,0,0,0,0,0,0,0,0,0,0,0,0,0,0,0,0,0,0,0,0,0,0,0,0,0,0,0,0,0,0,0,0,0,0,0,0,0,0,0,0,0,0,0,0,0,0,0,0,0,0,0,0,0,0,0,0,0,0,0,0,0,0,0,0,0,0,0,0,0,0,0,0,0,0,0,0,0,0,0,0,0,0,0,0,0,0,0,0,0,0,0,0,0,0,0,0,0,0,0,0,0,1,0,0,0,0,0,0,0,0,0,0,0,0,0,0,0,0,0,0,0,0,0,0,0,0,0,0,0,0,0,0,0,0,0,0,0,0,0,0,0,0,0,0,0,0,0,0,0,0,0,0,0,0,0,0,0,0,0,0,0,0,0,0,0,0,0,0,0,0,0,0,0,0,0,0,0,0,0,0,0,0,0,0,0,0,0,0,0,0,0,0,0,0,0,0,0,0,0,0,0,0,0,0,0,0,0,0,0,0,0,0,0,0,0,0,0,0,0,0,0,0,0,0,0,0,0,0,0,0,0,0,0,0,0,0,0,0,0,0,0,0,0,0,0,0,0,0,0,0,0,0,0,0,0,0,0,0,0,0,0,0,0,0,0,0,0,0,0,0,0,0,0,0,0,0,0,0,0,0,0,0,0,0,0,0,0,0,0,0,0,0,0,0,0,0,0,0,0,0,0,0,0,0,0,0,0,0,0,0,0,0,0,0,0,0,0,0,0,0,0,0,0,0,0,0,0,0,0,0,0,0,0,0,0,0,0,0,0,0,0,0,0,0,0,0,0,0,0,0
0,0.148976520421494,0,0.0476199206365212,0.115768709113422,0.093408272931481,0.0476199206365212,0.0613432731147329,0,0,0,0.115648378688694,0.0384622300306098,0.115648378688694,0,0.0613432731147329,0.148976520421494,0.093408272931481,0.200063521369343,0.0280132767810044,0.0476199206365212,0.0476199206365212,0,0.148976520421494,0.0476199206365212,0.0322586368373393,0.0322586368373393,0.0384622300306098,0,0,0,0,0.115768709113422,0.0680322436110106,0.0680322436110106,0.115648378688694,0,0,0.115648378688694,0.148976520421494,0,0,0,0.0384622300306098,0,0,0.0892681146452845,0,0,0.078342403747824,0,0,0.093408272931481,0,0.0476199206365212,0,0,0,0.0613432731147329,0,0,0.115648378688694,0.115768709113422,0,0,0.0476199206365212,0.115648378688694,0.0476199206365212,0.0609274353162256,0.0560080001931739,0.0613432731147329,0.115648378688694,0,0,0,0.0892681146452845,0.0613432731147329,0.0613432731147329,0,0.0476199206365212,0,0,0.0476199206365212,0,0.0476199206365212,0.0250877674831517,0.115648378688694,0,0.673076438978573,0,0.115768709113422,0.0476199206365212,0,0,0,0,0.0476199206365212,0,0,0,0,0,0,0.078342403747824,0.0250877674831517,0.0280132767810044,0,0.114242844100718,0,0.0609274353162256,0,0,0,0,0,0.0560080001931739,0,0.115648378688694,0.171902619932726,0.093408272931481,0.093408272931481,0,0.093408272931481,0.0823790970344355,0,0,0,0,0,0,0.078342403747824,0,0.115768709113422,0.0613432731147329,0,0.093408272931481,0,0.0476199206365212,0.0613432731147329,0.115648378688694,0.0476199206365212,0.0476199206365212,0,0,0.0384622300306098,0.144176356477088,0.351665478053376,0,0.0476199206365212,0.0613432731147329,0.115648378688694,0.0322586368373393,0,0.115768709113422,0.284037401363075,0.0250877674831517,0.078342403747824,0.115648378688694,0.0322586368373393,0,0,1,0.093408272931481,0,0.093408272931481,0,0,0,0,0.351665478053376,0.115648378688694,0,0.0384622300306098,0.274166873716867,0.115648378688694,0,0.093408272931481,0,0.093408272931481,0.115648378688694,0.115768709113422,0,0,0,0,0,0.078342403747824,0.0476199206365212,0,0.0476199206365212,0.0384622300306098,0,0,0,0.0613432731147329,0,0,0,0,0,0,0.0613432731147329,0.0476199206365212,0.0613432731147329,0.0613432731147329,0.0613432731147329,0,0.0384622300306098,0,0,0,0.212831890191799,0,0,0,0,0,0,0.0322586368373393,0.0781973600772233,0,0.115648378688694,0,0.212831890191799,0.0322586368373393,0,0.0613432731147329,0,0,0.093408272931481,0.0476199206365212,0.148976520421494,0,0,0.34440859650897,0,0.115648378688694,0,0,0.0280132767810044,0,0.115648378688694,0,0,0.0724188282515526,0.0216548926727131,0.0280132767810044,0.0280132767810044,0.0680322436110106,0.0609274353162256,0.115648378688694,0,0,0,0,0,0,0.0322586368373393,0,0,0,0,0,0.093408272931481,0,0.093408272931481,0.115648378688694,0,0.093408272931481,0.144176356477088,0.093408272931481,0,0.0384622300306098,0,0.0280132767810044,0,0,0.0322586368373393,0.0781973600772233,0.0892681146452845,0,0,0.093408272931481,0,0,0.0476199206365212,0.100712305912714,0,0.078342403747824,0.078342403747824,0,0,0,0,0,0,0,0,0,0.148976520421494,0,0,0,0.0680322436110106,0,0,0.115648378688694,0,0.0680322436110106,0,0.093408272931481,0,0,0,0,0,0,0,0,0,0.0322586368373393,0.114242844100718,0,0,0,0,0,0,0.372579865945962,0.0384622300306098,0,0.0280132767810044,0.0476199206365212,0,0.0609274353162256,0,0,0,0,0,0,0.078342403747824,0,0,0,0,0,0.115648378688694,0,0,0.0680322436110106,0,0.093408272931481,0,0,0,0.114242844100718,0,0,0,0,0.0823790970344355,0,0.0476199206365212,0,0.0680322436110106,0,0.0476199206365212,0.0680322436110106,0,0,0.078342403747824,0.093408272931481,0,0,0.212831890191799,0,0,0.0476199206365212,0.093408272931481,0,0.078342403747824,0.212831890191799,0,0,0,0,0,0,0,0,0,0,0,0,0,0,0,0,0.0280132767810044,0.0476199206365212,0.549999174998487,0.114242844100718,0,0.212831890191799,0,0,0,0
0,0.453010235567401,0,0.0476199206365212,0.115768709113422,0.093408272931481,0.0476199206365212,0.0613432731147329,0,0,0,0.115648378688694,0.0384622300306098,0.115648378688694,0,0.0613432731147329,0.148976520421494,0.093408272931481,0.200063521369343,0.0280132767810044,0.0476199206365212,0.0476199206365212,0,0.148976520421494,0.0476199206365212,0.0322586368373393,0.0322586368373393,0.0384622300306098,0,0,0,0,0.115768709113422,0.323546929785103,0.323546929785103,0.115648378688694,0,0,0.115648378688694,0.148976520421494,0,0,0,0.0384622300306098,0,0,0.239298559427275,0,0,0.078342403747824,0,0,0.444229946263574,0,0.0476199206365212,0,0,0,0.0613432731147329,0,0,0.115648378688694,0.115768709113422,0,0,0.0476199206365212,0.115648378688694,0.0476199206365212,0.112126960792045,0.103073546573992,0.0613432731147329,0.115648378688694,0,0,0,0.271447940451988,0.0613432731147329,0.0613432731147329,0,0.0476199206365212,0,0,0.0476199206365212,0,0.0476199206365212,0.0250877674831517,0.115648378688694,0,0.093408272931481,0,0.115768709113422,0.0476199206365212,0,0,0,0,0.0476199206365212,0,0,0,0,0,0,0.078342403747824,0.0250877674831517,0.0280132767810044,0,0.114242844100718,0,0.112126960792045,0,0,0,0,0,0.103073546573992,0,0.549999174998487,0.093408272931481,0.093408272931481,0.171902619932726,0,0.093408272931481,0.0823790970344355,0,0,0,0,0,0,0.078342403747824,0,0.115768709113422,0.0613432731147329,0,0.284037401363075,0,0.0476199206365212,0.0613432731147329,0.115648378688694,0.0476199206365212,0.0476199206365212,0,0,0.0384622300306098,0.078342403747824,0.115648378688694,0,0.0476199206365212,0.0613432731147329,0.115648378688694,0.0322586368373393,0,0.115768709113422,0.093408272931481,0.0250877674831517,0.078342403747824,0.115648378688694,0.0322586368373393,0,0,0.093408272931481,1,0,0.171902619932726,0,0,0,0,0.115648378688694,0.115648378688694,0,0.0384622300306098,0.148976520421494,0.115648378688694,0,0.093408272931481,0,0.093408272931481,0.115648378688694,0.115768709113422,0,0,0,0,0,0.372579865945962,0.0476199206365212,0,0.0476199206365212,0.0384622300306098,0,0,0,0.0613432731147329,0,0,0,0,0,0,0.0613432731147329,0.0476199206365212,0.0613432731147329,0.0613432731147329,0.0613432731147329,0,0.0384622300306098,0,0,0,0.115648378688694,0,0,0,0,0,0,0.0322586368373393,0.0781973600772233,0,0.115648378688694,0,0.115648378688694,0.0322586368373393,0,0.0613432731147329,0,0,0.093408272931481,0.0476199206365212,0.148976520421494,0,0,0.34440859650897,0,0.115648378688694,0,0,0.0280132767810044,0,0.115648378688694,0,0,0.133274986446135,0.0216548926727131,0.0280132767810044,0.0280132767810044,0.323546929785103,0.28975796754489,0.115648378688694,0,0,0,0,0,0,0.0322586368373393,0,0,0,0,0,0.093408272931481,0,0.093408272931481,0.115648378688694,0,0.093408272931481,0.078342403747824,0.093408272931481,0,0.0384622300306098,0,0.0280132767810044,0,0,0.0322586368373393,0.0781973600772233,0.0892681146452845,0,0,0.093408272931481,0,0,0.0476199206365212,0.100712305912714,0,0.372579865945962,0.372579865945962,0,0,0,0,0,0,0,0,0,0.148976520421494,0,0,0,0.323546929785103,0,0,0.115648378688694,0,0.0680322436110106,0,0.093408272931481,0,0,0,0,0,0,0,0,0,0.0322586368373393,0.114242844100718,0,0,0,0,0,0,0.078342403747824,0.0384622300306098,0,0.0280132767810044,0.0476199206365212,0,0.112126960792045,0,0,0,0,0,0,0.078342403747824,0,0,0,0,0,0.115648378688694,0,0,0.0680322436110106,0,0.444229946263574,0,0,0,0.114242844100718,0,0,0,0,0.0823790970344355,0,0.0476199206365212,0,0.323546929785103,0,0.0476199206365212,0.490223176474009,0,0,0.078342403747824,0.093408272931481,0,0,0.115648378688694,0,0,0.0476199206365212,0.444229946263574,0,0.372579865945962,0.115648378688694,0,0,0,0,0,0,0,0,0,0,0,0,0,0,0,0,0.0280132767810044,0.0476199206365212,0.115648378688694,0.114242844100718,0,0.115648378688694,0,0,0,0
0,0,0,0,0,0,0,0,0,0,0,0,0,0,0,0,0,0,0,0,0,0,0,0,0,0,0,0,0,0,0,0,0,0,0,0,0,0,0,0,0,0,0,0,0,0,0,0,0,0,0,0,0,0,0,0,0,0,0,0,0,0,0,0,0,0,0,0,0,0,0,0,0,0,0,0,0,0,0,0,0,0,0,0,0,0,0,0,0,0,0,0,0,0,0,0,0,0,0,0,0,0,0,0,0,0,0,0,0,0,0,0,0,0,0,0,0,0,0,0,0,0,0,0,0,0,0,0,0,0,0,0,0,0,0,0,0,0,0,0,0,0,0,0,0,0,0,0,0,0,0,0,0,0,0,0,0,0,0,0,0,0,0,1,0,0,0,0,0,0,0,0,0,0,0,0,0,0,0,0,0,0,0,0,0,0,0,0,0,0,0,0,0,0,0,0,0,0,0,0,0,0,0,0,0,0,0,0,0,0,0,0,0,0,0,0,0,0,0,0,0,0,0,0,0,0,0,0,0,0,0,0,0,0,0,0,0,0,0,0,0,0,0,0,0,0,0,0,0,0,0,0,0,0,0,0,0,0,0,0,0,0,0,0,0,0,0,0,0,0,0,0,0,0,0,0,0,0,0,0,0,0,0,0,0,0,0,0,0,0,0,0,0,0,0,0,0,0,0,0,0,0,0,0,0,0,0,0,0,0,0,0,0,0,0,0,0,0,0,0,0,0,0,0,0,0,0,0,0,0,0,0,0,0,0,0,0,0,0,0,0,0,0,0,0,0,0,0,0,0,0,0,0,0,0,0,0,0,0,0,0,0,0,0,0,0,0,0,0,0,0,0,0,0,0,0,0,0,0,0,0,0,0,0,0,0,0,0,0,0,0,0,0,0,0,0,0,0,0,0,0,0,0,0,0,0,0,0,0
0,0.274166873716867,0,0.0476199206365212,0.115768709113422,0.093408272931481,0.0476199206365212,0.0613432731147329,0,0,0,0.115648378688694,0.0384622300306098,0.115648378688694,0,0.0613432731147329,0.148976520421494,0.093408272931481,0.200063521369343,0.0280132767810044,0.0476199206365212,0.0476199206365212,0,0.148976520421494,0.0476199206365212,0.0322586368373393,0.0322586368373393,0.0384622300306098,0,0,0,0,0.115768709113422,0.125202196225305,0.125202196225305,0.115648378688694,0,0,0.115648378688694,0.148976520421494,0,0,0,0.0384622300306098,0,0,0.15104535661434,0,0,0.078342403747824,0,0,0.171902619932726,0,0.0476199206365212,0,0,0,0.0613432731147329,0,0,0.115648378688694,0.115768709113422,0,0,0.0476199206365212,0.115648378688694,0.0476199206365212,0.112126960792045,0.103073546573992,0.0613432731147329,0.115648378688694,0,0,0,0.16428333703628,0.0613432731147329,0.0613432731147329,0,0.0476199206365212,0,0,0.0476199206365212,0,0.0476199206365212,0.0250877674831517,0.115648378688694,0,0.093408272931481,0,0.115768709113422,0.0476199206365212,0,0,0,0,0.0476199206365212,0,0,0,0,0,0,0.078342403747824,0.0250877674831517,0.0280132767810044,0,0.114242844100718,0,0.112126960792045,0,0,0,0,0,0.103073546573992,0,0.212831890191799,0.093408272931481,0.093408272931481,0.171902619932726,0,0.093408272931481,0.0823790970344355,0,0,0,0,0,0,0.078342403747824,0,0.115768709113422,0.0613432731147329,0,0.171902619932726,0,0.0476199206365212,0.0613432731147329,0.115648378688694,0.0476199206365212,0.0476199206365212,0,0,0.0384622300306098,0.078342403747824,0.115648378688694,0,0.0476199206365212,0.0613432731147329,0.115648378688694,0.0322586368373393,0,0.115768709113422,0.093408272931481,0.0250877674831517,0.078342403747824,0.115648378688694,0.0322586368373393,0,0,0.093408272931481,0.171902619932726,0,1,0,0,0,0,0.115648378688694,0.115648378688694,0,0.0384622300306098,0.148976520421494,0.115648378688694,0,0.093408272931481,0,0.093408272931481,0.115648378688694,0.115768709113422,0,0,0,0,0,0.144176356477088,0.0476199206365212,0,0.0476199206365212,0.0384622300306098,0,0,0,0.0613432731147329,0,0,0,0,0,0,0.0613432731147329,0.0476199206365212,0.0613432731147329,0.0613432731147329,0.0613432731147329,0,0.0384622300306098,0,0,0,0.115648378688694,0,0,0,0,0,0,0.0322586368373393,0.0781973600772233,0,0.115648378688694,0,0.115648378688694,0.0322586368373393,0,0.0613432731147329,0,0,0.093408272931481,0.0476199206365212,0.148976520421494,0,0,0.133274986446135,0,0.115648378688694,0,0,0.0280132767810044,0,0.115648378688694,0,0,0.220212355295538,0.0216548926727131,0.0280132767810044,0.0280132767810044,0.125202196225305,0.112126960792045,0.115648378688694,0,0,0,0,0,0,0.0322586368373393,0,0,0,0,0,0.093408272931481,0,0.093408272931481,0.115648378688694,0,0.093408272931481,0.078342403747824,0.093408272931481,0,0.0384622300306098,0,0.0280132767810044,0,0,0.0322586368373393,0.0781973600772233,0.0892681146452845,0,0,0.093408272931481,0,0,0.0476199206365212,0.100712305912714,0,0.144176356477088,0.144176356477088,0,0,0,0,0,0,0,0,0,0.148976520421494,0,0,0,0.125202196225305,0,0,0.115648378688694,0,0.0680322436110106,0,0.093408272931481,0,0,0,0,0,0,0,0,0,0.0322586368373393,0.114242844100718,0,0,0,0,0,0,0.078342403747824,0.0384622300306098,0,0.0280132767810044,0.0476199206365212,0,0.112126960792045,0,0,0,0,0,0,0.078342403747824,0,0,0,0,0,0.115648378688694,0,0,0.0680322436110106,0,0.171902619932726,0,0,0,0.114242844100718,0,0,0,0,0.0823790970344355,0,0.0476199206365212,0,0.125202196225305,0,0.0476199206365212,0.125202196225305,0,0,0.078342403747824,0.093408272931481,0,0,0.115648378688694,0,0,0.0476199206365212,0.171902619932726,0,0.144176356477088,0.115648378688694,0,0,0,0,0,0,0,0,0,0,0,0,0,0,0,0,0.0280132767810044,0.0476199206365212,0.115648378688694,0.114242844100718,0,0.115648378688694,0,0,0,0
0,0,0,0,0,0,0,0,0,0,0,0,0,0,0,0,0,0,0,0,0,0,0,0,0,0,0,0,0,0,0,0,0,0,0,0,0,0,0,0,0,0,0,0,0,0,0,0,0,0,0,0,0,0,0,0,0,0,0,0,0,0,0,0,0,0,0,0,0,0,0,0,0,0,0,0,0,0,0,0,0,0,0,0,0,0,0,0,0,0,0,0,0,0,0,0,0,0,0,0,0,0,0,0,0,0,0,0,0,0,0,0,0,0,0,0,0,0,0,0,0,0,0,0,0,0,0,0,0,0,0,0,0,0,0,0,0,0,0,0,0,0,0,0,0,0,0,0,0,0,0,0,0,0,0,0,0,0,0,0,0,0,0,0,0,1,0,0,0,0,0,0,0,0,0,0,0,0,0,0,0,0,0,0,0,0,0,0,0,0,0,0,0,0,0,0,0,0,0,0,0,0,0,0,0,0,0,0,0,0,0,0,0,0,0,0,0,0,0,0,0,0,0,0,0,0,0,0,0,0,0,0,0,0,0,0,0,0,0,0,0,0,0,0,0,0,0,0,0,0,0,0,0,0,0,0,0,0,0,0,0,0,0,0,0,0,0,0,0,0,0,0,0,0,0,0,0,0,0,0,0,0,0,0,0,0,0,0,0,0,0,0,0,0,0,0,0,0,0,0,0,0,0,0,0,0,0,0,0,0,0,0,0,0,0,0,0,0,0,0,0,0,0,0,0,0,0,0,0,0,0,0,0,0,0,0,0,0,0,0,0,0,0,0,0,0,0,0,0,0,0,0,0,0,0,0,0,0,0,0,0,0,0,0,0,0,0,0,0,0,0,0,0,0,0,0,0,0,0,0,0,0,0,0,0,0,0,0,0,0,0,0,0,0,0,0,0,0,0,0,0,0,0,0,0,0,0,0,0
0,0,0,0,0,0,0,0,0,0,0,0,0,0,0,0,0,0,0,0,0,0,0,0,0,0,0,0,0,0,0,0,0,0,0,0,0,0,0,0,0,0,0,0,0,0,0,0,0,0,0,0,0,0,0,0,0,0,0,0,0,0,0,0,0,0,0,0,0,0,0,0,0,0,0,0,0,0,0,0,0,0,0,0,0,0,0,0,0,0,0,0,0,0,0,0,0,0,0,0,0,0,0,0,0,0,0,0,0,0,0,0,0,0,0,0,0,0,0,0,0,0,0,0,0,0,0,0,0,0,0,0,0,0,0,0,0,0,0,0,0,0,0,0,0,0,0,0,0,0,0,0,0,0,0,0,0,0,0,0,0,0,0,0,0,0,1,0,0,0,0,0,0,0,0,0,0,0,0,0,0,0,0,0,0,0,0,0,0,0,0,0,0,0,0,0,0,0,0,0,0,0,0,0,0,0,0,0,0,0,0,0,0,0,0,0,0,0,0,0,0,0,0,0,0,0,0,0,0,0,0,0,0,0,0,0,0,0,0,0,0,0,0,0,0,0,0,0,0,0,0,0,0,0,0,0,0,0,0,0,0,0,0,0,0,0,0,0,0,0,0,0,0,0,0,0,0,0,0,0,0,0,0,0,0,0,0,0,0,0,0,0,0,0,0,0,0,0,0,0,0,0,0,0,0,0,0,0,0,0,0,0,0,0,0,0,0,0,0,0,0,0,0,0,0,0,0,0,0,0,0,0,0,0,0,0,0,0,0,0,0,0,0,0,0,0,0,0,0,0,0,0,0,0,0,0,0,0,0,0,0,0,0,0,0,0,0,0,0,0,0,0,0,0,0,0,0,0,0,0,0,0,0,0,0,0,0,0,0,0,0,0,0,0,0,0,0,0,0,0,0,0,0,0,0,0,0,0,0
0,0,0,0,0,0,0,0,0,0,0,0,0,0,0,0,0,0,0,0,0,0,0,0,0,0,0,0,0,0,0,0,0,0,0,0,0,0,0,0,0,0,0,0,0,0,0,0,0,0,0,0,0,0,0,0,0,0,0,0,0,0,0,0,0,0,0,0,0,0,0,0,0,0,0,0,0,0,0,0,0,0,0,0,0,0,0,0,0,0,0,0,0,0,0,0,0,0,0,0,0,0,0,0,0,0,0,0,0,0,0,0,0,0,0,0,0,0,0,0,0,0,0,0,0,0,0,0,0,0,0,0,0,0,0,0,0,0,0,0,0,0,0,0,0,0,0,0,0,0,0,0,0,0,0,0,0,0,0,0,0,0,0,0,0,0,0,1,0,0,0,0,0,0,0,0,0,0,0,0,0,0,0,0,0,0,0,0,0,0,0,0,0,0,0,0,0,0,0,0,0,0,0,0,0,0,0,0,0,0,0,0,0,0,0,0,0,0,0,0,0,0,0,0,0,0,0,0,0,0,0,0,0,0,0,0,0,0,0,0,0,0,0,0,0,0,0,0,0,0,0,0,0,0,0,0,0,0,0,0,0,0,0,0,0,0,0,0,0,0,0,0,0,0,0,0,0,0,0,0,0,0,0,0,0,0,0,0,0,0,0,0,0,0,0,0,0,0,0,0,0,0,0,0,0,0,0,0,0,0,0,0,0,0,0,0,0,0,0,0,0,0,0,0,0,0,0,0,0,0,0,0,0,0,0,0,0,0,0,0,0,0,0,0,0,0,0,0,0,0,0,0,0,0,0,0,0,0,0,0,0,0,0,0,0,0,0,0,0,0,0,0,0,0,0,0,0,0,0,0,0,0,0,0,0,0,0,0,0,0,0,0,0,0,0,0,0,0,0,0,0,0,0,0,0,0,0,0,0
0,0,0,0,0,0,0,0,0,0,0,0,0,0,0,0,0,0,0,0,0,0,0,0,0,0,0,0,0,0,0,0,0,0,0,0,0,0,0,0,0,0,0,0,0,0,0,0,0,0,0,0,0,0,0,0,0,0,0,0,0,0,0,0,0,0,0,0,0,0,0,0,0,0,0,0,0,0,0,0,0,0,0,0,0,0,0,0,0,0,0,0,0,0,0,0,0,0,0,0,0,0,0,0,0,0,0,0,0,0,0,0,0,0,0,0,0,0,0,0,0,0,0,0,0,0,0,0,0,0,0,0,0,0,0,0,0,0,0,0,0,0,0,0,0,0,0,0,0,0,0,0,0,0,0,0,0,0,0,0,0,0,0,0,0,0,0,0,1,0,0,0,0,0,0,0,0,0,0,0,0,0,0,0,0,0,0,0,0,0,0,0,0,0,0,0,0,0,0,0,0,0,0,0,0,0,0,0,0,0,0,0,0,0,0,0,0,0,0,0,0,0,0,0,0,0,0,0,0,0,0,0,0,0,0,0,0,0,0,0,0,0,0,0,0,0,0,0,0,0,0,0,0,0,0,0,0,0,0,0,0,0,0,0,0,0,0,0,0,0,0,0,0,0,0,0,0,0,0,0,0,0,0,0,0,0,0,0,0,0,0,0,0,0,0,0,0,0,0,0,0,0,0,0,0,0,0,0,0,0,0,0,0,0,0,0,0,0,0,0,0,0,0,0,0,0,0,0,0,0,0,0,0,0,0,0,0,0,0,0,0,0,0,0,0,0,0,0,0,0,0,0,0,0,0,0,0,0,0,0,0,0,0,0,0,0,0,0,0,0,0,0,0,0,0,0,0,0,0,0,0,0,0,0,0,0,0,0,0,0,0,0,0,0,0,0,0,0,0,0,0,0,0,0,0,0,0,0,0
0,0.173472727049999,0,0.0571439257166366,0.128249502550101,0.115648378688694,0.0571439257166366,0.0714299464323527,0,0,0,0.138778105311832,0.0476199206365212,0.138778105311832,0,0.0714299464323527,0.173472727049999,0.115648378688694,0.226732089065557,0.0367619429090039,0.0571439257166366,0.0571439257166366,0,0.173472727049999,0.0571439257166366,0.041172338956928,0.041172338956928,0.0476199206365212,0,0,0,0,0.128249502550101,0.0892790042075809,0.0892790042075809,0.138778105311832,0,0,0.138778105311832,0.173472727049999,0,0,0,0.0476199206365212,0,0,0.106635281577545,0,0,0.0999899660382537,0,0,0.115648378688694,0,0.0571439257166366,0,0,0,0.0714299464323527,0,0,0.138778105311832,0.128249502550101,0,0,0.0571439257166366,0.138778105311832,0.0571439257166366,0.0819002213950383,0.0767921451378269,0.0714299464323527,0.138778105311832,0,0,0,0.106635281577545,0.0714299464323527,0.0714299464323527,0,0.0571439257166366,0,0,0.0571439257166366,0,0.0571439257166366,0.0337236205744276,0.138778105311832,0,0.351665478053376,0,0.128249502550101,0.0571439257166366,0,0,0,0,0.0571439257166366,0,0,0,0,0,0,0.0999899660382537,0.0337236205744276,0.0367619429090039,0,0.132392281936114,0,0.0819002213950383,0,0,0,0,0,0.0767921451378269,0,0.138778105311832,0.212831890191799,0.115648378688694,0.115648378688694,0,0.115648378688694,0.0933602719681705,0,0,0,0,0,0,0.0999899660382537,0,0.128249502550101,0.0714299464323527,0,0.115648378688694,0,0.0571439257166366,0.0714299464323527,0.138778105311832,0.0571439257166366,0.0571439257166366,0,0,0.0476199206365212,0.184015147583005,0.421998728397202,0,0.0571439257166366,0.0714299464323527,0.138778105311832,0.041172338956928,0,0.128249502550101,0.351665478053376,0.0337236205744276,0.0999899660382537,0.138778105311832,0.041172338956928,0,0,0.351665478053376,0.115648378688694,0,0.115648378688694,0,0,0,0,1,0.138778105311832,0,0.0476199206365212,0.319248127932352,0.138778105311832,0,0.115648378688694,0,0.115648378688694,0.138778105311832,0.128249502550101,0,0,0,0,0,0.0999899660382537,0.0571439257166366,0,0.0571439257166366,0.0476199206365212,0,0,0,0.0714299464323527,0,0,0,0,0,0,0.0714299464323527,0.0571439257166366,0.0714299464323527,0.0714299464323527,0.0714299464323527,0,0.0476199206365212,0,0,0,0.255398361876396,0,0,0,0,0,0,0.041172338956928,0.0965076580784755,0,0.138778105311832,0,0.255398361876396,0.041172338956928,0,0.0714299464323527,0,0,0.115648378688694,0.0571439257166366,0.173472727049999,0,0,0.271447940451988,0,0.138778105311832,0,0,0.0367619429090039,0,0.138778105311832,0,0,0.0892681146452845,0.0301593188641145,0.0367619429090039,0.0367619429090039,0.0892790042075809,0.0819002213950383,0.138778105311832,0,0,0,0,0,0,0.041172338956928,0,0,0,0,0,0.115648378688694,0,0.115648378688694,0.138778105311832,0,0.115648378688694,0.184015147583005,0.115648378688694,0,0.0476199206365212,0,0.0367619429090039,0,0,0.041172338956928,0.0965076580784755,0.106635281577545,0,0,0.115648378688694,0,0,0.0571439257166366,0.118649138482538,0,0.0999899660382537,0.0999899660382537,0,0,0,0,0,0,0,0,0,0.173472727049999,0,0,0,0.0892790042075809,0,0,0.138778105311832,0,0.0892790042075809,0,0.115648378688694,0,0,0,0,0,0,0,0,0,0.041172338956928,0.132392281936114,0,0,0,0,0,0,0.304051121218363,0.0476199206365212,0,0.0367619429090039,0.0571439257166366,0,0.0819002213950383,0,0,0,0,0,0,0.0999899660382537,0,0,0,0,0,0.138778105311832,0,0,0.0892790042075809,0,0.115648378688694,0,0,0,0.132392281936114,0,0,0,0,0.0933602719681705,0,0.0571439257166366,0,0.0892790042075809,0,0.0571439257166366,0.0892790042075809,0,0,0.0999899660382537,0.115648378688694,0,0,0.255398361876396,0,0,0.0571439257166366,0.115648378688694,0,0.0999899660382537,0.255398361876396,0,0,0,0,0,0,0,0,0,0,0,0,0,0,0,0,0.0367619429090039,0.0571439257166366,0.421998728397202,0.132392281936114,0,0.255398361876396,0,0,0,0
0,0.173472727049999,0,0.0571439257166366,0.128249502550101,0.115648378688694,0.0571439257166366,0.0714299464323527,0,0,0,0.138778105311832,0.0476199206365212,0.659999251998354,0,0.0714299464323527,0.824999518748676,0.115648378688694,0.226732089065557,0.0367619429090039,0.0571439257166366,0.0571439257166366,0,0.173472727049999,0.0571439257166366,0.041172338956928,0.041172338956928,0.0476199206365212,0,0,0,0,0.128249502550101,0.0892790042075809,0.0892790042075809,0.138778105311832,0,0,0.138778105311832,0.173472727049999,0,0,0,0.0476199206365212,0,0,0.106635281577545,0,0,0.0999899660382537,0,0,0.115648378688694,0,0.0571439257166366,0,0,0,0.0714299464323527,0,0,0.138778105311832,0.128249502550101,0,0,0.0571439257166366,0.138778105311832,0.0571439257166366,0.0819002213950383,0.0767921451378269,0.0714299464323527,0.138778105311832,0,0,0,0.106635281577545,0.0714299464323527,0.0714299464323527,0,0.0571439257166366,0,0,0.0571439257166366,0,0.0571439257166366,0.0337236205744276,0.138778105311832,0,0.115648378688694,0,0.128249502550101,0.0571439257166366,0,0,0,0,0.0571439257166366,0,0,0,0,0,0,0.0999899660382537,0.0337236205744276,0.0367619429090039,0,0.480458425321575,0,0.0819002213950383,0,0,0,0,0,0.0767921451378269,0,0.138778105311832,0.115648378688694,0.115648378688694,0.115648378688694,0,0.115648378688694,0.0933602719681705,0,0,0,0,0,0,0.0999899660382537,0,0.128249502550101,0.0714299464323527,0,0.115648378688694,0,0.0571439257166366,0.0714299464323527,0.138778105311832,0.0571439257166366,0.0571439257166366,0,0,0.0476199206365212,0.0999899660382537,0.138778105311832,0,0.0571439257166366,0.0714299464323527,0.138778105311832,0.041172338956928,0,0.128249502550101,0.115648378688694,0.0337236205744276,0.47553108355459,0.255398361876396,0.041172338956928,0,0,0.115648378688694,0.115648378688694,0,0.115648378688694,0,0,0,0,0.138778105311832,1,0,0.0476199206365212,0.173472727049999,0.138778105311832,0,0.212831890191799,0,0.549999174998487,0.255398361876396,0.128249502550101,0,0,0,0,0,0.0999899660382537,0.0571439257166366,0,0.0571439257166366,0.0476199206365212,0,0,0,0.0714299464323527,0,0,0,0,0,0,0.0714299464323527,0.0571439257166366,0.0714299464323527,0.0714299464323527,0.0714299464323527,0,0.0476199206365212,0,0,0,0.138778105311832,0,0,0,0,0,0,0.041172338956928,0.177606530413329,0,0.138778105311832,0,0.138778105311832,0.041172338956928,0,0.0714299464323527,0,0,0.115648378688694,0.0571439257166366,0.173472727049999,0,0,0.0892681146452845,0,0.255398361876396,0,0,0.0367619429090039,0,0.659999251998354,0,0,0.424540231045856,0.0301593188641145,0.0367619429090039,0.0367619429090039,0.0892790042075809,0.0819002213950383,0.138778105311832,0,0,0,0,0,0,0.041172338956928,0,0,0,0,0,0.212831890191799,0,0.212831890191799,0.138778105311832,0,0.115648378688694,0.0999899660382537,0.212831890191799,0,0.0476199206365212,0,0.0367619429090039,0,0,0.041172338956928,0.177606530413329,0.447059868537929,0,0,0.115648378688694,0,0,0.0571439257166366,0.118649138482538,0,0.0999899660382537,0.0999899660382537,0,0,0,0,0,0,0,0,0,0.173472727049999,0,0,0,0.0892790042075809,0,0,0.138778105311832,0,0.0892790042075809,0,0.115648378688694,0,0,0,0,0,0,0,0,0,0.041172338956928,0.132392281936114,0,0,0,0,0,0,0.0999899660382537,0.0476199206365212,0,0.0367619429090039,0.0571439257166366,0,0.0819002213950383,0,0,0,0,0,0,0.0999899660382537,0,0,0,0,0,0.138778105311832,0,0,0.0892790042075809,0,0.115648378688694,0,0,0,0.480458425321575,0,0,0,0,0.0933602719681705,0,0.0571439257166366,0,0.0892790042075809,0,0.0571439257166366,0.0892790042075809,0,0,0.0999899660382537,0.549999174998487,0,0,0.138778105311832,0,0,0.0571439257166366,0.115648378688694,0,0.0999899660382537,0.138778105311832,0,0,0,0,0,0,0,0,0,0,0,0,0,0,0,0,0.0367619429090039,0.0571439257166366,0.138778105311832,0.480458425321575,0,0.138778105311832,0,0,0,0
0,0,0,0,0,0,0,0,0,0,0,0,0,0,0,0,0,0,0,0,0,0,0,0,0,0,0,0,0,0,0,0,0,0,0,0,0,0,0,0,0,0,0,0,0,0,0,0,0,0,0,0,0,0,0,0,0,0,0,0,0,0,0,0,0,0,0,0,0,0,0,0,0,0,0,0,0,0,0,0,0,0,0,0,0,0,0,0,0,0,0,0,0,0,0,0,0,0,0,0,0,0,0,0,0,0,0,0,0,0,0,0,0,0,0,0,0,0,0,0,0,0,0,0,0,0,0,0,0,0,0,0,0,0,0,0,0,0,0,0,0,0,0,0,0,0,0,0,0,0,0,0,0,0,0,0,0,0,0,0,0,0,0,0,0,0,0,0,0,0,0,1,0,0,0,0,0,0,0,0,0,0,0,0,0,0,0,0,0,0,0,0,0,0,0,0,0,0,0,0,0,0,0,0,0,0,0,0,0,0,0,0,0,0,0,0,0,0,0,0,0,0,0,0,0,0,0,0,0,0,0,0,0,0,0,0,0,0,0,0,0,0,0,0,0,0,0,0,0,0,0,0,0,0,0,0,0,0,0,0,0,0,0,0,0,0,0,0,0,0,0,0,0,0,0,0,0,0,0,0,0,0,0,0,0,0,0,0,0,0,0,0,0,0,0,0,0,0,0,0,0,0,0,0,0,0,0,0,0,0,0,0,0,0,0,0,0,0,0,0,0,0,0,0,0,0,0,0,0,0,0,0,0,0,0,0,0,0,0,0,0,0,0,0,0,0,0,0,0,0,0,0,0,0,0,0,0,0,0,0,0,0,0,0,0,0,0,0,0,0,0,0,0,0,0,0,0,0,0,0,0,0,0,0,0,0,0,0,0,0,0,0,0,0,0,0,0,0,0,0,0,0,0,0,0,0,0,0,0
0,0.0613432731147329,0,0.0476199206365212,0.115768709113422,0.0384622300306098,0.0476199206365212,0.0613432731147329,0,0,0,0.0476199206365212,0.0384622300306098,0.0476199206365212,0,0.0613432731147329,0.0613432731147329,0.0384622300306098,0.0823790970344355,0.206873557102869,0.549999174998487,0.0476199206365212,0,0.0613432731147329,0.351665478053376,0.238224860376036,0.238224860376036,0.0384622300306098,0,0,0,0,0.115768709113422,0.0280132767810044,0.0280132767810044,0.0476199206365212,0,0,0.0476199206365212,0.0613432731147329,0,0,0,0.0384622300306098,0,0,0.046024045266946,0,0,0.0322586368373393,0,0,0.0384622300306098,0,0.351665478053376,0,0,0,0.0613432731147329,0,0,0.0476199206365212,0.115768709113422,0,0,0.351665478053376,0.0476199206365212,0.0476199206365212,0.0250877674831517,0.023062117726601,0.274166873716867,0.0476199206365212,0,0,0,0.0367574589715877,0.0613432731147329,0.0613432731147329,0,0.0476199206365212,0,0,0.0476199206365212,0,0.0476199206365212,0.439027721118709,0.0476199206365212,0,0.0384622300306098,0,0.115768709113422,0.0476199206365212,0,0,0,0,0.0476199206365212,0,0,0,0,0,0,0.0322586368373393,0.185269140043217,0.206873557102869,0,0.0470411711002957,0,0.0250877674831517,0,0,0,0,0,0.023062117726601,0,0.0476199206365212,0.0384622300306098,0.0384622300306098,0.0384622300306098,0,0.0384622300306098,0.0823790970344355,0,0,0,0,0,0,0.0322586368373393,0,0.115768709113422,0.0613432731147329,0,0.0384622300306098,0,0.0476199206365212,0.148976520421494,0.0476199206365212,0.0476199206365212,0.0476199206365212,0,0,0.284037401363075,0.0322586368373393,0.0476199206365212,0,0.0476199206365212,0.0613432731147329,0.0476199206365212,0.238224860376036,0,0.115768709113422,0.0384622300306098,0.185269140043217,0.0322586368373393,0.0476199206365212,0.238224860376036,0,0,0.0384622300306098,0.0384622300306098,0,0.0384622300306098,0,0,0,0,0.0476199206365212,0.0476199206365212,0,1,0.0613432731147329,0.0476199206365212,0,0.0384622300306098,0,0.0384622300306098,0.0476199206365212,0.115768709113422,0,0,0,0,0,0.0322586368373393,0.0476199206365212,0,0.351665478053376,0.0384622300306098,0,0,0,0.0613432731147329,0,0,0,0,0,0,0.0613432731147329,0.0476199206365212,0.0613432731147329,0.0613432731147329,0.0613432731147329,0,0.0384622300306098,0,0,0,0.0476199206365212,0,0,0,0,0,0,0.144176356477088,0.0321989129729743,0,0.0476199206365212,0,0.0476199206365212,0.238224860376036,0,0.0613432731147329,0,0,0.0384622300306098,0.0476199206365212,0.0613432731147329,0,0,0.0298195175153452,0,0.0476199206365212,0,0,0.206873557102869,0,0.0476199206365212,0,0,0.0298195175153452,0.159917910029103,0.206873557102869,0.206873557102869,0.0280132767810044,0.0250877674831517,0.0476199206365212,0,0,0,0,0,0,0.238224860376036,0,0,0,0,0,0.0384622300306098,0,0.0384622300306098,0.0476199206365212,0,0.0384622300306098,0.0322586368373393,0.0384622300306098,0,0.284037401363075,0,0.206873557102869,0,0,0.238224860376036,0.0321989129729743,0.0367574589715877,0,0,0.0384622300306098,0,0,0.0476199206365212,0.0470411711002957,0,0.0322586368373393,0.0322586368373393,0,0,0,0,0,0,0,0,0,0.0613432731147329,0,0,0,0.0280132767810044,0,0,0.0476199206365212,0,0.0280132767810044,0,0.0384622300306098,0,0,0,0,0,0,0,0,0,0.078342403747824,0.0470411711002957,0,0,0,0,0,0,0.0322586368373393,0.284037401363075,0,0.206873557102869,0.0476199206365212,0,0.0250877674831517,0,0,0,0,0,0,0.0322586368373393,0,0,0,0,0,0.0476199206365212,0,0,0.0280132767810044,0,0.0384622300306098,0,0,0,0.0470411711002957,0,0,0,0,0.0823790970344355,0,0.0476199206365212,0,0.0280132767810044,0,0.351665478053376,0.0280132767810044,0,0,0.0322586368373393,0.0384622300306098,0,0,0.0476199206365212,0,0,0.0476199206365212,0.0384622300306098,0,0.0322586368373393,0.0476199206365212,0,0,0,0,0,0,0,0,0,0,0,0,0,0,0,0,0.206873557102869,0.351665478053376,0.0476199206365212,0.0470411711002957,0,0.0476199206365212,0,0,0,0
0,0.21027009483971,0,0.0714299464323527,0.147105639620399,0.148976520421494,0.0714299464323527,0.0865818037575277,0,0,0,0.173472727049999,0.0613432731147329,0.173472727049999,0,0.0865818037575277,0.21027009483971,0.148976520421494,0.266881513729481,0.0498579928542293,0.0714299464323527,0.0714299464323527,0,0.21027009483971,0.0714299464323527,0.0545213728963117,0.0545213728963117,0.0613432731147329,0,0,0,0,0.147105639620399,0.1210836969317,0.1210836969317,0.173472727049999,0,0,0.173472727049999,0.21027009483971,0,0,0,0.0613432731147329,0,0,0.132392281936114,0,0,0.132409048462471,0,0,0.148976520421494,0,0.0714299464323527,0,0,0,0.0865818037575277,0,0,0.173472727049999,0.147105639620399,0,0,0.0714299464323527,0.173472727049999,0.0714299464323527,0.113285175146291,0.107888206387495,0.0865818037575277,0.173472727049999,0,0,0,0.132392281936114,0.0865818037575277,0.0865818037575277,0,0.0714299464323527,0,0,0.0714299464323527,0,0.0714299464323527,0.0466468368249435,0.173472727049999,0,0.274166873716867,0,0.147105639620399,0.0714299464323527,0,0,0,0,0.0714299464323527,0,0,0,0,0,0,0.132409048462471,0.0466468368249435,0.0498579928542293,0,0.159332176574263,0,0.113285175146291,0,0,0,0,0,0.107888206387495,0,0.173472727049999,0.274166873716867,0.148976520421494,0.148976520421494,0,0.148976520421494,0.109892388006257,0,0,0,0,0,0,0.132409048462471,0,0.147105639620399,0.0865818037575277,0,0.148976520421494,0,0.0714299464323527,0.0865818037575277,0.173472727049999,0.0714299464323527,0.0714299464323527,0,0,0.0613432731147329,0.243677156414128,0.319248127932352,0,0.0714299464323527,0.0865818037575277,0.173472727049999,0.0545213728963117,0,0.147105639620399,0.274166873716867,0.0466468368249435,0.132409048462471,0.173472727049999,0.0545213728963117,0,0,0.274166873716867,0.148976520421494,0,0.148976520421494,0,0,0,0,0.319248127932352,0.173472727049999,0,0.0613432731147329,1,0.173472727049999,0,0.148976520421494,0,0.148976520421494,0.173472727049999,0.147105639620399,0,0,0,0,0,0.132409048462471,0.0714299464323527,0,0.0714299464323527,0.0613432731147329,0,0,0,0.0865818037575277,0,0,0,0,0,0,0.0865818037575277,0.0714299464323527,0.0865818037575277,0.0865818037575277,0.0865818037575277,0,0.0613432731147329,0,0,0,0.319248127932352,0,0,0,0,0,0,0.0545213728963117,0.123729567373249,0,0.173472727049999,0,0.527498700621427,0.0545213728963117,0,0.0865818037575277,0,0,0.148976520421494,0.0714299464323527,0.21027009483971,0,0,0.210245234101322,0,0.173472727049999,0,0,0.0498579928542293,0,0.173472727049999,0,0,0.114242844100718,0.0428812849891,0.0498579928542293,0.0498579928542293,0.1210836969317,0.113285175146291,0.173472727049999,0,0,0,0,0,0,0.0545213728963117,0,0,0,0,0,0.148976520421494,0,0.148976520421494,0.173472727049999,0,0.148976520421494,0.243677156414128,0.148976520421494,0,0.0613432731147329,0,0.0498579928542293,0,0,0.0545213728963117,0.123729567373249,0.132392281936114,0,0,0.148976520421494,0,0,0.0714299464323527,0.145273455111828,0,0.132409048462471,0.132409048462471,0,0,0,0,0,0,0,0,0,0.21027009483971,0,0,0,0.1210836969317,0,0,0.173472727049999,0,0.1210836969317,0,0.148976520421494,0,0,0,0,0,0,0,0,0,0.0545213728963117,0.159332176574263,0,0,0,0,0,0,0.243677156414128,0.0613432731147329,0,0.0498579928542293,0.0714299464323527,0,0.113285175146291,0,0,0,0,0,0,0.132409048462471,0,0,0,0,0,0.173472727049999,0,0,0.1210836969317,0,0.148976520421494,0,0,0,0.159332176574263,0,0,0,0,0.109892388006257,0,0.0714299464323527,0,0.1210836969317,0,0.0714299464323527,0.1210836969317,0,0,0.132409048462471,0.148976520421494,0,0,0.319248127932352,0,0,0.0714299464323527,0.148976520421494,0,0.132409048462471,0.527498700621427,0,0,0,0,0,0,0,0,0,0,0,0,0,0,0,0,0.0498579928542293,0.0714299464323527,0.319248127932352,0.159332176574263,0,0.527498700621427,0,0,0,0
0,0.173472727049999,0,0.0571439257166366,0.128249502550101,0.115648378688694,0.0571439257166366,0.0714299464323527,0,0,0,0.421998728397202,0.0476199206365212,0.138778105311832,0,0.0714299464323527,0.173472727049999,0.212831890191799,0.226732089065557,0.0367619429090039,0.0571439257166366,0.0571439257166366,0,0.527498700621427,0.0571439257166366,0.041172338956928,0.041172338956928,0.0476199206365212,0,0,0,0,0.128249502550101,0.0892790042075809,0.0892790042075809,0.421998728397202,0,0,0.421998728397202,0.173472727049999,0,0,0,0.0476199206365212,0,0,0.106635281577545,0,0,0.0999899660382537,0,0,0.115648378688694,0,0.0571439257166366,0,0,0,0.0714299464323527,0,0,0.138778105311832,0.128249502550101,0,0,0.0571439257166366,0.138778105311832,0.0571439257166366,0.0819002213950383,0.0767921451378269,0.0714299464323527,0.138778105311832,0,0,0,0.106635281577545,0.0714299464323527,0.0714299464323527,0,0.0571439257166366,0,0,0.0571439257166366,0,0.0571439257166366,0.0337236205744276,0.659999251998354,0,0.115648378688694,0,0.128249502550101,0.0571439257166366,0,0,0,0,0.0571439257166366,0,0,0,0,0,0,0.0999899660382537,0.0337236205744276,0.0367619429090039,0,0.132392281936114,0,0.0819002213950383,0,0,0,0,0,0.0767921451378269,0,0.138778105311832,0.115648378688694,0.115648378688694,0.115648378688694,0,0.115648378688694,0.0933602719681705,0,0,0,0,0,0,0.0999899660382537,0,0.128249502550101,0.0714299464323527,0,0.115648378688694,0,0.0571439257166366,0.0714299464323527,0.421998728397202,0.0571439257166366,0.0571439257166366,0,0,0.0476199206365212,0.0999899660382537,0.138778105311832,0,0.0571439257166366,0.0714299464323527,0.421998728397202,0.041172338956928,0,0.128249502550101,0.115648378688694,0.0337236205744276,0.0999899660382537,0.138778105311832,0.041172338956928,0,0,0.115648378688694,0.115648378688694,0,0.115648378688694,0,0,0,0,0.138778105311832,0.138778105311832,0,0.0476199206365212,0.173472727049999,1,0,0.115648378688694,0,0.115648378688694,0.138778105311832,0.128249502550101,0,0,0,0,0,0.0999899660382537,0.0571439257166366,0,0.0571439257166366,0.0476199206365212,0,0,0,0.0714299464323527,0,0,0,0,0,0,0.0714299464323527,0.0571439257166366,0.0714299464323527,0.0714299464323527,0.0714299464323527,0,0.0476199206365212,0,0,0,0.138778105311832,0,0,0,0,0,0,0.041172338956928,0.0965076580784755,0,0.138778105311832,0,0.138778105311832,0.041172338956928,0,0.0714299464323527,0,0,0.115648378688694,0.0571439257166366,0.173472727049999,0,0,0.0892681146452845,0,0.138778105311832,0,0,0.0367619429090039,0,0.138778105311832,0,0,0.0892681146452845,0.0301593188641145,0.0367619429090039,0.0367619429090039,0.0892790042075809,0.0819002213950383,0.138778105311832,0,0,0,0,0,0,0.041172338956928,0,0,0,0,0,0.115648378688694,0,0.115648378688694,0.138778105311832,0,0.115648378688694,0.0999899660382537,0.115648378688694,0,0.0476199206365212,0,0.0367619429090039,0,0,0.041172338956928,0.0965076580784755,0.106635281577545,0,0,0.115648378688694,0,0,0.0571439257166366,0.118649138482538,0,0.0999899660382537,0.0999899660382537,0,0,0,0,0,0,0,0,0,0.173472727049999,0,0,0,0.0892790042075809,0,0,0.138778105311832,0,0.0892790042075809,0,0.115648378688694,0,0,0,0,0,0,0,0,0,0.041172338956928,0.132392281936114,0,0,0,0,0,0,0.0999899660382537,0.0476199206365212,0,0.0367619429090039,0.0571439257166366,0,0.0819002213950383,0,0,0,0,0,0,0.0999899660382537,0,0,0,0,0,0.421998728397202,0,0,0.0892790042075809,0,0.115648378688694,0,0,0,0.132392281936114,0,0,0,0,0.0933602719681705,0,0.0571439257166366,0,0.0892790042075809,0,0.0571439257166366,0.0892790042075809,0,0,0.0999899660382537,0.115648378688694,0,0,0.138778105311832,0,0,0.0571439257166366,0.115648378688694,0,0.0999899660382537,0.138778105311832,0,0,0,0,0,0,0,0,0,0,0,0,0,0,0,0,0.0367619429090039,0.0571439257166366,0.138778105311832,0.132392281936114,0,0.138778105311832,0,0,0,0
0,0,0,0,0,0,0,0,0,0,0,0,0,0,0,0,0,0,0,0,0,0,0,0,0,0,0,0,0,0,0,0,0,0,0,0,0,0,0,0,0,0,0,0,0,0,0,0,0,0,0,0,0,0,0,0,0,0,0,0,0,0,0,0,0,0,0,0,0,0,0,0,0,0,0,0,0,0,0,0,0,0,0,0,0,0,0,0,0,0,0,0,0,0,0,0,0,0,0,0,0,0,0,0,0,0,0,0,0,0,0,0,0,0,0,0,0,0,0,0,0,0,0,0,0,0,0,0,0,0,0,0,0,0,0,0,0,0,0,0,0,0,0,0,0,0,0,0,0,0,0,0,0,0,0,0,0,0,0,0,0,0,0,0,0,0,0,0,0,0,0,0,0,0,0,1,0,0,0,0,0,0,0,0,0,0,0,0,0,0,0,0,0,0,0,0,0,0,0,0,0,0,0,0,0,0,0,0,0,0,0,0,0,0,0,0,0,0,0,0,0,0,0,0,0,0,0,0,0,0,0,0,0,0,0,0,0,0,0,0,0,0,0,0,0,0,0,0,0,0,0,0,0,0,0,0,0,0,0,0,0,0,0,0,0,0,0,0,0,0,0,0,0,0,0,0,0,0,0,0,0,0,0,0,0,0,0,0,0,0,0,0,0,0,0,0,0,0,0,0,0,0,0,0,0,0,0,0,0,0,0,0,0,0,0,0,0,0,0,0,0,0,0,0,0,0,0,0,0,0,0,0,0,0,0,0,0,0,0,0,0,0,0,0,0,0,0,0,0,0,0,0,0,0,0,0,0,0,0,0,0,0,0,0,0,0,0,0,0,0,0,0,0,0,0,0,0,0,0,0,0,0,0,0,0,0,0,0,0,0,0,0,0,0,0,0,0,0,0,0,0,0,0,0,0,0,0,0,0
0,0.148976520421494,0,0.0476199206365212,0.115768709113422,0.093408272931481,0.0476199206365212,0.0613432731147329,0,0,0,0.115648378688694,0.0384622300306098,0.212831890191799,0,0.0613432731147329,0.274166873716867,0.093408272931481,0.200063521369343,0.0280132767810044,0.0476199206365212,0.0476199206365212,0,0.148976520421494,0.0476199206365212,0.0322586368373393,0.0322586368373393,0.0384622300306098,0,0,0,0,0.115768709113422,0.0680322436110106,0.0680322436110106,0.115648378688694,0,0,0.115648378688694,0.148976520421494,0,0,0,0.0384622300306098,0,0,0.0892681146452845,0,0,0.078342403747824,0,0,0.093408272931481,0,0.0476199206365212,0,0,0,0.0613432731147329,0,0,0.115648378688694,0.115768709113422,0,0,0.0476199206365212,0.115648378688694,0.0476199206365212,0.0609274353162256,0.0560080001931739,0.0613432731147329,0.115648378688694,0,0,0,0.0892681146452845,0.0613432731147329,0.0613432731147329,0,0.0476199206365212,0,0,0.0476199206365212,0,0.0476199206365212,0.0250877674831517,0.115648378688694,0,0.093408272931481,0,0.115768709113422,0.0476199206365212,0,0,0,0,0.0476199206365212,0,0,0,0,0,0,0.078342403747824,0.0250877674831517,0.0280132767810044,0,0.177385355644739,0,0.0609274353162256,0,0,0,0,0,0.0560080001931739,0,0.115648378688694,0.093408272931481,0.093408272931481,0.093408272931481,0,0.093408272931481,0.0823790970344355,0,0,0,0,0,0,0.078342403747824,0,0.115768709113422,0.0613432731147329,0,0.093408272931481,0,0.0476199206365212,0.0613432731147329,0.115648378688694,0.0476199206365212,0.0476199206365212,0,0,0.0384622300306098,0.078342403747824,0.115648378688694,0,0.0476199206365212,0.0613432731147329,0.115648378688694,0.0322586368373393,0,0.115768709113422,0.093408272931481,0.0250877674831517,0.144176356477088,0.549999174998487,0.0322586368373393,0,0,0.093408272931481,0.093408272931481,0,0.093408272931481,0,0,0,0,0.115648378688694,0.212831890191799,0,0.0384622300306098,0.148976520421494,0.115648378688694,0,1,0,0.171902619932726,0.351665478053376,0.115768709113422,0,0,0,0,0,0.078342403747824,0.0476199206365212,0,0.0476199206365212,0.0384622300306098,0,0,0,0.0613432731147329,0,0,0,0,0,0,0.0613432731147329,0.0476199206365212,0.0613432731147329,0.0613432731147329,0.0613432731147329,0,0.0384622300306098,0,0,0,0.115648378688694,0,0,0,0,0,0,0.0322586368373393,0.563470440106639,0,0.115648378688694,0,0.115648378688694,0.0322586368373393,0,0.0613432731147329,0,0,0.093408272931481,0.0476199206365212,0.148976520421494,0,0,0.0724188282515526,0,0.212831890191799,0,0,0.0280132767810044,0,0.212831890191799,0,0,0.133274986446135,0.0216548926727131,0.0280132767810044,0.0280132767810044,0.0680322436110106,0.0609274353162256,0.115648378688694,0,0,0,0,0,0,0.0322586368373393,0,0,0,0,0,0.284037401363075,0,0.284037401363075,0.115648378688694,0,0.093408272931481,0.078342403747824,0.284037401363075,0,0.0384622300306098,0,0.0280132767810044,0,0,0.0322586368373393,0.563470440106639,0.15104535661434,0,0,0.093408272931481,0,0,0.0476199206365212,0.100712305912714,0,0.078342403747824,0.078342403747824,0,0,0,0,0,0,0,0,0,0.148976520421494,0,0,0,0.0680322436110106,0,0,0.115648378688694,0,0.0680322436110106,0,0.093408272931481,0,0,0,0,0,0,0,0,0,0.0322586368373393,0.114242844100718,0,0,0,0,0,0,0.078342403747824,0.0384622300306098,0,0.0280132767810044,0.0476199206365212,0,0.0609274353162256,0,0,0,0,0,0,0.078342403747824,0,0,0,0,0,0.115648378688694,0,0,0.0680322436110106,0,0.093408272931481,0,0,0,0.177385355644739,0,0,0,0,0.0823790970344355,0,0.0476199206365212,0,0.0680322436110106,0,0.0476199206365212,0.0680322436110106,0,0,0.078342403747824,0.171902619932726,0,0,0.115648378688694,0,0,0.0476199206365212,0.093408272931481,0,0.078342403747824,0.115648378688694,0,0,0,0,0,0,0,0,0,0,0,0,0,0,0,0,0.0280132767810044,0.0476199206365212,0.115648378688694,0.177385355644739,0,0.115648378688694,0,0,0,0
0,0,0,0,0,0,0,0,0,0,0,0,0,0,0,0,0,0,0,0,0,0,0,0,0,0,0,0,0,0,0,0,0,0,0,0,0,0,0,0,0,0,0,0,0,0,0,0,0,0,0,0,0,0,0,0,0,0,0,0,0,0,0,0,0,0,0,0,0,0,0,0,0,0,0,0,0,0,0,0,0,0,0,0,0,0,0,0,0,0,0,0,0,0,0,0,0,0,0,0,0,0,0,0,0,0,0,0,0,0,0,0,0,0,0,0,0,0,0,0,0,0,0,0,0,0,0,0,0,0,0,0,0,0,0,0,0,0,0,0,0,0,0,0,0,0,0,0,0,0,0,0,0,0,0,0,0,0,0,0,0,0,0,0,0,0,0,0,0,0,0,0,0,0,0,0,0,1,0,0,0,0,0,0,0,0,0,0,0,0,0,0,0,0,0,0,0,0,0,0,0,0,0,0,0,0,0,0,0,0,0,0,0,0,0,0,0,0,0,0,0,0,0,0,0,0,0,0,0,0,0,0,0,0,0,0,0,0,0,0,0,0,0,0,0,0,0,0,0,0,0,0,0,0,0,0,0,0,0,0,0,0,0,0,0,0,0,0,0,0,0,0,0,0,0,0,0,0,0,0,0,0,0,0,0,0,0,0,0,0,0,0,0,0,0,0,0,0,0,0,0,0,0,0,0,0,0,0,0,0,0,0,0,0,0,0,0,0,0,0,0,0,0,0,0,0,0,0,0,0,0,0,0,0,0,0,0,0,0,0,0,0,0,0,0,0,0,0,0,0,0,0,0,0,0,0,0,0,0,0,0,0,0,0,0,0,0,0,0,0,0,0,0,0,0,0,0,0,0,0,0,0,0,0,0,0,0,0,0,0,0,0,0,0,0,0,0,0,0,0,0,0,0,0,0,0,0,0,0
0,0.148976520421494,0,0.0476199206365212,0.115768709113422,0.093408272931481,0.0476199206365212,0.0613432731147329,0,0,0,0.115648378688694,0.0384622300306098,0.549999174998487,0,0.0613432731147329,0.708500752496734,0.093408272931481,0.200063521369343,0.0280132767810044,0.0476199206365212,0.0476199206365212,0,0.148976520421494,0.0476199206365212,0.0322586368373393,0.0322586368373393,0.0384622300306098,0,0,0,0,0.115768709113422,0.0680322436110106,0.0680322436110106,0.115648378688694,0,0,0.115648378688694,0.148976520421494,0,0,0,0.0384622300306098,0,0,0.0892681146452845,0,0,0.078342403747824,0,0,0.093408272931481,0,0.0476199206365212,0,0,0,0.0613432731147329,0,0,0.115648378688694,0.115768709113422,0,0,0.0476199206365212,0.115648378688694,0.0476199206365212,0.0609274353162256,0.0560080001931739,0.0613432731147329,0.115648378688694,0,0,0,0.0892681146452845,0.0613432731147329,0.0613432731147329,0,0.0476199206365212,0,0,0.0476199206365212,0,0.0476199206365212,0.0250877674831517,0.115648378688694,0,0.093408272931481,0,0.115768709113422,0.0476199206365212,0,0,0,0,0.0476199206365212,0,0,0,0,0,0,0.078342403747824,0.0250877674831517,0.0280132767810044,0,0.396451212021955,0,0.0609274353162256,0,0,0,0,0,0.0560080001931739,0,0.115648378688694,0.093408272931481,0.093408272931481,0.093408272931481,0,0.093408272931481,0.0823790970344355,0,0,0,0,0,0,0.078342403747824,0,0.115768709113422,0.0613432731147329,0,0.093408272931481,0,0.0476199206365212,0.0613432731147329,0.115648378688694,0.0476199206365212,0.0476199206365212,0,0,0.0384622300306098,0.078342403747824,0.115648378688694,0,0.0476199206365212,0.0613432731147329,0.115648378688694,0.0322586368373393,0,0.115768709113422,0.093408272931481,0.0250877674831517,0.564515588188714,0.212831890191799,0.0322586368373393,0,0,0.093408272931481,0.093408272931481,0,0.093408272931481,0,0,0,0,0.115648378688694,0.549999174998487,0,0.0384622300306098,0.148976520421494,0.115648378688694,0,0.171902619932726,0,1,0.212831890191799,0.115768709113422,0,0,0,0,0,0.078342403747824,0.0476199206365212,0,0.0476199206365212,0.0384622300306098,0,0,0,0.0613432731147329,0,0,0,0,0,0,0.0613432731147329,0.0476199206365212,0.0613432731147329,0.0613432731147329,0.0613432731147329,0,0.0384622300306098,0,0,0,0.115648378688694,0,0,0,0,0,0,0.0322586368373393,0.143909427369008,0,0.115648378688694,0,0.115648378688694,0.0322586368373393,0,0.0613432731147329,0,0,0.093408272931481,0.0476199206365212,0.148976520421494,0,0,0.0724188282515526,0,0.212831890191799,0,0,0.0280132767810044,0,0.549999174998487,0,0,0.34440859650897,0.0216548926727131,0.0280132767810044,0.0280132767810044,0.0680322436110106,0.0609274353162256,0.115648378688694,0,0,0,0,0,0,0.0322586368373393,0,0,0,0,0,0.171902619932726,0,0.171902619932726,0.115648378688694,0,0.093408272931481,0.078342403747824,0.171902619932726,0,0.0384622300306098,0,0.0280132767810044,0,0,0.0322586368373393,0.143909427369008,0.365374563445755,0,0,0.093408272931481,0,0,0.0476199206365212,0.100712305912714,0,0.078342403747824,0.078342403747824,0,0,0,0,0,0,0,0,0,0.148976520421494,0,0,0,0.0680322436110106,0,0,0.115648378688694,0,0.0680322436110106,0,0.093408272931481,0,0,0,0,0,0,0,0,0,0.0322586368373393,0.114242844100718,0,0,0,0,0,0,0.078342403747824,0.0384622300306098,0,0.0280132767810044,0.0476199206365212,0,0.0609274353162256,0,0,0,0,0,0,0.078342403747824,0,0,0,0,0,0.115648378688694,0,0,0.0680322436110106,0,0.093408272931481,0,0,0,0.396451212021955,0,0,0,0,0.0823790970344355,0,0.0476199206365212,0,0.0680322436110106,0,0.0476199206365212,0.0680322436110106,0,0,0.078342403747824,0.444229946263574,0,0,0.115648378688694,0,0,0.0476199206365212,0.093408272931481,0,0.078342403747824,0.115648378688694,0,0,0,0,0,0,0,0,0,0,0,0,0,0,0,0,0.0280132767810044,0.0476199206365212,0.115648378688694,0.396451212021955,0,0.115648378688694,0,0,0,0
0,0.173472727049999,0,0.0571439257166366,0.128249502550101,0.115648378688694,0.0571439257166366,0.0714299464323527,0,0,0,0.138778105311832,0.0476199206365212,0.255398361876396,0,0.0714299464323527,0.319248127932352,0.115648378688694,0.226732089065557,0.0367619429090039,0.0571439257166366,0.0571439257166366,0,0.173472727049999,0.0571439257166366,0.041172338956928,0.041172338956928,0.0476199206365212,0,0,0,0,0.128249502550101,0.0892790042075809,0.0892790042075809,0.138778105311832,0,0,0.138778105311832,0.173472727049999,0,0,0,0.0476199206365212,0,0,0.106635281577545,0,0,0.0999899660382537,0,0,0.115648378688694,0,0.0571439257166366,0,0,0,0.0714299464323527,0,0,0.138778105311832,0.128249502550101,0,0,0.0571439257166366,0.138778105311832,0.0571439257166366,0.0819002213950383,0.0767921451378269,0.0714299464323527,0.138778105311832,0,0,0,0.106635281577545,0.0714299464323527,0.0714299464323527,0,0.0571439257166366,0,0,0.0571439257166366,0,0.0571439257166366,0.0337236205744276,0.138778105311832,0,0.115648378688694,0,0.128249502550101,0.0571439257166366,0,0,0,0,0.0571439257166366,0,0,0,0,0,0,0.0999899660382537,0.0337236205744276,0.0367619429090039,0,0.21027009483971,0,0.0819002213950383,0,0,0,0,0,0.0767921451378269,0,0.138778105311832,0.115648378688694,0.115648378688694,0.115648378688694,0,0.115648378688694,0.0933602719681705,0,0,0,0,0,0,0.0999899660382537,0,0.128249502550101,0.0714299464323527,0,0.115648378688694,0,0.0571439257166366,0.0714299464323527,0.138778105311832,0.0571439257166366,0.0571439257166366,0,0,0.0476199206365212,0.0999899660382537,0.138778105311832,0,0.0571439257166366,0.0714299464323527,0.138778105311832,0.041172338956928,0,0.128249502550101,0.115648378688694,0.0337236205744276,0.184015147583005,0.421998728397202,0.041172338956928,0,0,0.115648378688694,0.115648378688694,0,0.115648378688694,0,0,0,0,0.138778105311832,0.255398361876396,0,0.0476199206365212,0.173472727049999,0.138778105311832,0,0.351665478053376,0,0.212831890191799,1,0.128249502550101,0,0,0,0,0,0.0999899660382537,0.0571439257166366,0,0.0571439257166366,0.0476199206365212,0,0,0,0.0714299464323527,0,0,0,0,0,0,0.0714299464323527,0.0571439257166366,0.0714299464323527,0.0714299464323527,0.0714299464323527,0,0.0476199206365212,0,0,0,0.138778105311832,0,0,0,0,0,0,0.041172338956928,0.293462062320262,0,0.138778105311832,0,0.138778105311832,0.041172338956928,0,0.0714299464323527,0,0,0.115648378688694,0.0571439257166366,0.173472727049999,0,0,0.0892681146452845,0,0.255398361876396,0,0,0.0367619429090039,0,0.255398361876396,0,0,0.16428333703628,0.0301593188641145,0.0367619429090039,0.0367619429090039,0.0892790042075809,0.0819002213950383,0.138778105311832,0,0,0,0,0,0,0.041172338956928,0,0,0,0,0,0.549999174998487,0,0.351665478053376,0.138778105311832,0,0.115648378688694,0.0999899660382537,0.549999174998487,0,0.0476199206365212,0,0.0367619429090039,0,0,0.041172338956928,0.293462062320262,0.18280333984722,0,0,0.115648378688694,0,0,0.0571439257166366,0.118649138482538,0,0.0999899660382537,0.0999899660382537,0,0,0,0,0,0,0,0,0,0.173472727049999,0,0,0,0.0892790042075809,0,0,0.138778105311832,0,0.0892790042075809,0,0.115648378688694,0,0,0,0,0,0,0,0,0,0.041172338956928,0.132392281936114,0,0,0,0,0,0,0.0999899660382537,0.0476199206365212,0,0.0367619429090039,0.0571439257166366,0,0.0819002213950383,0,0,0,0,0,0,0.0999899660382537,0,0,0,0,0,0.138778105311832,0,0,0.0892790042075809,0,0.115648378688694,0,0,0,0.21027009483971,0,0,0,0,0.0933602719681705,0,0.0571439257166366,0,0.0892790042075809,0,0.0571439257166366,0.0892790042075809,0,0,0.0999899660382537,0.212831890191799,0,0,0.138778105311832,0,0,0.0571439257166366,0.115648378688694,0,0.0999899660382537,0.138778105311832,0,0,0,0,0,0,0,0,0,0,0,0,0,0,0,0,0.0367619429090039,0.0571439257166366,0.138778105311832,0.21027009483971,0,0.138778105311832,0,0,0,0
0,0.147105639620399,0,0.128249502550101,0.54337899543379,0.115768709113422,0.128249502550101,0.147105639620399,0,0,0,0.128249502550101,0.115768709113422,0.128249502550101,0,0.147105639620399,0.147105639620399,0.115768709113422,0.176370950666949,0.10162667835798,0.128249502550101,0.128249502550101,0,0.147105639620399,0.128249502550101,0.107359912685637,0.107359912685637,0.115768709113422,0,0,0,0,0.54337899543379,0.10162667835798,0.10162667835798,0.128249502550101,0,0,0.128249502550101,0.147105639620399,0,0,0,0.115768709113422,0,0,0.105746154191537,0,0,0.107359912685637,0,0,0.115768709113422,0,0.128249502550101,0,0,0,0.147105639620399,0,0,0.128249502550101,0.54337899543379,0,0,0.128249502550101,0.128249502550101,0.128249502550101,0.0976858574475728,0.0949619587666687,0.147105639620399,0.128249502550101,0,0,0,0.0953134799189487,0.147105639620399,0.147105639620399,0,0.128249502550101,0,0,0.128249502550101,0,0.128249502550101,0.0976858574475728,0.128249502550101,0,0.115768709113422,0,0.223744292237443,0.128249502550101,0,0,0,0,0.128249502550101,0,0,0,0,0,0,0.107359912685637,0.0976858574475728,0.10162667835798,0,0.108384549152341,0,0.0976858574475728,0,0,0,0,0,0.0949619587666687,0,0.128249502550101,0.115768709113422,0.115768709113422,0.115768709113422,0,0.115768709113422,0.176370950666949,0,0,0,0,0,0,0.107359912685637,0,0.54337899543379,0.147105639620399,0,0.115768709113422,0,0.128249502550101,0.147105639620399,0.128249502550101,0.128249502550101,0.128249502550101,0,0,0.115768709113422,0.107359912685637,0.128249502550101,0,0.128249502550101,0.147105639620399,0.128249502550101,0.107359912685637,0,0.54337899543379,0.115768709113422,0.0976858574475728,0.107359912685637,0.128249502550101,0.107359912685637,0,0,0.115768709113422,0.115768709113422,0,0.115768709113422,0,0,0,0,0.128249502550101,0.128249502550101,0,0.115768709113422,0.147105639620399,0.128249502550101,0,0.115768709113422,0,0.115768709113422,0.128249502550101,1,0,0,0,0,0,0.107359912685637,0.128249502550101,0,0.128249502550101,0.115768709113422,0,0,0,0.147105639620399,0,0,0,0,0,0,0.147105639620399,0.128249502550101,0.147105639620399,0.147105639620399,0.147105639620399,0,0.115768709113422,0,0,0,0.128249502550101,0,0,0,0,0,0,0.107359912685637,0.0943727413365712,0,0.128249502550101,0,0.128249502550101,0.107359912685637,0,0.147105639620399,0,0,0.115768709113422,0.128249502550101,0.147105639620399,0,0,0.0865360309624762,0,0.128249502550101,0,0,0.10162667835798,0,0.128249502550101,0,0,0.0865360309624762,0.0930719467558259,0.10162667835798,0.10162667835798,0.10162667835798,0.0976858574475728,0.128249502550101,0,0,0,0,0,0,0.107359912685637,0,0,0,0,0,0.115768709113422,0,0.115768709113422,0.128249502550101,0,0.115768709113422,0.107359912685637,0.115768709113422,0,0.115768709113422,0,0.10162667835798,0,0,0.107359912685637,0.0943727413365712,0.0953134799189487,0,0,0.115768709113422,0,0,0.128249502550101,0.108384549152341,0,0.107359912685637,0.107359912685637,0,0,0,0,0,0,0,0,0,0.147105639620399,0,0,0,0.10162667835798,0,0,0.128249502550101,0,0.10162667835798,0,0.115768709113422,0,0,0,0,0,0,0,0,0,0.107359912685637,0.108384549152341,0,0,0,0,0,0,0.107359912685637,0.115768709113422,0,0.10162667835798,0.128249502550101,0,0.0976858574475728,0,0,0,0,0,0,0.107359912685637,0,0,0,0,0,0.128249502550101,0,0,0.10162667835798,0,0.115768709113422,0,0,0,0.108384549152341,0,0,0,0,0.176370950666949,0,0.128249502550101,0,0.10162667835798,0,0.128249502550101,0.10162667835798,0,0,0.107359912685637,0.115768709113422,0,0,0.128249502550101,0,0,0.128249502550101,0.115768709113422,0,0.107359912685637,0.128249502550101,0,0,0,0,0,0,0,0,0,0,0,0,0,0,0,0,0.10162667835798,0.128249502550101,0.128249502550101,0.108384549152341,0,0.128249502550101,0,0,0,0
0,0,0,0,0,0,0,0,0,0,0,0,0,0,0,0,0,0,0,0,0,0,0,0,0,0,0,0,0,0,0,0,0,0,0,0,0,0,0,0,0,0,0,0,0,0,0,0,0,0,0,0,0,0,0,0,0,0,0,0,0,0,0,0,0,0,0,0,0,0,0,0,0,0,0,0,0,0,0,0,0,0,0,0,0,0,0,0,0,0,0,0,0,0,0,0,0,0,0,0,0,0,0,0,0,0,0,0,0,0,0,0,0,0,0,0,0,0,0,0,0,0,0,0,0,0,0,0,0,0,0,0,0,0,0,0,0,0,0,0,0,0,0,0,0,0,0,0,0,0,0,0,0,0,0,0,0,0,0,0,0,0,0,0,0,0,0,0,0,0,0,0,0,0,0,0,0,0,0,0,0,1,0,0,0,0,0,0,0,0,0,0,0,0,0,0,0,0,0,0,0,0,0,0,0,0,0,0,0,0,0,0,0,0,0,0,0,0,0,0,0,0,0,0,0,0,0,0,0,0,0,0,0,0,0,0,0,0,0,0,0,0,0,0,0,0,0,0,0,0,0,0,0,0,0,0,0,0,0,0,0,0,0,0,0,0,0,0,0,0,0,0,0,0,0,0,0,0,0,0,0,0,0,0,0,0,0,0,0,0,0,0,0,0,0,0,0,0,0,0,0,0,0,0,0,0,0,0,0,0,0,0,0,0,0,0,0,0,0,0,0,0,0,0,0,0,0,0,0,0,0,0,0,0,0,0,0,0,0,0,0,0,0,0,0,0,0,0,0,0,0,0,0,0,0,0,0,0,0,0,0,0,0,0,0,0,0,0,0,0,0,0,0,0,0,0,0,0,0,0,0,0,0,0,0,0,0,0,0,0,0,0,0,0,0,0,0,0,0,0,0,0,0,0,0,0,0,0,0
0,0,0,0,0,0,0,0,0,0,0,0,0,0,0,0,0,0,0,0,0,0,0,0,0,0,0,0,0,0,0,0,0,0,0,0,0,0,0,0,0,0,0,0,0,0,0,0,0,0,0,0,0,0,0,0,0,0,0,0,0,0,0,0,0,0,0,0,0,0,0,0,0,0,0,0,0,0,0,0,0,0,0,0,0,0,0,0,0,0,0,0,0,0,0,0,0,0,0,0,0,0,0,0,0,0,0,0,0,0,0,0,0,0,0,0,0,0,0,0,0,0,0,0,0,0,0,0,0,0,0,0,0,0,0,0,0,0,0,0,0,0,0,0,0,0,0,0,0,0,0,0,0,0,0,0,0,0,0,0,0,0,0,0,0,0,0,0,0,0,0,0,0,0,0,0,0,0,0,0,0,0,1,0,0,0,0,0,0,0,0,0,0,0,0,0,0,0,0,0,0,0,0,0,0,0,0,0,0,0,0,0,0,0,0,0,0,0,0,0,0,0,0,0,0,0,0,0,0,0,0,0,0,0,0,0,0,0,0,0,0,0,0,0,0,0,0,0,0,0,0,0,0,0,0,0,0,0,0,0,0,0,0,0,0,0,0,0,0,0,0,0,0,0,0,0,0,0,0,0,0,0,0,0,0,0,0,0,0,0,0,0,0,0,0,0,0,0,0,0,0,0,0,0,0,0,0,0,0,0,0,0,0,0,0,0,0,0,0,0,0,0,0,0,0,0,0,0,0,0,0,0,0,0,0,0,0,0,0,0,0,0,0,0,0,0,0,0,0,0,0,0,0,0,0,0,0,0,0,0,0,0,0,0,0,0,0,0,0,0,0,0,0,0,0,0,0,0,0,0,0,0,0,0,0,0,0,0,0,0,0,0,0,0,0,0,0,0,0,0,0,0,0,0,0,0,0,0,0
0,0,0,0,0,0,0,0,0,0,0,0,0,0,0,0,0,0,0,0,0,0,0,0,0,0,0,0,0,0,0,0,0,0,0,0,0,0,0,0,0,0,0,0,0,0,0,0,0,0,0,0,0,0,0,0,0,0,0,0,0,0,0,0,0,0,0,0,0,0,0,0,0,0,0,0,0,0,0,0,0,0,0,0,0,0,0,0,0,0,0,0,0,0,0,0,0,0,0,0,0,0,0,0,0,0,0,0,0,0,0,0,0,0,0,0,0,0,0,0,0,0,0,0,0,0,0,0,0,0,0,0,0,0,0,0,0,0,0,0,0,0,0,0,0,0,0,0,0,0,0,0,0,0,0,0,0,0,0,0,0,0,0,0,0,0,0,0,0,0,0,0,0,0,0,0,0,0,0,0,0,0,0,1,0,0,0,0,0,0,0,0,0,0,0,0,0,0,0,0,0,0,0,0,0,0,0,0,0,0,0,0,0,0,0,0,0,0,0,0,0,0,0,0,0,0,0,0,0,0,0,0,0,0,0,0,0,0,0,0,0,0,0,0,0,0,0,0,0,0,0,0,0,0,0,0,0,0,0,0,0,0,0,0,0,0,0,0,0,0,0,0,0,0,0,0,0,0,0,0,0,0,0,0,0,0,0,0,0,0,0,0,0,0,0,0,0,0,0,0,0,0,0,0,0,0,0,0,0,0,0,0,0,0,0,0,0,0,0,0,0,0,0,0,0,0,0,0,0,0,0,0,0,0,0,0,0,0,0,0,0,0,0,0,0,0,0,0,0,0,0,0,0,0,0,0,0,0,0,0,0,0,0,0,0,0,0,0,0,0,0,0,0,0,0,0,0,0,0,0,0,0,0,0,0,0,0,0,0,0,0,0,0,0,0,0,0,0,0,0,0,0,0,0,0,0,0,0,0
0,0,0,0,0,0,0,0,0,0,0,0,0,0,0,0,0,0,0,0,0,0,0,0,0,0,0,0,0,0,0,0,0,0,0,0,0,0,0,0,0,0,0,0,0,0,0,0,0,0,0,0,0,0,0,0,0,0,0,0,0,0,0,0,0,0,0,0,0,0,0,0,0,0,0,0,0,0,0,0,0,0,0,0,0,0,0,0,0,0,0,0,0,0,0,0,0,0,0,0,0,0,0,0,0,0,0,0,0,0,0,0,0,0,0,0,0,0,0,0,0,0,0,0,0,0,0,0,0,0,0,0,0,0,0,0,0,0,0,0,0,0,0,0,0,0,0,0,0,0,0,0,0,0,0,0,0,0,0,0,0,0,0,0,0,0,0,0,0,0,0,0,0,0,0,0,0,0,0,0,0,0,0,0,1,0,0,0,0,0,0,0,0,0,0,0,0,0,0,0,0,0,0,0,0,0,0,0,0,0,0,0,0,0,0,0,0,0,0,0,0,0,0,0,0,0,0,0,0,0,0,0,0,0,0,0,0,0,0,0,0,0,0,0,0,0,0,0,0,0,0,0,0,0,0,0,0,0,0,0,0,0,0,0,0,0,0,0,0,0,0,0,0,0,0,0,0,0,0,0,0,0,0,0,0,0,0,0,0,0,0,0,0,0,0,0,0,0,0,0,0,0,0,0,0,0,0,0,0,0,0,0,0,0,0,0,0,0,0,0,0,0,0,0,0,0,0,0,0,0,0,0,0,0,0,0,0,0,0,0,0,0,0,0,0,0,0,0,0,0,0,0,0,0,0,0,0,0,0,0,0,0,0,0,0,0,0,0,0,0,0,0,0,0,0,0,0,0,0,0,0,0,0,0,0,0,0,0,0,0,0,0,0,0,0,0,0,0,0,0,0,0,0,0,0,0,0,0,0
0,0,0,0,0,0,0,0,0,0,0,0,0,0,0,0,0,0,0,0,0,0,0,0,0,0,0,0,0,0,0,0,0,0,0,0,0,0,0,0,0,0,0,0,0,0,0,0,0,0,0,0,0,0,0,0,0,0,0,0,0,0,0,0,0,0,0,0,0,0,0,0,0,0,0,0,0,0,0,0,0,0,0,0,0,0,0,0,0,0,0,0,0,0,0,0,0,0,0,0,0,0,0,0,0,0,0,0,0,0,0,0,0,0,0,0,0,0,0,0,0,0,0,0,0,0,0,0,0,0,0,0,0,0,0,0,0,0,0,0,0,0,0,0,0,0,0,0,0,0,0,0,0,0,0,0,0,0,0,0,0,0,0,0,0,0,0,0,0,0,0,0,0,0,0,0,0,0,0,0,0,0,0,0,0,1,0,0,0,0,0,0,0,0,0,0,0,0,0,0,0,0,0,0,0,0,0,0,0,0,0,0,0,0,0,0,0,0,0,0,0,0,0,0,0,0,0,0,0,0,0,0,0,0,0,0,0,0,0,0,0,0,0,0,0,0,0,0,0,0,0,0,0,0,0,0,0,0,0,0,0,0,0,0,0,0,0,0,0,0,0,0,0,0,0,0,0,0,0,0,0,0,0,0,0,0,0,0,0,0,0,0,0,0,0,0,0,0,0,0,0,0,0,0,0,0,0,0,0,0,0,0,0,0,0,0,0,0,0,0,0,0,0,0,0,0,0,0,0,0,0,0,0,0,0,0,0,0,0,0,0,0,0,0,0,0,0,0,0,0,0,0,0,0,0,0,0,0,0,0,0,0,0,0,0,0,0,0,0,0,0,0,0,0,0,0,0,0,0,0,0,0,0,0,0,0,0,0,0,0,0,0,0,0,0,0,0,0,0,0,0,0,0,0,0,0,0,0,0
0,0.402631596345066,0,0.041172338956928,0.107359912685637,0.078342403747824,0.041172338956928,0.0545213728963117,0,0,0,0.0999899660382537,0.0322586368373393,0.0999899660382537,0,0.0545213728963117,0.132409048462471,0.078342403747824,0.182053533683929,0.0220824020542819,0.041172338956928,0.041172338956928,0,0.132409048462471,0.041172338956928,0.0262176875118606,0.0262176875118606,0.0322586368373393,0,0,0,0,0.107359912685637,0.255046685284169,0.255046685284169,0.0999899660382537,0,0,0.0999899660382537,0.132409048462471,0,0,0,0.0322586368373393,0,0,0.203609553136231,0,0,0.0636715268145186,0,0,0.372579865945962,0,0.041172338956928,0,0,0,0.0545213728963117,0,0,0.0999899660382537,0.107359912685637,0,0,0.041172338956928,0.0999899660382537,0.041172338956928,0.0859560008870281,0.077134283672798,0.0545213728963117,0.0999899660382537,0,0,0,0.235421888921278,0.0545213728963117,0.0545213728963117,0,0.041172338956928,0,0,0.041172338956928,0,0.041172338956928,0.0192321645820291,0.0999899660382537,0,0.078342403747824,0,0.107359912685637,0.041172338956928,0,0,0,0,0.041172338956928,0,0,0,0,0,0,0.0636715268145186,0.0192321645820291,0.0220824020542819,0,0.101868774864881,0,0.0859560008870281,0,0,0,0,0,0.077134283672798,0,0.47553108355459,0.078342403747824,0.078342403747824,0.144176356477088,0,0.078342403747824,0.074963219752206,0,0,0,0,0,0,0.0636715268145186,0,0.107359912685637,0.0545213728963117,0,0.238224860376036,0,0.041172338956928,0.0545213728963117,0.0999899660382537,0.041172338956928,0.041172338956928,0,0,0.0322586368373393,0.0636715268145186,0.0999899660382537,0,0.041172338956928,0.0545213728963117,0.0999899660382537,0.0262176875118606,0,0.107359912685637,0.078342403747824,0.0192321645820291,0.0636715268145186,0.0999899660382537,0.0262176875118606,0,0,0.078342403747824,0.372579865945962,0,0.144176356477088,0,0,0,0,0.0999899660382537,0.0999899660382537,0,0.0322586368373393,0.132409048462471,0.0999899660382537,0,0.078342403747824,0,0.078342403747824,0.0999899660382537,0.107359912685637,0,0,0,0,0,1,0.041172338956928,0,0.041172338956928,0.0322586368373393,0,0,0,0.0545213728963117,0,0,0,0,0,0,0.0545213728963117,0.041172338956928,0.0545213728963117,0.0545213728963117,0.0545213728963117,0,0.0322586368373393,0,0,0,0.0999899660382537,0,0,0,0,0,0,0.0262176875118606,0.0657270373610538,0,0.0999899660382537,0,0.0999899660382537,0.0262176875118606,0,0.0545213728963117,0,0,0.078342403747824,0.041172338956928,0.132409048462471,0,0,0.28972351166686,0,0.0999899660382537,0,0,0.0220824020542819,0,0.0999899660382537,0,0,0.112113627481774,0.0158870107303694,0.0220824020542819,0.0220824020542819,0.255046685284169,0.222127095387026,0.0999899660382537,0,0,0,0,0,0,0.0262176875118606,0,0,0,0,0,0.078342403747824,0,0.078342403747824,0.0999899660382537,0,0.078342403747824,0.0636715268145186,0.078342403747824,0,0.0322586368373393,0,0.0220824020542819,0,0,0.0262176875118606,0.0657270373610538,0.0774206211888767,0,0,0.078342403747824,0,0,0.041172338956928,0.0884831883993457,0,0.302808285044318,0.302808285044318,0,0,0,0,0,0,0,0,0,0.132409048462471,0,0,0,0.255046685284169,0,0,0.0999899660382537,0,0.053628690703256,0,0.078342403747824,0,0,0,0,0,0,0,0,0,0.0262176875118606,0.101868774864881,0,0,0,0,0,0,0.0636715268145186,0.0322586368373393,0,0.0220824020542819,0.041172338956928,0,0.0859560008870281,0,0,0,0,0,0,0.0636715268145186,0,0,0,0,0,0.0999899660382537,0,0,0.053628690703256,0,0.372579865945962,0,0,0,0.101868774864881,0,0,0,0,0.074963219752206,0,0.041172338956928,0,0.255046685284169,0,0.041172338956928,0.255046685284169,0,0,0.0636715268145186,0.078342403747824,0,0,0.0999899660382537,0,0,0.041172338956928,0.372579865945962,0,0.302808285044318,0.0999899660382537,0,0,0,0,0,0,0,0,0,0,0,0,0,0,0,0,0.0220824020542819,0.041172338956928,0.0999899660382537,0.101868774864881,0,0.0999899660382537,0,0,0,0
0,0.0714299464323527,0,0.0571439257166366,0.128249502550101,0.0476199206365212,0.0571439257166366,0.173472727049999,0,0,0,0.0571439257166366,0.0476199206365212,0.0571439257166366,0,0.173472727049999,0.0714299464323527,0.0476199206365212,0.0933602719681705,0.0367619429090039,0.0571439257166366,0.0571439257166366,0,0.0714299464323527,0.0571439257166366,0.041172338956928,0.041172338956928,0.0476199206365212,0,0,0,0,0.128249502550101,0.0367619429090039,0.0367619429090039,0.0571439257166366,0,0,0.0571439257166366,0.0714299464323527,0,0,0,0.0476199206365212,0,0,0.129485699058447,0,0,0.041172338956928,0,0,0.0476199206365212,0,0.0571439257166366,0,0,0,0.0714299464323527,0,0,0.0571439257166366,0.128249502550101,0,0,0.0571439257166366,0.0571439257166366,0.255398361876396,0.0337236205744276,0.0316202950567523,0.0714299464323527,0.0571439257166366,0,0,0,0.0439086453554596,0.319248127932352,0.0714299464323527,0,0.0571439257166366,0,0,0.0571439257166366,0,0.0571439257166366,0.0337236205744276,0.0571439257166366,0,0.0476199206365212,0,0.128249502550101,0.0571439257166366,0,0,0,0,0.0571439257166366,0,0,0,0,0,0,0.041172338956928,0.0337236205744276,0.0367619429090039,0,0.0545144690325174,0,0.0337236205744276,0,0,0,0,0,0.0316202950567523,0,0.0571439257166366,0.0476199206365212,0.0476199206365212,0.0476199206365212,0,0.0476199206365212,0.226732089065557,0,0,0,0,0,0,0.041172338956928,0,0.128249502550101,0.173472727049999,0,0.0476199206365212,0,0.0571439257166366,0.0714299464323527,0.0571439257166366,0.0571439257166366,0.0571439257166366,0,0,0.0476199206365212,0.041172338956928,0.0571439257166366,0,0.0571439257166366,0.173472727049999,0.0571439257166366,0.041172338956928,0,0.128249502550101,0.0476199206365212,0.0337236205744276,0.041172338956928,0.0571439257166366,0.041172338956928,0,0,0.0476199206365212,0.0476199206365212,0,0.0476199206365212,0,0,0,0,0.0571439257166366,0.0571439257166366,0,0.0476199206365212,0.0714299464323527,0.0571439257166366,0,0.0476199206365212,0,0.0476199206365212,0.0571439257166366,0.128249502550101,0,0,0,0,0,0.041172338956928,1,0,0.0571439257166366,0.0476199206365212,0,0,0,0.0714299464323527,0,0,0,0,0,0,0.0714299464323527,0.0571439257166366,0.0714299464323527,0.0714299464323527,0.0714299464323527,0,0.0476199206365212,0,0,0,0.0571439257166366,0,0,0,0,0,0,0.041172338956928,0.0397384474440781,0,0.0571439257166366,0,0.0571439257166366,0.041172338956928,0,0.0714299464323527,0,0,0.0476199206365212,0.0571439257166366,0.0714299464323527,0,0,0.0367574589715877,0,0.0571439257166366,0,0,0.0367619429090039,0,0.0571439257166366,0,0,0.0367574589715877,0.0301593188641145,0.0367619429090039,0.0367619429090039,0.0367619429090039,0.0337236205744276,0.0571439257166366,0,0,0,0,0,0,0.041172338956928,0,0,0,0,0,0.0476199206365212,0,0.0476199206365212,0.0571439257166366,0,0.0476199206365212,0.041172338956928,0.0476199206365212,0,0.0476199206365212,0,0.0367619429090039,0,0,0.041172338956928,0.0397384474440781,0.0439086453554596,0,0,0.0476199206365212,0,0,0.0571439257166366,0.0545144690325174,0,0.041172338956928,0.041172338956928,0,0,0,0,0,0,0,0,0,0.0714299464323527,0,0,0,0.0367619429090039,0,0,0.0571439257166366,0,0.0367619429090039,0,0.0476199206365212,0,0,0,0,0,0,0,0,0,0.041172338956928,0.0545144690325174,0,0,0,0,0,0,0.041172338956928,0.0476199206365212,0,0.0367619429090039,0.0571439257166366,0,0.0337236205744276,0,0,0,0,0,0,0.041172338956928,0,0,0,0,0,0.0571439257166366,0,0,0.0367619429090039,0,0.0476199206365212,0,0,0,0.0545144690325174,0,0,0,0,0.226732089065557,0,0.0571439257166366,0,0.0367619429090039,0,0.0571439257166366,0.0367619429090039,0,0,0.041172338956928,0.0476199206365212,0,0,0.0571439257166366,0,0,0.255398361876396,0.0476199206365212,0,0.041172338956928,0.0571439257166366,0,0,0,0,0,0,0,0,0,0,0,0,0,0,0,0,0.0367619429090039,0.0571439257166366,0.0571439257166366,0.0545144690325174,0,0.0571439257166366,0,0,0,0
0,0,0,0,0,0,0,0,0,0,0,0,0,0,0,0,0,0,0,0,0,0,0,0,0,0,0,0,0,0,0,0,0,0,0,0,0,0,0,0,0,0,0,0,0,0,0,0,0,0,0,0,0,0,0,0,0,0,0,0,0,0,0,0,0,0,0,0,0,0,0,0,0,0,0,0,0,0,0,0,0,0,0,0,0,0,0,0,0,0,0,0,0,0,0,0,0,0,0,0,0,0,0,0,0,0,0,0,0,0,0,0,0,0,0,0,0,0,0,0,0,0,0,0,0,0,0,0,0,0,0,0,0,0,0,0,0,0,0,0,0,0,0,0,0,0,0,0,0,0,0,0,0,0,0,0,0,0,0,0,0,0,0,0,0,0,0,0,0,0,0,0,0,0,0,0,0,0,0,0,0,0,0,0,0,0,0,0,1,0,0,0,0,0,0,0,0,0,0,0,0,0,0,0,0,0,0,0,0,0,0,0,0,0,0,0,0,0,0,0,0,0,0,0,0,0,0,0,0,0,0,0,0,0,0,0,0,0,0,0,0,0,0,0,0,0,0,0,0,0,0,0,0,0,0,0,0,0,0,0,0,0,0,0,0,0,0,0,0,0,0,0,0,0,0,0,0,0,0,0,0,0,0,0,0,0,0,0,0,0,0,0,0,0,0,0,0,0,0,0,0,0,0,0,0,0,0,0,0,0,0,0,0,0,0,0,0,0,0,0,0,0,0,0,0,0,0,0,0,0,0,0,0,0,0,0,0,0,0,0,0,0,0,0,0,0,0,0,0,0,0,0,0,0,0,0,0,0,0,0,0,0,0,0,0,0,0,0,0,0,0,0,0,0,0,0,0,0,0,0,0,0,0,0,0,0,0,0,0,0,0,0,0,0,0,0,0,0,0,0,0,0,0,0,0,0,0,0,0
0,0.0714299464323527,0,0.0571439257166366,0.128249502550101,0.0476199206365212,0.0571439257166366,0.0714299464323527,0,0,0,0.0571439257166366,0.0476199206365212,0.0571439257166366,0,0.0714299464323527,0.0714299464323527,0.0476199206365212,0.0933602719681705,0.271481053610807,0.421998728397202,0.0571439257166366,0,0.0714299464323527,0.421998728397202,0.304051121218363,0.304051121218363,0.0476199206365212,0,0,0,0,0.128249502550101,0.0367619429090039,0.0367619429090039,0.0571439257166366,0,0,0.0571439257166366,0.0714299464323527,0,0,0,0.0476199206365212,0,0,0.0533176407887724,0,0,0.041172338956928,0,0,0.0476199206365212,0,0.421998728397202,0,0,0,0.0714299464323527,0,0,0.0571439257166366,0.128249502550101,0,0,0.421998728397202,0.0571439257166366,0.0571439257166366,0.0337236205744276,0.0316202950567523,0.319248127932352,0.0571439257166366,0,0,0,0.0439086453554596,0.0714299464323527,0.0714299464323527,0,0.0571439257166366,0,0,0.0571439257166366,0,0.0571439257166366,0.249043530364504,0.0571439257166366,0,0.0476199206365212,0,0.128249502550101,0.0571439257166366,0,0,0,0,0.0571439257166366,0,0,0,0,0,0,0.041172338956928,0.249043530364504,0.271481053610807,0,0.0545144690325174,0,0.0337236205744276,0,0,0,0,0,0.0316202950567523,0,0.0571439257166366,0.0476199206365212,0.0476199206365212,0.0476199206365212,0,0.0476199206365212,0.0933602719681705,0,0,0,0,0,0,0.041172338956928,0,0.128249502550101,0.0714299464323527,0,0.0476199206365212,0,0.0571439257166366,0.173472727049999,0.0571439257166366,0.0571439257166366,0.0571439257166366,0,0,0.351665478053376,0.041172338956928,0.0571439257166366,0,0.0571439257166366,0.0714299464323527,0.0571439257166366,0.720502458320628,0,0.128249502550101,0.0476199206365212,0.249043530364504,0.041172338956928,0.0571439257166366,0.304051121218363,0,0,0.0476199206365212,0.0476199206365212,0,0.0476199206365212,0,0,0,0,0.0571439257166366,0.0571439257166366,0,0.351665478053376,0.0714299464323527,0.0571439257166366,0,0.0476199206365212,0,0.0476199206365212,0.0571439257166366,0.128249502550101,0,0,0,0,0,0.041172338956928,0.0571439257166366,0,1,0.0476199206365212,0,0,0,0.0714299464323527,0,0,0,0,0,0,0.0714299464323527,0.0571439257166366,0.0714299464323527,0.0714299464323527,0.0714299464323527,0,0.0476199206365212,0,0,0,0.0571439257166366,0,0,0,0,0,0,0.184015147583005,0.0397384474440781,0,0.0571439257166366,0,0.0571439257166366,0.304051121218363,0,0.0714299464323527,0,0,0.0476199206365212,0.0571439257166366,0.0714299464323527,0,0,0.0367574589715877,0,0.0571439257166366,0,0,0.271481053610807,0,0.0571439257166366,0,0,0.0367574589715877,0.222721733769102,0.271481053610807,0.271481053610807,0.0367619429090039,0.0337236205744276,0.0571439257166366,0,0,0,0,0,0,0.304051121218363,0,0,0,0,0,0.0476199206365212,0,0.0476199206365212,0.0571439257166366,0,0.0476199206365212,0.041172338956928,0.0476199206365212,0,0.351665478053376,0,0.271481053610807,0,0,0.304051121218363,0.0397384474440781,0.0439086453554596,0,0,0.0476199206365212,0,0,0.0571439257166366,0.0545144690325174,0,0.041172338956928,0.041172338956928,0,0,0,0,0,0,0,0,0,0.0714299464323527,0,0,0,0.0367619429090039,0,0,0.0571439257166366,0,0.0367619429090039,0,0.0476199206365212,0,0,0,0,0,0,0,0,0,0.0999899660382537,0.0545144690325174,0,0,0,0,0,0,0.041172338956928,0.351665478053376,0,0.271481053610807,0.0571439257166366,0,0.0337236205744276,0,0,0,0,0,0,0.041172338956928,0,0,0,0,0,0.0571439257166366,0,0,0.0367619429090039,0,0.0476199206365212,0,0,0,0.0545144690325174,0,0,0,0,0.0933602719681705,0,0.0571439257166366,0,0.0367619429090039,0,0.421998728397202,0.0367619429090039,0,0,0.041172338956928,0.0476199206365212,0,0,0.0571439257166366,0,0,0.0571439257166366,0.0476199206365212,0,0.041172338956928,0.0571439257166366,0,0,0,0,0,0,0,0,0,0,0,0,0,0,0,0,0.271481053610807,0.421998728397202,0.0571439257166366,0.0545144690325174,0,0.0571439257166366,0,0,0,0
0,0.0613432731147329,0,0.0476199206365212,0.115768709113422,0.0384622300306098,0.0476199206365212,0.0613432731147329,0,0,0,0.0476199206365212,0.0384622300306098,0.0476199206365212,0,0.0613432731147329,0.0613432731147329,0.0384622300306098,0.0823790970344355,0.0280132767810044,0.0476199206365212,0.0476199206365212,0,0.0613432731147329,0.0476199206365212,0.0322586368373393,0.0322586368373393,1,0,0,0,0,0.115768709113422,0.0280132767810044,0.0280132767810044,0.0476199206365212,0,0,0.0476199206365212,0.0613432731147329,0,0,0,0.0384622300306098,0,0,0.046024045266946,0,0,0.0322586368373393,0,0,0.0384622300306098,0,0.0476199206365212,0,0,0,0.0613432731147329,0,0,0.0476199206365212,0.115768709113422,0,0,0.0476199206365212,0.0476199206365212,0.0476199206365212,0.0250877674831517,0.023062117726601,0.0613432731147329,0.0476199206365212,0,0,0,0.0367574589715877,0.0613432731147329,0.0613432731147329,0,0.0476199206365212,0,0,0.0476199206365212,0,0.0476199206365212,0.0250877674831517,0.0476199206365212,0,0.0384622300306098,0,0.115768709113422,0.0476199206365212,0,0,0,0,0.0476199206365212,0,0,0,0,0,0,0.0322586368373393,0.0250877674831517,0.0280132767810044,0,0.0470411711002957,0,0.0250877674831517,0,0,0,0,0,0.023062117726601,0,0.0476199206365212,0.0384622300306098,0.0384622300306098,0.0384622300306098,0,0.0384622300306098,0.0823790970344355,0,0,0,0,0,0,0.0322586368373393,0,0.115768709113422,0.0613432731147329,0,0.0384622300306098,0,0.0476199206365212,0.0613432731147329,0.0476199206365212,0.0476199206365212,0.0476199206365212,0,0,0.0384622300306098,0.0322586368373393,0.0476199206365212,0,0.115648378688694,0.0613432731147329,0.0476199206365212,0.0322586368373393,0,0.115768709113422,0.0384622300306098,0.0250877674831517,0.0322586368373393,0.0476199206365212,0.0322586368373393,0,0,0.0384622300306098,0.0384622300306098,0,0.0384622300306098,0,0,0,0,0.0476199206365212,0.0476199206365212,0,0.0384622300306098,0.0613432731147329,0.0476199206365212,0,0.0384622300306098,0,0.0384622300306098,0.0476199206365212,0.115768709113422,0,0,0,0,0,0.0322586368373393,0.0476199206365212,0,0.0476199206365212,1,0,0,0,0.0613432731147329,0,0,0,0,0,0,0.0613432731147329,0.0476199206365212,0.0613432731147329,0.0613432731147329,0.0613432731147329,0,0.0384622300306098,0,0,0,0.0476199206365212,0,0,0,0,0,0,0.0322586368373393,0.0321989129729743,0,0.0476199206365212,0,0.0476199206365212,0.0322586368373393,0,0.0613432731147329,0,0,0.0384622300306098,0.0476199206365212,0.0613432731147329,0,0,0.0298195175153452,0,0.0476199206365212,0,0,0.0280132767810044,0,0.0476199206365212,0,0,0.0298195175153452,0.0216548926727131,0.0280132767810044,0.0280132767810044,0.0280132767810044,0.0250877674831517,0.0476199206365212,0,0,0,0,0,0,0.0322586368373393,0,0,0,0,0,0.0384622300306098,0,0.0384622300306098,0.0476199206365212,0,0.0384622300306098,0.0322586368373393,0.0384622300306098,0,0.0384622300306098,0,0.0280132767810044,0,0,0.0322586368373393,0.0321989129729743,0.0367574589715877,0,0,0.0384622300306098,0,0,0.0476199206365212,0.0470411711002957,0,0.0322586368373393,0.0322586368373393,0,0,0,0,0,0,0,0,0,0.0613432731147329,0,0,0,0.0280132767810044,0,0,0.0476199206365212,0,0.0280132767810044,0,0.0384622300306098,0,0,0,0,0,0,0,0,0,0.0322586368373393,0.0470411711002957,0,0,0,0,0,0,0.0322586368373393,0.0384622300306098,0,0.0280132767810044,0.0476199206365212,0,0.0250877674831517,0,0,0,0,0,0,0.0322586368373393,0,0,0,0,0,0.0476199206365212,0,0,0.0280132767810044,0,0.0384622300306098,0,0,0,0.0470411711002957,0,0,0,0,0.0823790970344355,0,0.0476199206365212,0,0.0280132767810044,0,0.0476199206365212,0.0280132767810044,0,0,0.0322586368373393,0.0384622300306098,0,0,0.0476199206365212,0,0,0.0476199206365212,0.0384622300306098,0,0.0322586368373393,0.0476199206365212,0,0,0,0,0,0,0,0,0,0,0,0,0,0,0,0,0.0280132767810044,0.0476199206365212,0.0476199206365212,0.0470411711002957,0,0.0476199206365212,0,0,0,0
0,0,0,0,0,0,0,0,0,0,0,0,0,0,0,0,0,0,0,0,0,0,0,0,0,0,0,0,0,0,0,0,0,0,0,0,0,0,0,0,0,0,0,0,0,0,0,0,0,0,0,0,0,0,0,0,0,0,0,0,0,0,0,0,0,0,0,0,0,0,0,0,0,0,0,0,0,0,0,0,0,0,0,0,0,0,0,0,0,0,0,0,0,0,0,0,0,0,0,0,0,0,0,0,0,0,0,0,0,0,0,0,0,0,0,0,0,0,0,0,0,0,0,0,0,0,0,0,0,0,0,0,0,0,0,0,0,0,0,0,0,0,0,0,0,0,0,0,0,0,0,0,0,0,0,0,0,0,0,0,0,0,0,0,0,0,0,0,0,0,0,0,0,0,0,0,0,0,0,0,0,0,0,0,0,0,0,0,0,0,0,1,0,0,0,0,0,0,0,0,0,0,0,0,0,0,0,0,0,0,0,0,0,0,0,0,0,0,0,0,0,0,0,0,0,0,0,0,0,0,0,0,0,0,0,0,0,0,0,0,0,0,0,0,0,0,0,0,0,0,0,0,0,0,0,0,0,0,0,0,0,0,0,0,0,0,0,0,0,0,0,0,0,0,0,0,0,0,0,0,0,0,0,0,0,0,0,0,0,0,0,0,0,0,0,0,0,0,0,0,0,0,0,0,0,0,0,0,0,0,0,0,0,0,0,0,0,0,0,0,0,0,0,0,0,0,0,0,0,0,0,0,0,0,0,0,0,0,0,0,0,0,0,0,0,0,0,0,0,0,0,0,0,0,0,0,0,0,0,0,0,0,0,0,0,0,0,0,0,0,0,0,0,0,0,0,0,0,0,0,0,0,0,0,0,0,0,0,0,0,0,0,0,0,0,0,0,0,0,0,0,0,0,0,0,0,0,0,0
0,0,0,0,0,0,0,0,0,0,0,0,0,0,0,0,0,0,0,0,0,0,0,0,0,0,0,0,0,0,0,0,0,0,0,0,0,0,0,0,0,0,0,0,0,0,0,0,0,0,0,0,0,0,0,0,0,0,0,0,0,0,0,0,0,0,0,0,0,0,0,0,0,0,0,0,0,0,0,0,0,0,0,0,0,0,0,0,0,0,0,0,0,0,0,0,0,0,0,0,0,0,0,0,0,0,0,0,0,0,0,0,0,0,0,0,0,0,0,0,0,0,0,0,0,0,0,0,0,0,0,0,0,0,0,0,0,0,0,0,0,0,0,0,0,0,0,0,0,0,0,0,0,0,0,0,0,0,0,0,0,0,0,0,0,0,0,0,0,0,0,0,0,0,0,0,0,0,0,0,0,0,0,0,0,0,0,0,0,0,0,0,1,0,0,0,0,0,0,0,0,0,0,0,0,0,0,0,0,0,0,0,0,0,0,0,0,0,0,0,0,0,0,0,0,0,0,0,0,0,0,0,0,0,0,0,0,0,0,0,0,0,0,0,0,0,0,0,0,0,0,0,0,0,0,0,0,0,0,0,0,0,0,0,0,0,0,0,0,0,0,0,0,0,0,0,0,0,0,0,0,0,0,0,0,0,0,0,0,0,0,0,0,0,0,0,0,0,0,0,0,0,0,0,0,0,0,0,0,0,0,0,0,0,0,0,0,0,0,0,0,0,0,0,0,0,0,0,0,0,0,0,0,0,0,0,0,0,0,0,0,0,0,0,0,0,0,0,0,0,0,0,0,0,0,0,0,0,0,0,0,0,0,0,0,0,0,0,0,0,0,0,0,0,0,0,0,0,0,0,0,0,0,0,0,0,0,0,0,0,0,0,0,0,0,0,0,0,0,0,0,0,0,0,0,0,0,0,0
0,0,0,0,0,0,0,0,0,0,0,0,0,0,0,0,0,0,0,0,0,0,0,0,0,0,0,0,0,0,0,0,0,0,0,0,0,0,0,0,0,0,0,0,0,0,0,0,0,0,0,0,0,0,0,0,0,0,0,0,0,0,0,0,0,0,0,0,0,0,0,0,0,0,0,0,0,0,0,0,0,0,0,0,0,0,0,0,0,0,0,0,0,0,0,0,0,0,0,0,0,0,0,0,0,0,0,0,0,0,0,0,0,0,0,0,0,0,0,0,0,0,0,0,0,0,0,0,0,0,0,0,0,0,0,0,0,0,0,0,0,0,0,0,0,0,0,0,0,0,0,0,0,0,0,0,0,0,0,0,0,0,0,0,0,0,0,0,0,0,0,0,0,0,0,0,0,0,0,0,0,0,0,0,0,0,0,0,0,0,0,0,0,1,0,0,0,0,0,0,0,0,0,0,0,0,0,0,0,0,0,0,0,0,0,0,0,0,0,0,0,0,0,0,0,0,0,0,0,0,0,0,0,0,0,0,0,0,0,0,0,0,0,0,0,0,0,0,0,0,0,0,0,0,0,0,0,0,0,0,0,0,0,0,0,0,0,0,0,0,0,0,0,0,0,0,0,0,0,0,0,0,0,0,0,0,0,0,0,0,0,0,0,0,0,0,0,0,0,0,0,0,0,0,0,0,0,0,0,0,0,0,0,0,0,0,0,0,0,0,0,0,0,0,0,0,0,0,0,0,0,0,0,0,0,0,0,0,0,0,0,0,0,0,0,0,0,0,0,0,0,0,0,0,0,0,0,0,0,0,0,0,0,0,0,0,0,0,0,0,0,0,0,0,0,0,0,0,0,0,0,0,0,0,0,0,0,0,0,0,0,0,0,0,0,0,0,0,0,0,0,0,0,0,0,0,0,0,0
0,0.0865818037575277,0,0.0714299464323527,0.147105639620399,0.0613432731147329,0.0714299464323527,0.0865818037575277,0,0,0,0.0714299464323527,0.148976520421494,0.0714299464323527,0,0.0865818037575277,0.0865818037575277,0.0613432731147329,0.109892388006257,0.0498579928542293,0.0714299464323527,0.0714299464323527,0,0.0865818037575277,0.0714299464323527,0.0545213728963117,0.0545213728963117,0.0613432731147329,0,0,0,0,0.147105639620399,0.0498579928542293,0.0498579928542293,0.0714299464323527,0,0,0.0714299464323527,0.0865818037575277,0,0,0,0.148976520421494,0,0,0.0641346694500205,0,0,0.0545213728963117,0,0,0.0613432731147329,0,0.0714299464323527,0,0,0,0.0865818037575277,0,0,0.0714299464323527,0.147105639620399,0,0,0.0714299464323527,0.0714299464323527,0.0714299464323527,0.0466468368249435,0.0444245555713213,0.0865818037575277,0.0714299464323527,0,0,0,0.0545144690325174,0.0865818037575277,0.386967653528542,0,0.319248127932352,0,0,0.319248127932352,0,0.319248127932352,0.0466468368249435,0.0714299464323527,0,0.0613432731147329,0,0.147105639620399,0.319248127932352,0,0,0,0,0.0714299464323527,0,0,0,0,0,0,0.0545213728963117,0.0466468368249435,0.0498579928542293,0,0.0656073668246963,0,0.0466468368249435,0,0,0,0,0,0.0444245555713213,0,0.0714299464323527,0.0613432731147329,0.0613432731147329,0.0613432731147329,0,0.0613432731147329,0.109892388006257,0,0,0,0,0,0,0.0545213728963117,0,0.147105639620399,0.0865818037575277,0,0.0613432731147329,0,0.173472727049999,0.0865818037575277,0.0714299464323527,0.0714299464323527,0.0714299464323527,0,0,0.0613432731147329,0.0545213728963117,0.0714299464323527,0,0.0714299464323527,0.0865818037575277,0.0714299464323527,0.0545213728963117,0,0.147105639620399,0.0613432731147329,0.0466468368249435,0.0545213728963117,0.0714299464323527,0.0545213728963117,0,0,0.0613432731147329,0.0613432731147329,0,0.0613432731147329,0,0,0,0,0.0714299464323527,0.0714299464323527,0,0.0613432731147329,0.0865818037575277,0.0714299464323527,0,0.0613432731147329,0,0.0613432731147329,0.0714299464323527,0.147105639620399,0,0,0,0,0,0.0545213728963117,0.0714299464323527,0,0.0714299464323527,0.0613432731147329,0,0,0,1,0,0,0,0,0,0,0.386967653528542,0.0714299464323527,0.386967653528542,0.386967653528542,0.639392737369731,0,0.148976520421494,0,0,0,0.0714299464323527,0,0,0,0,0,0,0.0545213728963117,0.0509474689183968,0,0.0714299464323527,0,0.0714299464323527,0.0545213728963117,0,0.386967653528542,0,0,0.0613432731147329,0.173472727049999,0.0865818037575277,0,0,0.0470411711002957,0,0.0714299464323527,0,0,0.0498579928542293,0,0.0714299464323527,0,0,0.0470411711002957,0.0428812849891,0.0498579928542293,0.0498579928542293,0.0498579928542293,0.0466468368249435,0.0714299464323527,0,0,0,0,0,0,0.0545213728963117,0,0,0,0,0,0.0613432731147329,0,0.0613432731147329,0.0714299464323527,0,0.0613432731147329,0.0545213728963117,0.0613432731147329,0,0.0613432731147329,0,0.0498579928542293,0,0,0.0545213728963117,0.0509474689183968,0.0545144690325174,0,0,0.0613432731147329,0,0,0.173472727049999,0.293224761930786,0,0.0545213728963117,0.0545213728963117,0,0,0,0,0,0,0,0,0,0.0865818037575277,0,0,0,0.0498579928542293,0,0,0.0714299464323527,0,0.0498579928542293,0,0.0613432731147329,0,0,0,0,0,0,0,0,0,0.0545213728963117,0.0656073668246963,0,0,0,0,0,0,0.0545213728963117,0.0613432731147329,0,0.0498579928542293,0.173472727049999,0,0.0466468368249435,0,0,0,0,0,0,0.0545213728963117,0,0,0,0,0,0.0714299464323527,0,0,0.0498579928542293,0,0.0613432731147329,0,0,0,0.0656073668246963,0,0,0,0,0.109892388006257,0,0.527498700621427,0,0.0498579928542293,0,0.0714299464323527,0.0498579928542293,0,0,0.0545213728963117,0.0613432731147329,0,0,0.0714299464323527,0,0,0.0714299464323527,0.0613432731147329,0,0.0545213728963117,0.0714299464323527,0,0,0,0,0,0,0,0,0,0,0,0,0,0,0,0,0.0498579928542293,0.0714299464323527,0.0714299464323527,0.0656073668246963,0,0.0714299464323527,0,0,0,0
0,0,0,0,0,0,0,0,0,0,0,0,0,0,0,0,0,0,0,0,0,0,0,0,0,0,0,0,0,0,0,0,0,0,0,0,0,0,0,0,0,0,0,0,0,0,0,0,0,0,0,0,0,0,0,0,0,0,0,0,0,0,0,0,0,0,0,0,0,0,0,0,0,0,0,0,0,0,0,0,0,0,0,0,0,0,0,0,0,0,0,0,0,0,0,0,0,0,0,0,0,0,0,0,0,0,0,0,0,0,0,0,0,0,0,0,0,0,0,0,0,0,0,0,0,0,0,0,0,0,0,0,0,0,0,0,0,0,0,0,0,0,0,0,0,0,0,0,0,0,0,0,0,0,0,0,0,0,0,0,0,0,0,0,0,0,0,0,0,0,0,0,0,0,0,0,0,0,0,0,0,0,0,0,0,0,0,0,0,0,0,0,0,0,0,1,0,0,0,0,0,0,0,0,0,0,0,0,0,0,0,0,0,0,0,0,0,0,0,0,0,0,0,0,0,0,0,0,0,0,0,0,0,0,0,0,0,0,0,0,0,0,0,0,0,0,0,0,0,0,0,0,0,0,0,0,0,0,0,0,0,0,0,0,0,0,0,0,0,0,0,0,0,0,0,0,0,0,0,0,0,0,0,0,0,0,0,0,0,0,0,0,0,0,0,0,0,0,0,0,0,0,0,0,0,0,0,0,0,0,0,0,0,0,0,0,0,0,0,0,0,0,0,0,0,0,0,0,0,0,0,0,0,0,0,0,0,0,0,0,0,0,0,0,0,0,0,0,0,0,0,0,0,0,0,0,0,0,0,0,0,0,0,0,0,0,0,0,0,0,0,0,0,0,0,0,0,0,0,0,0,0,0,0,0,0,0,0,0,0,0,0,0,0,0,0,0,0,0,0,0,0,0,0,0,0,0,0,0
0,0,0,0,0,0,0,0,0,0,0,0,0,0,0,0,0,0,0,0,0,0,0,0,0,0,0,0,0,0,0,0,0,0,0,0,0,0,0,0,0,0,0,0,0,0,0,0,0,0,0,0,0,0,0,0,0,0,0,0,0,0,0,0,0,0,0,0,0,0,0,0,0,0,0,0,0,0,0,0,0,0,0,0,0,0,0,0,0,0,0,0,0,0,0,0,0,0,0,0,0,0,0,0,0,0,0,0,0,0,0,0,0,0,0,0,0,0,0,0,0,0,0,0,0,0,0,0,0,0,0,0,0,0,0,0,0,0,0,0,0,0,0,0,0,0,0,0,0,0,0,0,0,0,0,0,0,0,0,0,0,0,0,0,0,0,0,0,0,0,0,0,0,0,0,0,0,0,0,0,0,0,0,0,0,0,0,0,0,0,0,0,0,0,0,0,1,0,0,0,0,0,0,0,0,0,0,0,0,0,0,0,0,0,0,0,0,0,0,0,0,0,0,0,0,0,0,0,0,0,0,0,0,0,0,0,0,0,0,0,0,0,0,0,0,0,0,0,0,0,0,0,0,0,0,0,0,0,0,0,0,0,0,0,0,0,0,0,0,0,0,0,0,0,0,0,0,0,0,0,0,0,0,0,0,0,0,0,0,0,0,0,0,0,0,0,0,0,0,0,0,0,0,0,0,0,0,0,0,0,0,0,0,0,0,0,0,0,0,0,0,0,0,0,0,0,0,0,0,0,0,0,0,0,0,0,0,0,0,0,0,0,0,0,0,0,0,0,0,0,0,0,0,0,0,0,0,0,0,0,0,0,0,0,0,0,0,0,0,0,0,0,0,0,0,0,0,0,0,0,0,0,0,0,0,0,0,0,0,0,0,0,0,0,0,0,0,0,0,0,0,0,0,0,0,0,0,0,0
0,0,0,0,0,0,0,0,0,0,0,0,0,0,0,0,0,0,0,0,0,0,0,0,0,0,0,0,0,0,0,0,0,0,0,0,0,0,0,0,0,0,0,0,0,0,0,0,0,0,0,0,0,0,0,0,0,0,0,0,0,0,0,0,0,0,0,0,0,0,0,0,0,0,0,0,0,0,0,0,0,0,0,0,0,0,0,0,0,0,0,0,0,0,0,0,0,0,0,0,0,0,0,0,0,0,0,0,0,0,0,0,0,0,0,0,0,0,0,0,0,0,0,0,0,0,0,0,0,0,0,0,0,0,0,0,0,0,0,0,0,0,0,0,0,0,0,0,0,0,0,0,0,0,0,0,0,0,0,0,0,0,0,0,0,0,0,0,0,0,0,0,0,0,0,0,0,0,0,0,0,0,0,0,0,0,0,0,0,0,0,0,0,0,0,0,0,1,0,0,0,0,0,0,0,0,0,0,0,0,0,0,0,0,0,0,0,0,0,0,0,0,0,0,0,0,0,0,0,0,0,0,0,0,0,0,0,0,0,0,0,0,0,0,0,0,0,0,0,0,0,0,0,0,0,0,0,0,0,0,0,0,0,0,0,0,0,0,0,0,0,0,0,0,0,0,0,0,0,0,0,0,0,0,0,0,0,0,0,0,0,0,0,0,0,0,0,0,0,0,0,0,0,0,0,0,0,0,0,0,0,0,0,0,0,0,0,0,0,0,0,0,0,0,0,0,0,0,0,0,0,0,0,0,0,0,0,0,0,0,0,0,0,0,0,0,0,0,0,0,0,0,0,0,0,0,0,0,0,0,0,0,0,0,0,0,0,0,0,0,0,0,0,0,0,0,0,0,0,0,0,0,0,0,0,0,0,0,0,0,0,0,0,0,0,0,0,0,0,0,0,0,0,0,0,0,0,0,0
0,0,0,0,0,0,0,0,0,0,0,0,0,0,0,0,0,0,0,0,0,0,0,0,0,0,0,0,0,0,0,0,0,0,0,0,0,0,0,0,0,0,0,0,0,0,0,0,0,0,0,0,0,0,0,0,0,0,0,0,0,0,0,0,0,0,0,0,0,0,0,0,0,0,0,0,0,0,0,0,0,0,0,0,0,0,0,0,0,0,0,0,0,0,0,0,0,0,0,0,0,0,0,0,0,0,0,0,0,0,0,0,0,0,0,0,0,0,0,0,0,0,0,0,0,0,0,0,0,0,0,0,0,0,0,0,0,0,0,0,0,0,0,0,0,0,0,0,0,0,0,0,0,0,0,0,0,0,0,0,0,0,0,0,0,0,0,0,0,0,0,0,0,0,0,0,0,0,0,0,0,0,0,0,0,0,0,0,0,0,0,0,0,0,0,0,0,0,1,0,0,0,0,0,0,0,0,0,0,0,0,0,0,0,0,0,0,0,0,0,0,0,0,0,0,0,0,0,0,0,0,0,0,0,0,0,0,0,0,0,0,0,0,0,0,0,0,0,0,0,0,0,0,0,0,0,0,0,0,0,0,0,0,0,0,0,0,0,0,0,0,0,0,0,0,0,0,0,0,0,0,0,0,0,0,0,0,0,0,0,0,0,0,0,0,0,0,0,0,0,0,0,0,0,0,0,0,0,0,0,0,0,0,0,0,0,0,0,0,0,0,0,0,0,0,0,0,0,0,0,0,0,0,0,0,0,0,0,0,0,0,0,0,0,0,0,0,0,0,0,0,0,0,0,0,0,0,0,0,0,0,0,0,0,0,0,0,0,0,0,0,0,0,0,0,0,0,0,0,0,0,0,0,0,0,0,0,0,0,0,0,0,0,0,0,0,0,0,0,0,0,0,0,0,0,0,0,0,0
0,0,0,0,0,0,0,0,0,0,0,0,0,0,0,0,0,0,0,0,0,0,0,0,0,0,0,0,0,0,0,0,0,0,0,0,0,0,0,0,0,0,0,0,0,0,0,0,0,0,0,0,0,0,0,0,0,0,0,0,0,0,0,0,0,0,0,0,0,0,0,0,0,0,0,0,0,0,0,0,0,0,0,0,0,0,0,0,0,0,0,0,0,0,0,0,0,0,0,0,0,0,0,0,0,0,0,0,0,0,0,0,0,0,0,0,0,0,0,0,0,0,0,0,0,0,0,0,0,0,0,0,0,0,0,0,0,0,0,0,0,0,0,0,0,0,0,0,0,0,0,0,0,0,0,0,0,0,0,0,0,0,0,0,0,0,0,0,0,0,0,0,0,0,0,0,0,0,0,0,0,0,0,0,0,0,0,0,0,0,0,0,0,0,0,0,0,0,0,1,0,0,0,0,0,0,0,0,0,0,0,0,0,0,0,0,0,0,0,0,0,0,0,0,0,0,0,0,0,0,0,0,0,0,0,0,0,0,0,0,0,0,0,0,0,0,0,0,0,0,0,0,0,0,0,0,0,0,0,0,0,0,0,0,0,0,0,0,0,0,0,0,0,0,0,0,0,0,0,0,0,0,0,0,0,0,0,0,0,0,0,0,0,0,0,0,0,0,0,0,0,0,0,0,0,0,0,0,0,0,0,0,0,0,0,0,0,0,0,0,0,0,0,0,0,0,0,0,0,0,0,0,0,0,0,0,0,0,0,0,0,0,0,0,0,0,0,0,0,0,0,0,0,0,0,0,0,0,0,0,0,0,0,0,0,0,0,0,0,0,0,0,0,0,0,0,0,0,0,0,0,0,0,0,0,0,0,0,0,0,0,0,0,0,0,0,0,0,0,0,0,0,0,0,0,0,0,0,0
0,0,0,0,0,0,0,0,0,0,0,0,0,0,0,0,0,0,0,0,0,0,0,0,0,0,0,0,0,0,0,0,0,0,0,0,0,0,0,0,0,0,0,0,0,0,0,0,0,0,0,0,0,0,0,0,0,0,0,0,0,0,0,0,0,0,0,0,0,0,0,0,0,0,0,0,0,0,0,0,0,0,0,0,0,0,0,0,0,0,0,0,0,0,0,0,0,0,0,0,0,0,0,0,0,0,0,0,0,0,0,0,0,0,0,0,0,0,0,0,0,0,0,0,0,0,0,0,0,0,0,0,0,0,0,0,0,0,0,0,0,0,0,0,0,0,0,0,0,0,0,0,0,0,0,0,0,0,0,0,0,0,0,0,0,0,0,0,0,0,0,0,0,0,0,0,0,0,0,0,0,0,0,0,0,0,0,0,0,0,0,0,0,0,0,0,0,0,0,0,1,0,0,0,0,0,0,0,0,0,0,0,0,0,0,0,0,0,0,0,0,0,0,0,0,0,0,0,0,0,0,0,0,0,0,0,0,0,0,0,0,0,0,0,0,0,0,0,0,0,0,0,0,0,0,0,0,0,0,0,0,0,0,0,0,0,0,0,0,0,0,0,0,0,0,0,0,0,0,0,0,0,0,0,0,0,0,0,0,0,0,0,0,0,0,0,0,0,0,0,0,0,0,0,0,0,0,0,0,0,0,0,0,0,0,0,0,0,0,0,0,0,0,0,0,0,0,0,0,0,0,0,0,0,0,0,0,0,0,0,0,0,0,0,0,0,0,0,0,0,0,0,0,0,0,0,0,0,0,0,0,0,0,0,0,0,0,0,0,0,0,0,0,0,0,0,0,0,0,0,0,0,0,0,0,0,0,0,0,0,0,0,0,0,0,0,0,0,0,0,0,0,0,0,0,0,0,0,0
0,0.0865818037575277,0,0.0714299464323527,0.147105639620399,0.0613432731147329,0.0714299464323527,0.0865818037575277,0,0,0,0.0714299464323527,0.148976520421494,0.0714299464323527,0,0.0865818037575277,0.0865818037575277,0.0613432731147329,0.109892388006257,0.0498579928542293,0.0714299464323527,0.0714299464323527,0,0.0865818037575277,0.0714299464323527,0.0545213728963117,0.0545213728963117,0.0613432731147329,0,0,0,0,0.147105639620399,0.0498579928542293,0.0498579928542293,0.0714299464323527,0,0,0.0714299464323527,0.0865818037575277,0,0,0,0.148976520421494,0,0,0.0641346694500205,0,0,0.0545213728963117,0,0,0.0613432731147329,0,0.0714299464323527,0,0,0,0.0865818037575277,0,0,0.0714299464323527,0.147105639620399,0,0,0.0714299464323527,0.0714299464323527,0.0714299464323527,0.0466468368249435,0.0444245555713213,0.0865818037575277,0.0714299464323527,0,0,0,0.0545144690325174,0.0865818037575277,0.639392737369731,0,0.319248127932352,0,0,0.319248127932352,0,0.319248127932352,0.0466468368249435,0.0714299464323527,0,0.0613432731147329,0,0.147105639620399,0.319248127932352,0,0,0,0,0.0714299464323527,0,0,0,0,0,0,0.0545213728963117,0.0466468368249435,0.0498579928542293,0,0.0656073668246963,0,0.0466468368249435,0,0,0,0,0,0.0444245555713213,0,0.0714299464323527,0.0613432731147329,0.0613432731147329,0.0613432731147329,0,0.0613432731147329,0.109892388006257,0,0,0,0,0,0,0.0545213728963117,0,0.147105639620399,0.0865818037575277,0,0.0613432731147329,0,0.173472727049999,0.0865818037575277,0.0714299464323527,0.0714299464323527,0.0714299464323527,0,0,0.0613432731147329,0.0545213728963117,0.0714299464323527,0,0.0714299464323527,0.0865818037575277,0.0714299464323527,0.0545213728963117,0,0.147105639620399,0.0613432731147329,0.0466468368249435,0.0545213728963117,0.0714299464323527,0.0545213728963117,0,0,0.0613432731147329,0.0613432731147329,0,0.0613432731147329,0,0,0,0,0.0714299464323527,0.0714299464323527,0,0.0613432731147329,0.0865818037575277,0.0714299464323527,0,0.0613432731147329,0,0.0613432731147329,0.0714299464323527,0.147105639620399,0,0,0,0,0,0.0545213728963117,0.0714299464323527,0,0.0714299464323527,0.0613432731147329,0,0,0,0.386967653528542,0,0,0,0,0,0,1,0.0714299464323527,0.386967653528542,0.386967653528542,0.386967653528542,0,0.148976520421494,0,0,0,0.0714299464323527,0,0,0,0,0,0,0.0545213728963117,0.0509474689183968,0,0.0714299464323527,0,0.0714299464323527,0.0545213728963117,0,0.639392737369731,0,0,0.0613432731147329,0.173472727049999,0.0865818037575277,0,0,0.0470411711002957,0,0.0714299464323527,0,0,0.0498579928542293,0,0.0714299464323527,0,0,0.0470411711002957,0.0428812849891,0.0498579928542293,0.0498579928542293,0.0498579928542293,0.0466468368249435,0.0714299464323527,0,0,0,0,0,0,0.0545213728963117,0,0,0,0,0,0.0613432731147329,0,0.0613432731147329,0.0714299464323527,0,0.0613432731147329,0.0545213728963117,0.0613432731147329,0,0.0613432731147329,0,0.0498579928542293,0,0,0.0545213728963117,0.0509474689183968,0.0545144690325174,0,0,0.0613432731147329,0,0,0.173472727049999,0.293224761930786,0,0.0545213728963117,0.0545213728963117,0,0,0,0,0,0,0,0,0,0.0865818037575277,0,0,0,0.0498579928542293,0,0,0.0714299464323527,0,0.0498579928542293,0,0.0613432731147329,0,0,0,0,0,0,0,0,0,0.0545213728963117,0.0656073668246963,0,0,0,0,0,0,0.0545213728963117,0.0613432731147329,0,0.0498579928542293,0.173472727049999,0,0.0466468368249435,0,0,0,0,0,0,0.0545213728963117,0,0,0,0,0,0.0714299464323527,0,0,0.0498579928542293,0,0.0613432731147329,0,0,0,0.0656073668246963,0,0,0,0,0.109892388006257,0,0.319248127932352,0,0.0498579928542293,0,0.0714299464323527,0.0498579928542293,0,0,0.0545213728963117,0.0613432731147329,0,0,0.0714299464323527,0,0,0.0714299464323527,0.0613432731147329,0,0.0545213728963117,0.0714299464323527,0,0,0,0,0,0,0,0,0,0,0,0,0,0,0,0,0.0498579928542293,0.0714299464323527,0.0714299464323527,0.0656073668246963,0,0.0714299464323527,0,0,0,0
0,0.0714299464323527,0,0.421998728397202,0.128249502550101,0.0476199206365212,0.421998728397202,0.0714299464323527,0,0,0,0.0571439257166366,0.0476199206365212,0.0571439257166366,0,0.0714299464323527,0.0714299464323527,0.0476199206365212,0.0933602719681705,0.0367619429090039,0.0571439257166366,0.421998728397202,0,0.0714299464323527,0.0571439257166366,0.041172338956928,0.041172338956928,0.0476199206365212,0,0,0,0,0.128249502550101,0.0367619429090039,0.0367619429090039,0.0571439257166366,0,0,0.0571439257166366,0.0714299464323527,0,0,0,0.0476199206365212,0,0,0.0533176407887724,0,0,0.041172338956928,0,0,0.0476199206365212,0,0.0571439257166366,0,0,0,0.319248127932352,0,0,0.0571439257166366,0.128249502550101,0,0,0.0571439257166366,0.0571439257166366,0.0571439257166366,0.0337236205744276,0.0316202950567523,0.0714299464323527,0.0571439257166366,0,0,0,0.324258305205187,0.0714299464323527,0.0714299464323527,0,0.0571439257166366,0,0,0.0571439257166366,0,0.0571439257166366,0.0337236205744276,0.0571439257166366,0,0.0476199206365212,0,0.311463077621673,0.0571439257166366,0,0,0,0,0.421998728397202,0,0,0,0,0,0,0.041172338956928,0.0337236205744276,0.0367619429090039,0,0.0545144690325174,0,0.0337236205744276,0,0,0,0,0,0.0316202950567523,0,0.0571439257166366,0.0476199206365212,0.0476199206365212,0.0476199206365212,0,0.0476199206365212,0.0933602719681705,0,0,0,0,0,0,0.041172338956928,0,0.128249502550101,0.0714299464323527,0,0.0476199206365212,0,0.0571439257166366,0.0714299464323527,0.0571439257166366,0.421998728397202,0.421998728397202,0,0,0.0476199206365212,0.041172338956928,0.0571439257166366,0,0.0571439257166366,0.0714299464323527,0.0571439257166366,0.041172338956928,0,0.128249502550101,0.0476199206365212,0.0337236205744276,0.041172338956928,0.0571439257166366,0.041172338956928,0,0,0.0476199206365212,0.0476199206365212,0,0.0476199206365212,0,0,0,0,0.0571439257166366,0.0571439257166366,0,0.0476199206365212,0.0714299464323527,0.0571439257166366,0,0.0476199206365212,0,0.0476199206365212,0.0571439257166366,0.128249502550101,0,0,0,0,0,0.041172338956928,0.0571439257166366,0,0.0571439257166366,0.0476199206365212,0,0,0,0.0714299464323527,0,0,0,0,0,0,0.0714299464323527,1,0.0714299464323527,0.0714299464323527,0.0714299464323527,0,0.0476199206365212,0,0,0,0.0571439257166366,0,0,0,0,0,0,0.041172338956928,0.0397384474440781,0,0.0571439257166366,0,0.0571439257166366,0.041172338956928,0,0.0714299464323527,0,0,0.0476199206365212,0.0571439257166366,0.0714299464323527,0,0,0.0367574589715877,0,0.0571439257166366,0,0,0.0367619429090039,0,0.0571439257166366,0,0,0.0367574589715877,0.0301593188641145,0.0367619429090039,0.0367619429090039,0.0367619429090039,0.0337236205744276,0.0571439257166366,0,0,0,0,0,0,0.041172338956928,0,0,0,0,0,0.0476199206365212,0,0.0476199206365212,0.0571439257166366,0,0.0476199206365212,0.041172338956928,0.0476199206365212,0,0.0476199206365212,0,0.0367619429090039,0,0,0.041172338956928,0.0397384474440781,0.0439086453554596,0,0,0.0476199206365212,0,0,0.0571439257166366,0.0545144690325174,0,0.041172338956928,0.041172338956928,0,0,0,0,0,0,0,0,0,0.0714299464323527,0,0,0,0.0367619429090039,0,0,0.0571439257166366,0,0.0367619429090039,0,0.0476199206365212,0,0,0,0,0,0,0,0,0,0.041172338956928,0.0545144690325174,0,0,0,0,0,0,0.041172338956928,0.0476199206365212,0,0.0367619429090039,0.0571439257166366,0,0.0337236205744276,0,0,0,0,0,0,0.041172338956928,0,0,0,0,0,0.0571439257166366,0,0,0.0367619429090039,0,0.0476199206365212,0,0,0,0.0545144690325174,0,0,0,0,0.0933602719681705,0,0.0571439257166366,0,0.0367619429090039,0,0.0571439257166366,0.0367619429090039,0,0,0.041172338956928,0.0476199206365212,0,0,0.0571439257166366,0,0,0.0571439257166366,0.0476199206365212,0,0.041172338956928,0.0571439257166366,0,0,0,0,0,0,0,0,0,0,0,0,0,0,0,0,0.0367619429090039,0.0571439257166366,0.0571439257166366,0.0545144690325174,0,0.0571439257166366,0,0,0,0
0,0.0865818037575277,0,0.0714299464323527,0.147105639620399,0.0613432731147329,0.0714299464323527,0.0865818037575277,0,0,0,0.0714299464323527,0.148976520421494,0.0714299464323527,0,0.0865818037575277,0.0865818037575277,0.0613432731147329,0.109892388006257,0.0498579928542293,0.0714299464323527,0.0714299464323527,0,0.0865818037575277,0.0714299464323527,0.0545213728963117,0.0545213728963117,0.0613432731147329,0,0,0,0,0.147105639620399,0.0498579928542293,0.0498579928542293,0.0714299464323527,0,0,0.0714299464323527,0.0865818037575277,0,0,0,0.148976520421494,0,0,0.0641346694500205,0,0,0.0545213728963117,0,0,0.0613432731147329,0,0.0714299464323527,0,0,0,0.0865818037575277,0,0,0.0714299464323527,0.147105639620399,0,0,0.0714299464323527,0.0714299464323527,0.0714299464323527,0.0466468368249435,0.0444245555713213,0.0865818037575277,0.0714299464323527,0,0,0,0.0545144690325174,0.0865818037575277,0.386967653528542,0,0.319248127932352,0,0,0.319248127932352,0,0.319248127932352,0.0466468368249435,0.0714299464323527,0,0.0613432731147329,0,0.147105639620399,0.319248127932352,0,0,0,0,0.0714299464323527,0,0,0,0,0,0,0.0545213728963117,0.0466468368249435,0.0498579928542293,0,0.0656073668246963,0,0.0466468368249435,0,0,0,0,0,0.0444245555713213,0,0.0714299464323527,0.0613432731147329,0.0613432731147329,0.0613432731147329,0,0.0613432731147329,0.109892388006257,0,0,0,0,0,0,0.0545213728963117,0,0.147105639620399,0.0865818037575277,0,0.0613432731147329,0,0.173472727049999,0.0865818037575277,0.0714299464323527,0.0714299464323527,0.0714299464323527,0,0,0.0613432731147329,0.0545213728963117,0.0714299464323527,0,0.0714299464323527,0.0865818037575277,0.0714299464323527,0.0545213728963117,0,0.147105639620399,0.0613432731147329,0.0466468368249435,0.0545213728963117,0.0714299464323527,0.0545213728963117,0,0,0.0613432731147329,0.0613432731147329,0,0.0613432731147329,0,0,0,0,0.0714299464323527,0.0714299464323527,0,0.0613432731147329,0.0865818037575277,0.0714299464323527,0,0.0613432731147329,0,0.0613432731147329,0.0714299464323527,0.147105639620399,0,0,0,0,0,0.0545213728963117,0.0714299464323527,0,0.0714299464323527,0.0613432731147329,0,0,0,0.386967653528542,0,0,0,0,0,0,0.386967653528542,0.0714299464323527,1,1,0.386967653528542,0,0.148976520421494,0,0,0,0.0714299464323527,0,0,0,0,0,0,0.0545213728963117,0.0509474689183968,0,0.0714299464323527,0,0.0714299464323527,0.0545213728963117,0,0.386967653528542,0,0,0.0613432731147329,0.173472727049999,0.0865818037575277,0,0,0.0470411711002957,0,0.0714299464323527,0,0,0.0498579928542293,0,0.0714299464323527,0,0,0.0470411711002957,0.0428812849891,0.0498579928542293,0.0498579928542293,0.0498579928542293,0.0466468368249435,0.0714299464323527,0,0,0,0,0,0,0.0545213728963117,0,0,0,0,0,0.0613432731147329,0,0.0613432731147329,0.0714299464323527,0,0.0613432731147329,0.0545213728963117,0.0613432731147329,0,0.0613432731147329,0,0.0498579928542293,0,0,0.0545213728963117,0.0509474689183968,0.0545144690325174,0,0,0.0613432731147329,0,0,0.173472727049999,0.293224761930786,0,0.0545213728963117,0.0545213728963117,0,0,0,0,0,0,0,0,0,0.0865818037575277,0,0,0,0.0498579928542293,0,0,0.0714299464323527,0,0.0498579928542293,0,0.0613432731147329,0,0,0,0,0,0,0,0,0,0.0545213728963117,0.0656073668246963,0,0,0,0,0,0,0.0545213728963117,0.0613432731147329,0,0.0498579928542293,0.173472727049999,0,0.0466468368249435,0,0,0,0,0,0,0.0545213728963117,0,0,0,0,0,0.0714299464323527,0,0,0.0498579928542293,0,0.0613432731147329,0,0,0,0.0656073668246963,0,0,0,0,0.109892388006257,0,0.319248127932352,0,0.0498579928542293,0,0.0714299464323527,0.0498579928542293,0,0,0.0545213728963117,0.0613432731147329,0,0,0.0714299464323527,0,0,0.0714299464323527,0.0613432731147329,0,0.0545213728963117,0.0714299464323527,0,0,0,0,0,0,0,0,0,0,0,0,0,0,0,0,0.0498579928542293,0.0714299464323527,0.0714299464323527,0.0656073668246963,0,0.0714299464323527,0,0,0,0
0,0.0865818037575277,0,0.0714299464323527,0.147105639620399,0.0613432731147329,0.0714299464323527,0.0865818037575277,0,0,0,0.0714299464323527,0.148976520421494,0.0714299464323527,0,0.0865818037575277,0.0865818037575277,0.0613432731147329,0.109892388006257,0.0498579928542293,0.0714299464323527,0.0714299464323527,0,0.0865818037575277,0.0714299464323527,0.0545213728963117,0.0545213728963117,0.0613432731147329,0,0,0,0,0.147105639620399,0.0498579928542293,0.0498579928542293,0.0714299464323527,0,0,0.0714299464323527,0.0865818037575277,0,0,0,0.148976520421494,0,0,0.0641346694500205,0,0,0.0545213728963117,0,0,0.0613432731147329,0,0.0714299464323527,0,0,0,0.0865818037575277,0,0,0.0714299464323527,0.147105639620399,0,0,0.0714299464323527,0.0714299464323527,0.0714299464323527,0.0466468368249435,0.0444245555713213,0.0865818037575277,0.0714299464323527,0,0,0,0.0545144690325174,0.0865818037575277,0.386967653528542,0,0.319248127932352,0,0,0.319248127932352,0,0.319248127932352,0.0466468368249435,0.0714299464323527,0,0.0613432731147329,0,0.147105639620399,0.319248127932352,0,0,0,0,0.0714299464323527,0,0,0,0,0,0,0.0545213728963117,0.0466468368249435,0.0498579928542293,0,0.0656073668246963,0,0.0466468368249435,0,0,0,0,0,0.0444245555713213,0,0.0714299464323527,0.0613432731147329,0.0613432731147329,0.0613432731147329,0,0.0613432731147329,0.109892388006257,0,0,0,0,0,0,0.0545213728963117,0,0.147105639620399,0.0865818037575277,0,0.0613432731147329,0,0.173472727049999,0.0865818037575277,0.0714299464323527,0.0714299464323527,0.0714299464323527,0,0,0.0613432731147329,0.0545213728963117,0.0714299464323527,0,0.0714299464323527,0.0865818037575277,0.0714299464323527,0.0545213728963117,0,0.147105639620399,0.0613432731147329,0.0466468368249435,0.0545213728963117,0.0714299464323527,0.0545213728963117,0,0,0.0613432731147329,0.0613432731147329,0,0.0613432731147329,0,0,0,0,0.0714299464323527,0.0714299464323527,0,0.0613432731147329,0.0865818037575277,0.0714299464323527,0,0.0613432731147329,0,0.0613432731147329,0.0714299464323527,0.147105639620399,0,0,0,0,0,0.0545213728963117,0.0714299464323527,0,0.0714299464323527,0.0613432731147329,0,0,0,0.386967653528542,0,0,0,0,0,0,0.386967653528542,0.0714299464323527,1,1,0.386967653528542,0,0.148976520421494,0,0,0,0.0714299464323527,0,0,0,0,0,0,0.0545213728963117,0.0509474689183968,0,0.0714299464323527,0,0.0714299464323527,0.0545213728963117,0,0.386967653528542,0,0,0.0613432731147329,0.173472727049999,0.0865818037575277,0,0,0.0470411711002957,0,0.0714299464323527,0,0,0.0498579928542293,0,0.0714299464323527,0,0,0.0470411711002957,0.0428812849891,0.0498579928542293,0.0498579928542293,0.0498579928542293,0.0466468368249435,0.0714299464323527,0,0,0,0,0,0,0.0545213728963117,0,0,0,0,0,0.0613432731147329,0,0.0613432731147329,0.0714299464323527,0,0.0613432731147329,0.0545213728963117,0.0613432731147329,0,0.0613432731147329,0,0.0498579928542293,0,0,0.0545213728963117,0.0509474689183968,0.0545144690325174,0,0,0.0613432731147329,0,0,0.173472727049999,0.293224761930786,0,0.0545213728963117,0.0545213728963117,0,0,0,0,0,0,0,0,0,0.0865818037575277,0,0,0,0.0498579928542293,0,0,0.0714299464323527,0,0.0498579928542293,0,0.0613432731147329,0,0,0,0,0,0,0,0,0,0.0545213728963117,0.0656073668246963,0,0,0,0,0,0,0.0545213728963117,0.0613432731147329,0,0.0498579928542293,0.173472727049999,0,0.0466468368249435,0,0,0,0,0,0,0.0545213728963117,0,0,0,0,0,0.0714299464323527,0,0,0.0498579928542293,0,0.0613432731147329,0,0,0,0.0656073668246963,0,0,0,0,0.109892388006257,0,0.319248127932352,0,0.0498579928542293,0,0.0714299464323527,0.0498579928542293,0,0,0.0545213728963117,0.0613432731147329,0,0,0.0714299464323527,0,0,0.0714299464323527,0.0613432731147329,0,0.0545213728963117,0.0714299464323527,0,0,0,0,0,0,0,0,0,0,0,0,0,0,0,0,0.0498579928542293,0.0714299464323527,0.0714299464323527,0.0656073668246963,0,0.0714299464323527,0,0,0,0
0,0.0865818037575277,0,0.0714299464323527,0.147105639620399,0.0613432731147329,0.0714299464323527,0.0865818037575277,0,0,0,0.0714299464323527,0.148976520421494,0.0714299464323527,0,0.0865818037575277,0.0865818037575277,0.0613432731147329,0.109892388006257,0.0498579928542293,0.0714299464323527,0.0714299464323527,0,0.0865818037575277,0.0714299464323527,0.0545213728963117,0.0545213728963117,0.0613432731147329,0,0,0,0,0.147105639620399,0.0498579928542293,0.0498579928542293,0.0714299464323527,0,0,0.0714299464323527,0.0865818037575277,0,0,0,0.148976520421494,0,0,0.0641346694500205,0,0,0.0545213728963117,0,0,0.0613432731147329,0,0.0714299464323527,0,0,0,0.0865818037575277,0,0,0.0714299464323527,0.147105639620399,0,0,0.0714299464323527,0.0714299464323527,0.0714299464323527,0.0466468368249435,0.0444245555713213,0.0865818037575277,0.0714299464323527,0,0,0,0.0545144690325174,0.0865818037575277,0.386967653528542,0,0.319248127932352,0,0,0.319248127932352,0,0.319248127932352,0.0466468368249435,0.0714299464323527,0,0.0613432731147329,0,0.147105639620399,0.319248127932352,0,0,0,0,0.0714299464323527,0,0,0,0,0,0,0.0545213728963117,0.0466468368249435,0.0498579928542293,0,0.0656073668246963,0,0.0466468368249435,0,0,0,0,0,0.0444245555713213,0,0.0714299464323527,0.0613432731147329,0.0613432731147329,0.0613432731147329,0,0.0613432731147329,0.109892388006257,0,0,0,0,0,0,0.0545213728963117,0,0.147105639620399,0.0865818037575277,0,0.0613432731147329,0,0.173472727049999,0.0865818037575277,0.0714299464323527,0.0714299464323527,0.0714299464323527,0,0,0.0613432731147329,0.0545213728963117,0.0714299464323527,0,0.0714299464323527,0.0865818037575277,0.0714299464323527,0.0545213728963117,0,0.147105639620399,0.0613432731147329,0.0466468368249435,0.0545213728963117,0.0714299464323527,0.0545213728963117,0,0,0.0613432731147329,0.0613432731147329,0,0.0613432731147329,0,0,0,0,0.0714299464323527,0.0714299464323527,0,0.0613432731147329,0.0865818037575277,0.0714299464323527,0,0.0613432731147329,0,0.0613432731147329,0.0714299464323527,0.147105639620399,0,0,0,0,0,0.0545213728963117,0.0714299464323527,0,0.0714299464323527,0.0613432731147329,0,0,0,0.639392737369731,0,0,0,0,0,0,0.386967653528542,0.0714299464323527,0.386967653528542,0.386967653528542,1,0,0.148976520421494,0,0,0,0.0714299464323527,0,0,0,0,0,0,0.0545213728963117,0.0509474689183968,0,0.0714299464323527,0,0.0714299464323527,0.0545213728963117,0,0.386967653528542,0,0,0.0613432731147329,0.173472727049999,0.0865818037575277,0,0,0.0470411711002957,0,0.0714299464323527,0,0,0.0498579928542293,0,0.0714299464323527,0,0,0.0470411711002957,0.0428812849891,0.0498579928542293,0.0498579928542293,0.0498579928542293,0.0466468368249435,0.0714299464323527,0,0,0,0,0,0,0.0545213728963117,0,0,0,0,0,0.0613432731147329,0,0.0613432731147329,0.0714299464323527,0,0.0613432731147329,0.0545213728963117,0.0613432731147329,0,0.0613432731147329,0,0.0498579928542293,0,0,0.0545213728963117,0.0509474689183968,0.0545144690325174,0,0,0.0613432731147329,0,0,0.173472727049999,0.293224761930786,0,0.0545213728963117,0.0545213728963117,0,0,0,0,0,0,0,0,0,0.0865818037575277,0,0,0,0.0498579928542293,0,0,0.0714299464323527,0,0.0498579928542293,0,0.0613432731147329,0,0,0,0,0,0,0,0,0,0.0545213728963117,0.0656073668246963,0,0,0,0,0,0,0.0545213728963117,0.0613432731147329,0,0.0498579928542293,0.173472727049999,0,0.0466468368249435,0,0,0,0,0,0,0.0545213728963117,0,0,0,0,0,0.0714299464323527,0,0,0.0498579928542293,0,0.0613432731147329,0,0,0,0.0656073668246963,0,0,0,0,0.109892388006257,0,0.527498700621427,0,0.0498579928542293,0,0.0714299464323527,0.0498579928542293,0,0,0.0545213728963117,0.0613432731147329,0,0,0.0714299464323527,0,0,0.0714299464323527,0.0613432731147329,0,0.0545213728963117,0.0714299464323527,0,0,0,0,0,0,0,0,0,0,0,0,0,0,0,0,0.0498579928542293,0.0714299464323527,0.0714299464323527,0.0656073668246963,0,0.0714299464323527,0,0,0,0
0,0,0,0,0,0,0,0,0,0,0,0,0,0,0,0,0,0,0,0,0,0,0,0,0,0,0,0,0,0,0,0,0,0,0,0,0,0,0,0,0,0,0,0,0,0,0,0,0,0,0,0,0,0,0,0,0,0,0,0,0,0,0,0,0,0,0,0,0,0,0,0,0,0,0,0,0,0,0,0,0,0,0,0,0,0,0,0,0,0,0,0,0,0,0,0,0,0,0,0,0,0,0,0,0,0,0,0,0,0,0,0,0,0,0,0,0,0,0,0,0,0,0,0,0,0,0,0,0,0,0,0,0,0,0,0,0,0,0,0,0,0,0,0,0,0,0,0,0,0,0,0,0,0,0,0,0,0,0,0,0,0,0,0,0,0,0,0,0,0,0,0,0,0,0,0,0,0,0,0,0,0,0,0,0,0,0,0,0,0,0,0,0,0,0,0,0,0,0,0,0,0,0,0,0,0,1,0,0,0,0,0,0,0,0,0,0,0,0,0,0,0,0,0,0,0,0,0,0,0,0,0,0,0,0,0,0,0,0,0,0,0,0,0,0,0,0,0,0,0,0,0,0,0,0,0,0,0,0,0,0,0,0,0,0,0,0,0,0,0,0,0,0,0,0,0,0,0,0,0,0,0,0,0,0,0,0,0,0,0,0,0,0,0,0,0,0,0,0,0,0,0,0,0,0,0,0,0,0,0,0,0,0,0,0,0,0,0,0,0,0,0,0,0,0,0,0,0,0,0,0,0,0,0,0,0,0,0,0,0,0,0,0,0,0,0,0,0,0,0,0,0,0,0,0,0,0,0,0,0,0,0,0,0,0,0,0,0,0,0,0,0,0,0,0,0,0,0,0,0,0,0,0,0,0,0,0,0,0,0,0,0,0,0,0,0,0,0,0,0,0,0,0,0,0,0,0,0,0
0,0.0613432731147329,0,0.0476199206365212,0.115768709113422,0.0384622300306098,0.0476199206365212,0.0613432731147329,0,0,0,0.0476199206365212,0.171902619932726,0.0476199206365212,0,0.0613432731147329,0.0613432731147329,0.0384622300306098,0.0823790970344355,0.0280132767810044,0.0476199206365212,0.0476199206365212,0,0.0613432731147329,0.0476199206365212,0.0322586368373393,0.0322586368373393,0.0384622300306098,0,0,0,0,0.115768709113422,0.0280132767810044,0.0280132767810044,0.0476199206365212,0,0,0.0476199206365212,0.0613432731147329,0,0,0,0.673076438978573,0,0,0.046024045266946,0,0,0.0322586368373393,0,0,0.0384622300306098,0,0.0476199206365212,0,0,0,0.0613432731147329,0,0,0.0476199206365212,0.115768709113422,0,0,0.0476199206365212,0.0476199206365212,0.0476199206365212,0.0250877674831517,0.023062117726601,0.0613432731147329,0.0476199206365212,0,0,0,0.0367574589715877,0.0613432731147329,0.148976520421494,0,0.115648378688694,0,0,0.115648378688694,0,0.115648378688694,0.0250877674831517,0.0476199206365212,0,0.0384622300306098,0,0.115768709113422,0.115648378688694,0,0,0,0,0.0476199206365212,0,0,0,0,0,0,0.0322586368373393,0.0250877674831517,0.0280132767810044,0,0.0470411711002957,0,0.0250877674831517,0,0,0,0,0,0.023062117726601,0,0.0476199206365212,0.0384622300306098,0.0384622300306098,0.0384622300306098,0,0.0384622300306098,0.0823790970344355,0,0,0,0,0,0,0.0322586368373393,0,0.115768709113422,0.0613432731147329,0,0.0384622300306098,0,0.212831890191799,0.0613432731147329,0.0476199206365212,0.0476199206365212,0.0476199206365212,0,0,0.0384622300306098,0.0322586368373393,0.0476199206365212,0,0.0476199206365212,0.0613432731147329,0.0476199206365212,0.0322586368373393,0,0.115768709113422,0.0384622300306098,0.0250877674831517,0.0322586368373393,0.0476199206365212,0.0322586368373393,0,0,0.0384622300306098,0.0384622300306098,0,0.0384622300306098,0,0,0,0,0.0476199206365212,0.0476199206365212,0,0.0384622300306098,0.0613432731147329,0.0476199206365212,0,0.0384622300306098,0,0.0384622300306098,0.0476199206365212,0.115768709113422,0,0,0,0,0,0.0322586368373393,0.0476199206365212,0,0.0476199206365212,0.0384622300306098,0,0,0,0.148976520421494,0,0,0,0,0,0,0.148976520421494,0.0476199206365212,0.148976520421494,0.148976520421494,0.148976520421494,0,1,0,0,0,0.0476199206365212,0,0,0,0,0,0,0.0322586368373393,0.0321989129729743,0,0.0476199206365212,0,0.0476199206365212,0.0322586368373393,0,0.148976520421494,0,0,0.0384622300306098,0.212831890191799,0.0613432731147329,0,0,0.0298195175153452,0,0.0476199206365212,0,0,0.0280132767810044,0,0.0476199206365212,0,0,0.0298195175153452,0.0216548926727131,0.0280132767810044,0.0280132767810044,0.0280132767810044,0.0250877674831517,0.0476199206365212,0,0,0,0,0,0,0.0322586368373393,0,0,0,0,0,0.0384622300306098,0,0.0384622300306098,0.0476199206365212,0,0.0384622300306098,0.0322586368373393,0.0384622300306098,0,0.0384622300306098,0,0.0280132767810044,0,0,0.0322586368373393,0.0321989129729743,0.0367574589715877,0,0,0.0384622300306098,0,0,0.212831890191799,0.114242844100718,0,0.0322586368373393,0.0322586368373393,0,0,0,0,0,0,0,0,0,0.0613432731147329,0,0,0,0.0280132767810044,0,0,0.0476199206365212,0,0.0280132767810044,0,0.0384622300306098,0,0,0,0,0,0,0,0,0,0.0322586368373393,0.0470411711002957,0,0,0,0,0,0,0.0322586368373393,0.0384622300306098,0,0.0280132767810044,0.212831890191799,0,0.0250877674831517,0,0,0,0,0,0,0.0322586368373393,0,0,0,0,0,0.0476199206365212,0,0,0.0280132767810044,0,0.0384622300306098,0,0,0,0.0470411711002957,0,0,0,0,0.0823790970344355,0,0.115648378688694,0,0.0280132767810044,0,0.0476199206365212,0.0280132767810044,0,0,0.0322586368373393,0.0384622300306098,0,0,0.0476199206365212,0,0,0.0476199206365212,0.0384622300306098,0,0.0322586368373393,0.0476199206365212,0,0,0,0,0,0,0,0,0,0,0,0,0,0,0,0,0.0280132767810044,0.0476199206365212,0.0476199206365212,0.0470411711002957,0,0.0476199206365212,0,0,0,0
0,0,0,0,0,0,0,0,0,0,0,0,0,0,0,0,0,0,0,0,0,0,0,0,0,0,0,0,0,0,0,0,0,0,0,0,0,0,0,0,0,0,0,0,0,0,0,0,0,0,0,0,0,0,0,0,0,0,0,0,0,0,0,0,0,0,0,0,0,0,0,0,0,0,0,0,0,0,0,0,0,0,0,0,0,0,0,0,0,0,0,0,0,0,0,0,0,0,0,0,0,0,0,0,0,0,0,0,0,0,0,0,0,0,0,0,0,0,0,0,0,0,0,0,0,0,0,0,0,0,0,0,0,0,0,0,0,0,0,0,0,0,0,0,0,0,0,0,0,0,0,0,0,0,0,0,0,0,0,0,0,0,0,0,0,0,0,0,0,0,0,0,0,0,0,0,0,0,0,0,0,0,0,0,0,0,0,0,0,0,0,0,0,0,0,0,0,0,0,0,0,0,0,0,0,0,0,0,1,0,0,0,0,0,0,0,0,0,0,0,0,0,0,0,0,0,0,0,0,0,0,0,0,0,0,0,0,0,0,0,0,0,0,0,0,0,0,0,0,0,0,0,0,0,0,0,0,0,0,0,0,0,0,0,0,0,0,0,0,0,0,0,0,0,0,0,0,0,0,0,0,0,0,0,0,0,0,0,0,0,0,0,0,0,0,0,0,0,0,0,0,0,0,0,0,0,0,0,0,0,0,0,0,0,0,0,0,0,0,0,0,0,0,0,0,0,0,0,0,0,0,0,0,0,0,0,0,0,0,0,0,0,0,0,0,0,0,0,0,0,0,0,0,0,0,0,0,0,0,0,0,0,0,0,0,0,0,0,0,0,0,0,0,0,0,0,0,0,0,0,0,0,0,0,0,0,0,0,0,0,0,0,0,0,0,0,0,0,0,0,0,0,0,0,0,0,0,0,0
0,0,0,0,0,0,0,0,0,0,0,0,0,0,0,0,0,0,0,0,0,0,0,0,0,0,0,0,0,0,0,0,0,0,0,0,0,0,0,0,0,0,0,0,0,0,0,0,0,0,0,0,0,0,0,0,0,0,0,0,0,0,0,0,0,0,0,0,0,0,0,0,0,0,0,0,0,0,0,0,0,0,0,0,0,0,0,0,0,0,0,0,0,0,0,0,0,0,0,0,0,0,0,0,0,0,0,0,0,0,0,0,0,0,0,0,0,0,0,0,0,0,0,0,0,0,0,0,0,0,0,0,0,0,0,0,0,0,0,0,0,0,0,0,0,0,0,0,0,0,0,0,0,0,0,0,0,0,0,0,0,0,0,0,0,0,0,0,0,0,0,0,0,0,0,0,0,0,0,0,0,0,0,0,0,0,0,0,0,0,0,0,0,0,0,0,0,0,0,0,0,0,0,0,0,0,0,0,0,1,0,0,0,0,0,0,0,0,0,0,0,0,0,0,0,0,0,0,0,0,0,0,0,0,0,0,0,0,0,0,0,0,0,0,0,0,0,0,0,0,0,0,0,0,0,0,0,0,0,0,0,0,0,0,0,0,0,0,0,0,0,0,0,0,0,0,0,0,0,0,0,0,0,0,0,0,0,0,0,0,0,0,0,0,0,0,0,0,0,0,0,0,0,0,0,0,0,0,0,0,0,0,0,0,0,0,0,0,0,0,0,0,0,0,0,0,0,0,0,0,0,0,0,0,0,0,0,0,0,0,0,0,0,0,0,0,0,0,0,0,0,0,0,0,0,0,0,0,0,0,0,0,0,0,0,0,0,0,0,0,0,0,0,0,0,0,0,0,0,0,0,0,0,0,0,0,0,0,0,0,0,0,0,0,0,0,0,0,0,0,0,0,0,0,0,0,0,0,0
0,0,0,0,0,0,0,0,0,0,0,0,0,0,0,0,0,0,0,0,0,0,0,0,0,0,0,0,0,0,0,0,0,0,0,0,0,0,0,0,0,0,0,0,0,0,0,0,0,0,0,0,0,0,0,0,0,0,0,0,0,0,0,0,0,0,0,0,0,0,0,0,0,0,0,0,0,0,0,0,0,0,0,0,0,0,0,0,0,0,0,0,0,0,0,0,0,0,0,0,0,0,0,0,0,0,0,0,0,0,0,0,0,0,0,0,0,0,0,0,0,0,0,0,0,0,0,0,0,0,0,0,0,0,0,0,0,0,0,0,0,0,0,0,0,0,0,0,0,0,0,0,0,0,0,0,0,0,0,0,0,0,0,0,0,0,0,0,0,0,0,0,0,0,0,0,0,0,0,0,0,0,0,0,0,0,0,0,0,0,0,0,0,0,0,0,0,0,0,0,0,0,0,0,0,0,0,0,0,0,1,0,0,0,0,0,0,0,0,0,0,0,0,0,0,0,0,0,0,0,0,0,0,0,0,0,0,0,0,0,0,0,0,0,0,0,0,0,0,0,0,0,0,0,0,0,0,0,0,0,0,0,0,0,0,0,0,0,0,0,0,0,0,0,0,0,0,0,0,0,0,0,0,0,0,0,0,0,0,0,0,0,0,0,0,0,0,0,0,0,0,0,0,0,0,0,0,0,0,0,0,0,0,0,0,0,0,0,0,0,0,0,0,0,0,0,0,0,0,0,0,0,0,0,0,0,0,0,0,0,0,0,0,0,0,0,0,0,0,0,0,0,0,0,0,0,0,0,0,0,0,0,0,0,0,0,0,0,0,0,0,0,0,0,0,0,0,0,0,0,0,0,0,0,0,0,0,0,0,0,0,0,0,0,0,0,0,0,0,0,0,0,0,0,0,0,0,0,0
0,0.173472727049999,0,0.0571439257166366,0.128249502550101,0.115648378688694,0.0571439257166366,0.0714299464323527,0,0,0,0.138778105311832,0.0476199206365212,0.138778105311832,0,0.0714299464323527,0.173472727049999,0.115648378688694,0.226732089065557,0.0367619429090039,0.0571439257166366,0.0571439257166366,0,0.173472727049999,0.0571439257166366,0.041172338956928,0.041172338956928,0.0476199206365212,0,0,0,0,0.128249502550101,0.0892790042075809,0.0892790042075809,0.138778105311832,0,0,0.138778105311832,0.173472727049999,0,0,0,0.0476199206365212,0,0,0.106635281577545,0,0,0.0999899660382537,0,0,0.115648378688694,0,0.0571439257166366,0,0,0,0.0714299464323527,0,0,0.138778105311832,0.128249502550101,0,0,0.0571439257166366,0.138778105311832,0.0571439257166366,0.0819002213950383,0.0767921451378269,0.0714299464323527,0.138778105311832,0,0,0,0.106635281577545,0.0714299464323527,0.0714299464323527,0,0.0571439257166366,0,0,0.0571439257166366,0,0.0571439257166366,0.0337236205744276,0.138778105311832,0,0.212831890191799,0,0.128249502550101,0.0571439257166366,0,0,0,0,0.0571439257166366,0,0,0,0,0,0,0.0999899660382537,0.0337236205744276,0.0367619429090039,0,0.132392281936114,0,0.0819002213950383,0,0,0,0,0,0.0767921451378269,0,0.138778105311832,0.351665478053376,0.115648378688694,0.115648378688694,0,0.115648378688694,0.0933602719681705,0,0,0,0,0,0,0.0999899660382537,0,0.128249502550101,0.0714299464323527,0,0.115648378688694,0,0.0571439257166366,0.0714299464323527,0.138778105311832,0.0571439257166366,0.0571439257166366,0,0,0.0476199206365212,0.304051121218363,0.255398361876396,0,0.0571439257166366,0.0714299464323527,0.138778105311832,0.041172338956928,0,0.128249502550101,0.212831890191799,0.0337236205744276,0.0999899660382537,0.138778105311832,0.041172338956928,0,0,0.212831890191799,0.115648378688694,0,0.115648378688694,0,0,0,0,0.255398361876396,0.138778105311832,0,0.0476199206365212,0.319248127932352,0.138778105311832,0,0.115648378688694,0,0.115648378688694,0.138778105311832,0.128249502550101,0,0,0,0,0,0.0999899660382537,0.0571439257166366,0,0.0571439257166366,0.0476199206365212,0,0,0,0.0714299464323527,0,0,0,0,0,0,0.0714299464323527,0.0571439257166366,0.0714299464323527,0.0714299464323527,0.0714299464323527,0,0.0476199206365212,0,0,0,1,0,0,0,0,0,0,0.041172338956928,0.0965076580784755,0,0.138778105311832,0,0.255398361876396,0.041172338956928,0,0.0714299464323527,0,0,0.115648378688694,0.0571439257166366,0.173472727049999,0,0,0.16428333703628,0,0.138778105311832,0,0,0.0367619429090039,0,0.138778105311832,0,0,0.0892681146452845,0.0301593188641145,0.0367619429090039,0.0367619429090039,0.0892790042075809,0.0819002213950383,0.138778105311832,0,0,0,0,0,0,0.041172338956928,0,0,0,0,0,0.115648378688694,0,0.115648378688694,0.138778105311832,0,0.115648378688694,0.304051121218363,0.115648378688694,0,0.0476199206365212,0,0.0367619429090039,0,0,0.041172338956928,0.0965076580784755,0.106635281577545,0,0,0.115648378688694,0,0,0.0571439257166366,0.118649138482538,0,0.0999899660382537,0.0999899660382537,0,0,0,0,0,0,0,0,0,0.173472727049999,0,0,0,0.0892790042075809,0,0,0.138778105311832,0,0.0892790042075809,0,0.115648378688694,0,0,0,0,0,0,0,0,0,0.041172338956928,0.132392281936114,0,0,0,0,0,0,0.184015147583005,0.0476199206365212,0,0.0367619429090039,0.0571439257166366,0,0.0819002213950383,0,0,0,0,0,0,0.0999899660382537,0,0,0,0,0,0.138778105311832,0,0,0.0892790042075809,0,0.115648378688694,0,0,0,0.132392281936114,0,0,0,0,0.0933602719681705,0,0.0571439257166366,0,0.0892790042075809,0,0.0571439257166366,0.0892790042075809,0,0,0.0999899660382537,0.115648378688694,0,0,0.421998728397202,0,0,0.0571439257166366,0.115648378688694,0,0.0999899660382537,0.255398361876396,0,0,0,0,0,0,0,0,0,0,0,0,0,0,0,0,0.0367619429090039,0.0571439257166366,0.255398361876396,0.132392281936114,0,0.255398361876396,0,0,0,0
0,0,0,0,0,0,0,0,0,0,0,0,0,0,0,0,0,0,0,0,0,0,0,0,0,0,0,0,0,0,0,0,0,0,0,0,0,0,0,0,0,0,0,0,0,0,0,0,0,0,0,0,0,0,0,0,0,0,0,0,0,0,0,0,0,0,0,0,0,0,0,0,0,0,0,0,0,0,0,0,0,0,0,0,0,0,0,0,0,0,0,0,0,0,0,0,0,0,0,0,0,0,0,0,0,0,0,0,0,0,0,0,0,0,0,0,0,0,0,0,0,0,0,0,0,0,0,0,0,0,0,0,0,0,0,0,0,0,0,0,0,0,0,0,0,0,0,0,0,0,0,0,0,0,0,0,0,0,0,0,0,0,0,0,0,0,0,0,0,0,0,0,0,0,0,0,0,0,0,0,0,0,0,0,0,0,0,0,0,0,0,0,0,0,0,0,0,0,0,0,0,0,0,0,0,0,0,0,0,0,0,0,1,0,0,0,0,0,0,0,0,0,0,0,0,0,0,0,0,0,0,0,0,0,0,0,0,0,0,0,0,0,0,0,0,0,0,0,0,0,0,0,0,0,0,0,0,0,0,0,0,0,0,0,0,0,0,0,0,0,0,0,0,0,0,0,0,0,0,0,0,0,0,0,0,0,0,0,0,0,0,0,0,0,0,0,0,0,0,0,0,0,0,0,0,0,0,0,0,0,0,0,0,0,0,0,0,0,0,0,0,0,0,0,0,0,0,0,0,0,0,0,0,0,0,0,0,0,0,0,0,0,0,0,0,0,0,0,0,0,0,0,0,0,0,0,0,0,0,0,0,0,0,0,0,0,0,0,0,0,0,0,0,0,0,0,0,0,0,0,0,0,0,0,0,0,0,0,0,0,0,0,0,0,0,0,0,0,0,0,0,0,0,0,0,0,0,0,0
0,0,0,0,0,0,0,0,0,0,0,0,0,0,0,0,0,0,0,0,0,0,0,0,0,0,0,0,0,0,0,0,0,0,0,0,0,0,0,0,0,0,0,0,0,0,0,0,0,0,0,0,0,0,0,0,0,0,0,0,0,0,0,0,0,0,0,0,0,0,0,0,0,0,0,0,0,0,0,0,0,0,0,0,0,0,0,0,0,0,0,0,0,0,0,0,0,0,0,0,0,0,0,0,0,0,0,0,0,0,0,0,0,0,0,0,0,0,0,0,0,0,0,0,0,0,0,0,0,0,0,0,0,0,0,0,0,0,0,0,0,0,0,0,0,0,0,0,0,0,0,0,0,0,0,0,0,0,0,0,0,0,0,0,0,0,0,0,0,0,0,0,0,0,0,0,0,0,0,0,0,0,0,0,0,0,0,0,0,0,0,0,0,0,0,0,0,0,0,0,0,0,0,0,0,0,0,0,0,0,0,0,0,1,0,0,0,0,0,0,0,0,0,0,0,0,0,0,0,0,0,0,0,0,0,0,0,0,0,0,0,0,0,0,0,0,0,0,0,0,0,0,0,0,0,0,0,0,0,0,0,0,0,0,0,0,0,0,0,0,0,0,0,0,0,0,0,0,0,0,0,0,0,0,0,0,0,0,0,0,0,0,0,0,0,0,0,0,0,0,0,0,0,0,0,0,0,0,0,0,0,0,0,0,0,0,0,0,0,0,0,0,0,0,0,0,0,0,0,0,0,0,0,0,0,0,0,0,0,0,0,0,0,0,0,0,0,0,0,0,0,0,0,0,0,0,0,0,0,0,0,0,0,0,0,0,0,0,0,0,0,0,0,0,0,0,0,0,0,0,0,0,0,0,0,0,0,0,0,0,0,0,0,0,0,0,0,0,0,0,0,0,0,0,0,0,0,0,0
0,0,0,0,0,0,0,0,0,0,0,0,0,0,0,0,0,0,0,0,0,0,0,0,0,0,0,0,0,0,0,0,0,0,0,0,0,0,0,0,0,0,0,0,0,0,0,0,0,0,0,0,0,0,0,0,0,0,0,0,0,0,0,0,0,0,0,0,0,0,0,0,0,0,0,0,0,0,0,0,0,0,0,0,0,0,0,0,0,0,0,0,0,0,0,0,0,0,0,0,0,0,0,0,0,0,0,0,0,0,0,0,0,0,0,0,0,0,0,0,0,0,0,0,0,0,0,0,0,0,0,0,0,0,0,0,0,0,0,0,0,0,0,0,0,0,0,0,0,0,0,0,0,0,0,0,0,0,0,0,0,0,0,0,0,0,0,0,0,0,0,0,0,0,0,0,0,0,0,0,0,0,0,0,0,0,0,0,0,0,0,0,0,0,0,0,0,0,0,0,0,0,0,0,0,0,0,0,0,0,0,0,0,0,1,0,0,0,0,0,0,0,0,0,0,0,0,0,0,0,0,0,0,0,0,0,0,0,0,0,0,0,0,0,0,0,0,0,0,0,0,0,0,0,0,0,0,0,0,0,0,0,0,0,0,0,0,0,0,0,0,0,0,0,0,0,0,0,0,0,0,0,0,0,0,0,0,0,0,0,0,0,0,0,0,0,0,0,0,0,0,0,0,0,0,0,0,0,0,0,0,0,0,0,0,0,0,0,0,0,0,0,0,0,0,0,0,0,0,0,0,0,0,0,0,0,0,0,0,0,0,0,0,0,0,0,0,0,0,0,0,0,0,0,0,0,0,0,0,0,0,0,0,0,0,0,0,0,0,0,0,0,0,0,0,0,0,0,0,0,0,0,0,0,0,0,0,0,0,0,0,0,0,0,0,0,0,0,0,0,0,0,0,0,0,0,0,0,0
0,0,0,0,0,0,0,0,0,0,0,0,0,0,0,0,0,0,0,0,0,0,0,0,0,0,0,0,0,0,0,0,0,0,0,0,0,0,0,0,0,0,0,0,0,0,0,0,0,0,0,0,0,0,0,0,0,0,0,0,0,0,0,0,0,0,0,0,0,0,0,0,0,0,0,0,0,0,0,0,0,0,0,0,0,0,0,0,0,0,0,0,0,0,0,0,0,0,0,0,0,0,0,0,0,0,0,0,0,0,0,0,0,0,0,0,0,0,0,0,0,0,0,0,0,0,0,0,0,0,0,0,0,0,0,0,0,0,0,0,0,0,0,0,0,0,0,0,0,0,0,0,0,0,0,0,0,0,0,0,0,0,0,0,0,0,0,0,0,0,0,0,0,0,0,0,0,0,0,0,0,0,0,0,0,0,0,0,0,0,0,0,0,0,0,0,0,0,0,0,0,0,0,0,0,0,0,0,0,0,0,0,0,0,0,1,0,0,0,0,0,0,0,0,0,0,0,0,0,0,0,0,0,0,0,0,0,0,0,0,0,0,0,0,0,0,0,0,0,0,0,0,0,0,0,0,0,0,0,0,0,0,0,0,0,0,0,0,0,0,0,0,0,0,0,0,0,0,0,0,0,0,0,0,0,0,0,0,0,0,0,0,0,0,0,0,0,0,0,0,0,0,0,0,0,0,0,0,0,0,0,0,0,0,0,0,0,0,0,0,0,0,0,0,0,0,0,0,0,0,0,0,0,0,0,0,0,0,0,0,0,0,0,0,0,0,0,0,0,0,0,0,0,0,0,0,0,0,0,0,0,0,0,0,0,0,0,0,0,0,0,0,0,0,0,0,0,0,0,0,0,0,0,0,0,0,0,0,0,0,0,0,0,0,0,0,0,0,0,0,0,0,0,0,0,0,0,0,0
0,0,0,0,0,0,0,0,0,0,0,0,0,0,0,0,0,0,0,0,0,0,0,0,0,0,0,0,0,0,0,0,0,0,0,0,0,0,0,0,0,0,0,0,0,0,0,0,0,0,0,0,0,0,0,0,0,0,0,0,0,0,0,0,0,0,0,0,0,0,0,0,0,0,0,0,0,0,0,0,0,0,0,0,0,0,0,0,0,0,0,0,0,0,0,0,0,0,0,0,0,0,0,0,0,0,0,0,0,0,0,0,0,0,0,0,0,0,0,0,0,0,0,0,0,0,0,0,0,0,0,0,0,0,0,0,0,0,0,0,0,0,0,0,0,0,0,0,0,0,0,0,0,0,0,0,0,0,0,0,0,0,0,0,0,0,0,0,0,0,0,0,0,0,0,0,0,0,0,0,0,0,0,0,0,0,0,0,0,0,0,0,0,0,0,0,0,0,0,0,0,0,0,0,0,0,0,0,0,0,0,0,0,0,0,0,1,0,0,0,0,0,0,0,0,0,0,0,0,0,0,0,0,0,0,0,0,0,0,0,0,0,0,0,0,0,0,0,0,0,0,0,0,0,0,0,0,0,0,0,0,0,0,0,0,0,0,0,0,0,0,0,0,0,0,0,0,0,0,0,0,0,0,0,0,0,0,0,0,0,0,0,0,0,0,0,0,0,0,0,0,0,0,0,0,0,0,0,0,0,0,0,0,0,0,0,0,0,0,0,0,0,0,0,0,0,0,0,0,0,0,0,0,0,0,0,0,0,0,0,0,0,0,0,0,0,0,0,0,0,0,0,0,0,0,0,0,0,0,0,0,0,0,0,0,0,0,0,0,0,0,0,0,0,0,0,0,0,0,0,0,0,0,0,0,0,0,0,0,0,0,0,0,0,0,0,0,0,0,0,0,0,0,0,0,0,0,0,0
0,0,0,0,0,0,0,0,0,0,0,0,0,0,0,0,0,0,0,0,0,0,0,0,0,0,0,0,0,0,0,0,0,0,0,0,0,0,0,0,0,0,0,0,0,0,0,0,0,0,0,0,0,0,0,0,0,0,0,0,0,0,0,0,0,0,0,0,0,0,0,0,0,0,0,0,0,0,0,0,0,0,0,0,0,0,0,0,0,0,0,0,0,0,0,0,0,0,0,0,0,0,0,0,0,0,0,0,0,0,0,0,0,0,0,0,0,0,0,0,0,0,0,0,0,0,0,0,0,0,0,0,0,0,0,0,0,0,0,0,0,0,0,0,0,0,0,0,0,0,0,0,0,0,0,0,0,0,0,0,0,0,0,0,0,0,0,0,0,0,0,0,0,0,0,0,0,0,0,0,0,0,0,0,0,0,0,0,0,0,0,0,0,0,0,0,0,0,0,0,0,0,0,0,0,0,0,0,0,0,0,0,0,0,0,0,0,1,0,0,0,0,0,0,0,0,0,0,0,0,0,0,0,0,0,0,0,0,0,0,0,0,0,0,0,0,0,0,0,0,0,0,0,0,0,0,0,0,0,0,0,0,0,0,0,0,0,0,0,0,0,0,0,0,0,0,0,0,0,0,0,0,0,0,0,0,0,0,0,0,0,0,0,0,0,0,0,0,0,0,0,0,0,0,0,0,0,0,0,0,0,0,0,0,0,0,0,0,0,0,0,0,0,0,0,0,0,0,0,0,0,0,0,0,0,0,0,0,0,0,0,0,0,0,0,0,0,0,0,0,0,0,0,0,0,0,0,0,0,0,0,0,0,0,0,0,0,0,0,0,0,0,0,0,0,0,0,0,0,0,0,0,0,0,0,0,0,0,0,0,0,0,0,0,0,0,0,0,0,0,0,0,0,0,0,0,0,0,0
0,0.0545213728963117,0,0.041172338956928,0.107359912685637,0.0322586368373393,0.041172338956928,0.0545213728963117,0,0,0,0.041172338956928,0.0322586368373393,0.041172338956928,0,0.0545213728963117,0.0545213728963117,0.0322586368373393,0.074963219752206,0.0986948173446475,0.184015147583005,0.041172338956928,0,0.0545213728963117,0.184015147583005,0.117177011532601,0.117177011532601,0.0322586368373393,0,0,0,0,0.107359912685637,0.0220824020542819,0.0220824020542819,0.041172338956928,0,0,0.041172338956928,0.0545213728963117,0,0,0,0.0322586368373393,0,0,0.0410485172746393,0,0,0.0262176875118606,0,0,0.0322586368373393,0,0.184015147583005,0,0,0,0.0545213728963117,0,0,0.041172338956928,0.107359912685637,0,0,0.184015147583005,0.041172338956928,0.041172338956928,0.0192321645820291,0.0172583557076123,0.402631596345066,0.041172338956928,0,0,0,0.0318790793130669,0.0545213728963117,0.0545213728963117,0,0.041172338956928,0,0,0.041172338956928,0,0.041172338956928,0.0859560008870281,0.041172338956928,0,0.0322586368373393,0,0.107359912685637,0.041172338956928,0,0,0,0,0.041172338956928,0,0,0,0,0,0,0.0262176875118606,0.0859560008870281,0.0986948173446475,0,0.0419459661208335,0,0.0192321645820291,0,0,0,0,0,0.0172583557076123,0,0.041172338956928,0.0322586368373393,0.0322586368373393,0.0322586368373393,0,0.0322586368373393,0.074963219752206,0,0,0,0,0,0,0.0262176875118606,0,0.107359912685637,0.0545213728963117,0,0.0322586368373393,0,0.041172338956928,0.132409048462471,0.041172338956928,0.041172338956928,0.041172338956928,0,0,0.144176356477088,0.0262176875118606,0.041172338956928,0,0.041172338956928,0.0545213728963117,0.041172338956928,0.117177011532601,0,0.107359912685637,0.0322586368373393,0.0859560008870281,0.0262176875118606,0.041172338956928,0.117177011532601,0,0,0.0322586368373393,0.0322586368373393,0,0.0322586368373393,0,0,0,0,0.041172338956928,0.041172338956928,0,0.144176356477088,0.0545213728963117,0.041172338956928,0,0.0322586368373393,0,0.0322586368373393,0.041172338956928,0.107359912685637,0,0,0,0,0,0.0262176875118606,0.041172338956928,0,0.184015147583005,0.0322586368373393,0,0,0,0.0545213728963117,0,0,0,0,0,0,0.0545213728963117,0.041172338956928,0.0545213728963117,0.0545213728963117,0.0545213728963117,0,0.0322586368373393,0,0,0,0.041172338956928,0,0,0,0,0,0,1,0.0270640742074927,0,0.041172338956928,0,0.041172338956928,0.117177011532601,0,0.0545213728963117,0,0,0.0322586368373393,0.041172338956928,0.0545213728963117,0,0,0.0250847842310818,0,0.041172338956928,0,0,0.0986948173446475,0,0.041172338956928,0,0,0.0250847842310818,0.0710052112234878,0.0986948173446475,0.0986948173446475,0.0220824020542819,0.0192321645820291,0.041172338956928,0,0,0,0,0,0,0.117177011532601,0,0,0,0,0,0.0322586368373393,0,0.0322586368373393,0.041172338956928,0,0.0322586368373393,0.0262176875118606,0.0322586368373393,0,0.144176356477088,0,0.0986948173446475,0,0,0.117177011532601,0.0270640742074927,0.0318790793130669,0,0,0.0322586368373393,0,0,0.041172338956928,0.0419459661208335,0,0.0262176875118606,0.0262176875118606,0,0,0,0,0,0,0,0,0,0.0545213728963117,0,0,0,0.0220824020542819,0,0,0.041172338956928,0,0.0220824020542819,0,0.0322586368373393,0,0,0,0,0,0,0,0,0,0.0636715268145186,0.0419459661208335,0,0,0,0,0,0,0.0262176875118606,0.144176356477088,0,0.0986948173446475,0.041172338956928,0,0.0192321645820291,0,0,0,0,0,0,0.0262176875118606,0,0,0,0,0,0.041172338956928,0,0,0.0220824020542819,0,0.0322586368373393,0,0,0,0.0419459661208335,0,0,0,0,0.074963219752206,0,0.041172338956928,0,0.0220824020542819,0,0.184015147583005,0.0220824020542819,0,0,0.0262176875118606,0.0322586368373393,0,0,0.041172338956928,0,0,0.041172338956928,0.0322586368373393,0,0.0262176875118606,0.041172338956928,0,0,0,0,0,0,0,0,0,0,0,0,0,0,0,0,0.0986948173446475,0.184015147583005,0.041172338956928,0.0419459661208335,0,0.041172338956928,0,0,0,0
0,0.123729567373249,0,0.0397384474440781,0.0943727413365712,0.0781973600772233,0.0397384474440781,0.0509474689183968,0,0,0,0.0965076580784755,0.0321989129729743,0.177606530413329,0,0.0509474689183968,0.227703993737325,0.0781973600772233,0.164958545782481,0.0235372551175206,0.0397384474440781,0.0397384474440781,0,0.123729567373249,0.0397384474440781,0.0270640742074927,0.0270640742074927,0.0321989129729743,0,0,0,0,0.0943727413365712,0.0571619052854071,0.0571619052854071,0.0965076580784755,0,0,0.0965076580784755,0.123729567373249,0,0,0,0.0321989129729743,0,0,0.0774162791421573,0,0,0.0657270373610538,0,0,0.0781973600772233,0,0.0397384474440781,0,0,0,0.0509474689183968,0,0,0.0965076580784755,0.0943727413365712,0,0,0.0397384474440781,0.0965076580784755,0.0397384474440781,0.0512447821477043,0.0471406000776943,0.0509474689183968,0.0965076580784755,0,0,0,0.0774162791421573,0.0509474689183968,0.0509474689183968,0,0.0397384474440781,0,0,0.0397384474440781,0,0.0397384474440781,0.0211007926490547,0.0965076580784755,0,0.0781973600772233,0,0.0943727413365712,0.0397384474440781,0,0,0,0,0.0397384474440781,0,0,0,0,0,0,0.0657270373610538,0.0211007926490547,0.0235372551175206,0,0.153384432711288,0,0.0512447821477043,0,0,0,0,0,0.0471406000776943,0,0.0965076580784755,0.0781973600772233,0.0781973600772233,0.0781973600772233,0,0.0781973600772233,0.067924107086904,0,0,0,0,0,0,0.0657270373610538,0,0.0943727413365712,0.0509474689183968,0,0.0781973600772233,0,0.0397384474440781,0.0509474689183968,0.0965076580784755,0.0397384474440781,0.0397384474440781,0,0,0.0321989129729743,0.0657270373610538,0.0965076580784755,0,0.0397384474440781,0.0509474689183968,0.0965076580784755,0.0270640742074927,0,0.0943727413365712,0.0781973600772233,0.0211007926490547,0.120959841866141,0.458969965044453,0.0270640742074927,0,0,0.0781973600772233,0.0781973600772233,0,0.0781973600772233,0,0,0,0,0.0965076580784755,0.177606530413329,0,0.0321989129729743,0.123729567373249,0.0965076580784755,0,0.563470440106639,0,0.143909427369008,0.293462062320262,0.0943727413365712,0,0,0,0,0,0.0657270373610538,0.0397384474440781,0,0.0397384474440781,0.0321989129729743,0,0,0,0.0509474689183968,0,0,0,0,0,0,0.0509474689183968,0.0397384474440781,0.0509474689183968,0.0509474689183968,0.0509474689183968,0,0.0321989129729743,0,0,0,0.0965076580784755,0,0,0,0,0,0,0.0270640742074927,1,0,0.0965076580784755,0,0.0965076580784755,0.0270640742074927,0,0.0509474689183968,0,0,0.0781973600772233,0.0397384474440781,0.123729567373249,0,0,0.0629285857603203,0,0.177606530413329,0,0,0.0235372551175206,0,0.177606530413329,0,0,0.115809750264791,0.0182354032907956,0.0235372551175206,0.0235372551175206,0.0571619052854071,0.0512447821477043,0.0965076580784755,0,0,0,0,0,0,0.0270640742074927,0,0,0,0,0,0.237783809214414,0,0.237783809214414,0.0965076580784755,0,0.0781973600772233,0.0657270373610538,0.237783809214414,0,0.0321989129729743,0,0.0235372551175206,0,0,0.0270640742074927,0.764640480095763,0.130991558825311,0,0,0.0781973600772233,0,0,0.0397384474440781,0.0870855423962131,0,0.0657270373610538,0.0657270373610538,0,0,0,0,0,0,0,0,0,0.123729567373249,0,0,0,0.0571619052854071,0,0,0.0965076580784755,0,0.0571619052854071,0,0.0781973600772233,0,0,0,0,0,0,0,0,0,0.0270640742074927,0.0987853465694616,0,0,0,0,0,0,0.0657270373610538,0.0321989129729743,0,0.0235372551175206,0.0397384474440781,0,0.0512447821477043,0,0,0,0,0,0,0.0657270373610538,0,0,0,0,0,0.0965076580784755,0,0,0.0571619052854071,0,0.0781973600772233,0,0,0,0.153384432711288,0,0,0,0,0.067924107086904,0,0.0397384474440781,0,0.0571619052854071,0,0.0397384474440781,0.0571619052854071,0,0,0.0657270373610538,0.143909427369008,0,0,0.0965076580784755,0,0,0.0397384474440781,0.0781973600772233,0,0.0657270373610538,0.0965076580784755,0,0,0,0,0,0,0,0,0,0,0,0,0,0,0,0,0.0235372551175206,0.0397384474440781,0.0965076580784755,0.153384432711288,0,0.0965076580784755,0,0,0,0
0,0,0,0,0,0,0,0,0,0,0,0,0,0,0,0,0,0,0,0,0,0,0,0,0,0,0,0,0,0,0,0,0,0,0,0,0,0,0,0,0,0,0,0,0,0,0,0,0,0,0,0,0,0,0,0,0,0,0,0,0,0,0,0,0,0,0,0,0,0,0,0,0,0,0,0,0,0,0,0,0,0,0,0,0,0,0,0,0,0,0,0,0,0,0,0,0,0,0,0,0,0,0,0,0,0,0,0,0,0,0,0,0,0,0,0,0,0,0,0,0,0,0,0,0,0,0,0,0,0,0,0,0,0,0,0,0,0,0,0,0,0,0,0,0,0,0,0,0,0,0,0,0,0,0,0,0,0,0,0,0,0,0,0,0,0,0,0,0,0,0,0,0,0,0,0,0,0,0,0,0,0,0,0,0,0,0,0,0,0,0,0,0,0,0,0,0,0,0,0,0,0,0,0,0,0,0,0,0,0,0,0,0,0,0,0,0,0,0,0,1,0,0,0,0,0,0,0,0,0,0,0,0,0,0,0,0,0,0,0,0,0,0,0,0,0,0,0,0,0,0,0,0,0,0,0,0,0,0,0,0,0,0,0,0,0,0,0,0,0,0,0,0,0,0,0,0,0,0,0,0,0,0,0,0,0,0,0,0,0,0,0,0,0,0,0,0,0,0,0,0,0,0,0,0,0,0,0,0,0,0,0,0,0,0,0,0,0,0,0,0,0,0,0,0,0,0,0,0,0,0,0,0,0,0,0,0,0,0,0,0,0,0,0,0,0,0,0,0,0,0,0,0,0,0,0,0,0,0,0,0,0,0,0,0,0,0,0,0,0,0,0,0,0,0,0,0,0,0,0,0,0,0,0,0,0,0,0,0,0,0,0,0,0,0,0,0,0,0,0,0,0,0,0,0,0,0,0,0
0,0.173472727049999,0,0.0571439257166366,0.128249502550101,0.115648378688694,0.0571439257166366,0.0714299464323527,0,0,0,0.138778105311832,0.0476199206365212,0.138778105311832,0,0.0714299464323527,0.173472727049999,0.115648378688694,0.226732089065557,0.0367619429090039,0.0571439257166366,0.0571439257166366,0,0.173472727049999,0.0571439257166366,0.041172338956928,0.041172338956928,0.0476199206365212,0,0,0,0,0.128249502550101,0.0892790042075809,0.0892790042075809,0.138778105311832,0,0,0.138778105311832,0.173472727049999,0,0,0,0.0476199206365212,0,0,0.106635281577545,0,0,0.0999899660382537,0,0,0.115648378688694,0,0.0571439257166366,0,0,0,0.0714299464323527,0,0,0.659999251998354,0.128249502550101,0,0,0.0571439257166366,0.138778105311832,0.0571439257166366,0.0819002213950383,0.0767921451378269,0.0714299464323527,0.138778105311832,0,0,0,0.106635281577545,0.0714299464323527,0.0714299464323527,0,0.0571439257166366,0,0,0.0571439257166366,0,0.0571439257166366,0.0337236205744276,0.138778105311832,0,0.115648378688694,0,0.128249502550101,0.0571439257166366,0,0,0,0,0.0571439257166366,0,0,0,0,0,0,0.0999899660382537,0.0337236205744276,0.0367619429090039,0,0.132392281936114,0,0.0819002213950383,0,0,0,0,0,0.0767921451378269,0,0.138778105311832,0.115648378688694,0.115648378688694,0.115648378688694,0,0.115648378688694,0.0933602719681705,0,0,0,0,0,0,0.0999899660382537,0,0.128249502550101,0.0714299464323527,0,0.115648378688694,0,0.0571439257166366,0.0714299464323527,0.138778105311832,0.0571439257166366,0.0571439257166366,0,0,0.0476199206365212,0.0999899660382537,0.138778105311832,0,0.0571439257166366,0.0714299464323527,0.138778105311832,0.041172338956928,0,0.128249502550101,0.115648378688694,0.0337236205744276,0.0999899660382537,0.138778105311832,0.041172338956928,0,0,0.115648378688694,0.115648378688694,0,0.115648378688694,0,0,0,0,0.138778105311832,0.138778105311832,0,0.0476199206365212,0.173472727049999,0.138778105311832,0,0.115648378688694,0,0.115648378688694,0.138778105311832,0.128249502550101,0,0,0,0,0,0.0999899660382537,0.0571439257166366,0,0.0571439257166366,0.0476199206365212,0,0,0,0.0714299464323527,0,0,0,0,0,0,0.0714299464323527,0.0571439257166366,0.0714299464323527,0.0714299464323527,0.0714299464323527,0,0.0476199206365212,0,0,0,0.138778105311832,0,0,0,0,0,0,0.041172338956928,0.0965076580784755,0,1,0,0.138778105311832,0.041172338956928,0,0.0714299464323527,0,0,0.115648378688694,0.0571439257166366,0.173472727049999,0,0,0.0892681146452845,0,0.138778105311832,0,0,0.0367619429090039,0,0.138778105311832,0,0,0.0892681146452845,0.0301593188641145,0.0367619429090039,0.0367619429090039,0.0892790042075809,0.0819002213950383,0.138778105311832,0,0,0,0,0,0,0.041172338956928,0,0,0,0,0,0.115648378688694,0,0.115648378688694,0.659999251998354,0,0.115648378688694,0.0999899660382537,0.115648378688694,0,0.0476199206365212,0,0.0367619429090039,0,0,0.041172338956928,0.0965076580784755,0.106635281577545,0,0,0.115648378688694,0,0,0.0571439257166366,0.118649138482538,0,0.0999899660382537,0.0999899660382537,0,0,0,0,0,0,0,0,0,0.173472727049999,0,0,0,0.0892790042075809,0,0,0.138778105311832,0,0.0892790042075809,0,0.115648378688694,0,0,0,0,0,0,0,0,0,0.041172338956928,0.132392281936114,0,0,0,0,0,0,0.0999899660382537,0.0476199206365212,0,0.0367619429090039,0.0571439257166366,0,0.0819002213950383,0,0,0,0,0,0,0.0999899660382537,0,0,0,0,0,0.138778105311832,0,0,0.0892790042075809,0,0.115648378688694,0,0,0,0.132392281936114,0,0,0,0,0.0933602719681705,0,0.0571439257166366,0,0.0892790042075809,0,0.0571439257166366,0.0892790042075809,0,0,0.0999899660382537,0.115648378688694,0,0,0.138778105311832,0,0,0.0571439257166366,0.115648378688694,0,0.0999899660382537,0.138778105311832,0,0,0,0,0,0,0,0,0,0,0,0,0,0,0,0,0.0367619429090039,0.0571439257166366,0.138778105311832,0.132392281936114,0,0.138778105311832,0,0,0,0
0,0,0,0,0,0,0,0,0,0,0,0,0,0,0,0,0,0,0,0,0,0,0,0,0,0,0,0,0,0,0,0,0,0,0,0,0,0,0,0,0,0,0,0,0,0,0,0,0,0,0,0,0,0,0,0,0,0,0,0,0,0,0,0,0,0,0,0,0,0,0,0,0,0,0,0,0,0,0,0,0,0,0,0,0,0,0,0,0,0,0,0,0,0,0,0,0,0,0,0,0,0,0,0,0,0,0,0,0,0,0,0,0,0,0,0,0,0,0,0,0,0,0,0,0,0,0,0,0,0,0,0,0,0,0,0,0,0,0,0,0,0,0,0,0,0,0,0,0,0,0,0,0,0,0,0,0,0,0,0,0,0,0,0,0,0,0,0,0,0,0,0,0,0,0,0,0,0,0,0,0,0,0,0,0,0,0,0,0,0,0,0,0,0,0,0,0,0,0,0,0,0,0,0,0,0,0,0,0,0,0,0,0,0,0,0,0,0,0,0,0,0,1,0,0,0,0,0,0,0,0,0,0,0,0,0,0,0,0,0,0,0,0,0,0,0,0,0,0,0,0,0,0,0,0,0,0,0,0,0,0,0,0,0,0,0,0,0,0,0,0,0,0,0,0,0,0,0,0,0,0,0,0,0,0,0,0,0,0,0,0,0,0,0,0,0,0,0,0,0,0,0,0,0,0,0,0,0,0,0,0,0,0,0,0,0,0,0,0,0,0,0,0,0,0,0,0,0,0,0,0,0,0,0,0,0,0,0,0,0,0,0,0,0,0,0,0,0,0,0,0,0,0,0,0,0,0,0,0,0,0,0,0,0,0,0,0,0,0,0,0,0,0,0,0,0,0,0,0,0,0,0,0,0,0,0,0,0,0,0,0,0,0,0,0,0,0,0,0,0,0,0,0,0,0,0,0,0,0
0,0.173472727049999,0,0.0571439257166366,0.128249502550101,0.115648378688694,0.0571439257166366,0.0714299464323527,0,0,0,0.138778105311832,0.0476199206365212,0.138778105311832,0,0.0714299464323527,0.173472727049999,0.115648378688694,0.226732089065557,0.0367619429090039,0.0571439257166366,0.0571439257166366,0,0.173472727049999,0.0571439257166366,0.041172338956928,0.041172338956928,0.0476199206365212,0,0,0,0,0.128249502550101,0.0892790042075809,0.0892790042075809,0.138778105311832,0,0,0.138778105311832,0.173472727049999,0,0,0,0.0476199206365212,0,0,0.106635281577545,0,0,0.0999899660382537,0,0,0.115648378688694,0,0.0571439257166366,0,0,0,0.0714299464323527,0,0,0.138778105311832,0.128249502550101,0,0,0.0571439257166366,0.138778105311832,0.0571439257166366,0.0819002213950383,0.0767921451378269,0.0714299464323527,0.138778105311832,0,0,0,0.106635281577545,0.0714299464323527,0.0714299464323527,0,0.0571439257166366,0,0,0.0571439257166366,0,0.0571439257166366,0.0337236205744276,0.138778105311832,0,0.212831890191799,0,0.128249502550101,0.0571439257166366,0,0,0,0,0.0571439257166366,0,0,0,0,0,0,0.0999899660382537,0.0337236205744276,0.0367619429090039,0,0.132392281936114,0,0.0819002213950383,0,0,0,0,0,0.0767921451378269,0,0.138778105311832,0.212831890191799,0.115648378688694,0.115648378688694,0,0.115648378688694,0.0933602719681705,0,0,0,0,0,0,0.0999899660382537,0,0.128249502550101,0.0714299464323527,0,0.115648378688694,0,0.0571439257166366,0.0714299464323527,0.138778105311832,0.0571439257166366,0.0571439257166366,0,0,0.0476199206365212,0.184015147583005,0.255398361876396,0,0.0571439257166366,0.0714299464323527,0.138778105311832,0.041172338956928,0,0.128249502550101,0.212831890191799,0.0337236205744276,0.0999899660382537,0.138778105311832,0.041172338956928,0,0,0.212831890191799,0.115648378688694,0,0.115648378688694,0,0,0,0,0.255398361876396,0.138778105311832,0,0.0476199206365212,0.527498700621427,0.138778105311832,0,0.115648378688694,0,0.115648378688694,0.138778105311832,0.128249502550101,0,0,0,0,0,0.0999899660382537,0.0571439257166366,0,0.0571439257166366,0.0476199206365212,0,0,0,0.0714299464323527,0,0,0,0,0,0,0.0714299464323527,0.0571439257166366,0.0714299464323527,0.0714299464323527,0.0714299464323527,0,0.0476199206365212,0,0,0,0.255398361876396,0,0,0,0,0,0,0.041172338956928,0.0965076580784755,0,0.138778105311832,0,1,0.041172338956928,0,0.0714299464323527,0,0,0.115648378688694,0.0571439257166366,0.173472727049999,0,0,0.16428333703628,0,0.138778105311832,0,0,0.0367619429090039,0,0.138778105311832,0,0,0.0892681146452845,0.0301593188641145,0.0367619429090039,0.0367619429090039,0.0892790042075809,0.0819002213950383,0.138778105311832,0,0,0,0,0,0,0.041172338956928,0,0,0,0,0,0.115648378688694,0,0.115648378688694,0.138778105311832,0,0.115648378688694,0.184015147583005,0.115648378688694,0,0.0476199206365212,0,0.0367619429090039,0,0,0.041172338956928,0.0965076580784755,0.106635281577545,0,0,0.115648378688694,0,0,0.0571439257166366,0.118649138482538,0,0.0999899660382537,0.0999899660382537,0,0,0,0,0,0,0,0,0,0.173472727049999,0,0,0,0.0892790042075809,0,0,0.138778105311832,0,0.0892790042075809,0,0.115648378688694,0,0,0,0,0,0,0,0,0,0.041172338956928,0.132392281936114,0,0,0,0,0,0,0.184015147583005,0.0476199206365212,0,0.0367619429090039,0.0571439257166366,0,0.0819002213950383,0,0,0,0,0,0,0.0999899660382537,0,0,0,0,0,0.138778105311832,0,0,0.0892790042075809,0,0.115648378688694,0,0,0,0.132392281936114,0,0,0,0,0.0933602719681705,0,0.0571439257166366,0,0.0892790042075809,0,0.0571439257166366,0.0892790042075809,0,0,0.0999899660382537,0.115648378688694,0,0,0.255398361876396,0,0,0.0571439257166366,0.115648378688694,0,0.0999899660382537,0.421998728397202,0,0,0,0,0,0,0,0,0,0,0,0,0,0,0,0,0.0367619429090039,0.0571439257166366,0.255398361876396,0.132392281936114,0,0.421998728397202,0,0,0,0
0,0.0545213728963117,0,0.041172338956928,0.107359912685637,0.0322586368373393,0.041172338956928,0.0545213728963117,0,0,0,0.041172338956928,0.0322586368373393,0.041172338956928,0,0.0545213728963117,0.0545213728963117,0.0322586368373393,0.074963219752206,0.386434809603095,0.304051121218363,0.041172338956928,0,0.0545213728963117,0.304051121218363,0.19361341827272,0.19361341827272,0.0322586368373393,0,0,0,0,0.107359912685637,0.0220824020542819,0.0220824020542819,0.041172338956928,0,0,0.041172338956928,0.0545213728963117,0,0,0,0.0322586368373393,0,0,0.0410485172746393,0,0,0.0262176875118606,0,0,0.0322586368373393,0,0.304051121218363,0,0,0,0.0545213728963117,0,0,0.041172338956928,0.107359912685637,0,0,0.304051121218363,0.041172338956928,0.041172338956928,0.0192321645820291,0.0172583557076123,0.243677156414128,0.041172338956928,0,0,0,0.0318790793130669,0.0545213728963117,0.0545213728963117,0,0.041172338956928,0,0,0.041172338956928,0,0.041172338956928,0.142026451563498,0.041172338956928,0,0.0322586368373393,0,0.107359912685637,0.041172338956928,0,0,0,0,0.041172338956928,0,0,0,0,0,0,0.0262176875118606,0.336556586563495,0.386434809603095,0,0.0419459661208335,0,0.0192321645820291,0,0,0,0,0,0.0172583557076123,0,0.041172338956928,0.0322586368373393,0.0322586368373393,0.0322586368373393,0,0.0322586368373393,0.074963219752206,0,0,0,0,0,0,0.0262176875118606,0,0.107359912685637,0.0545213728963117,0,0.0322586368373393,0,0.041172338956928,0.132409048462471,0.041172338956928,0.041172338956928,0.041172338956928,0,0,0.238224860376036,0.0262176875118606,0.041172338956928,0,0.041172338956928,0.0545213728963117,0.041172338956928,0.19361341827272,0,0.107359912685637,0.0322586368373393,0.336556586563495,0.0262176875118606,0.041172338956928,0.19361341827272,0,0,0.0322586368373393,0.0322586368373393,0,0.0322586368373393,0,0,0,0,0.041172338956928,0.041172338956928,0,0.238224860376036,0.0545213728963117,0.041172338956928,0,0.0322586368373393,0,0.0322586368373393,0.041172338956928,0.107359912685637,0,0,0,0,0,0.0262176875118606,0.041172338956928,0,0.304051121218363,0.0322586368373393,0,0,0,0.0545213728963117,0,0,0,0,0,0,0.0545213728963117,0.041172338956928,0.0545213728963117,0.0545213728963117,0.0545213728963117,0,0.0322586368373393,0,0,0,0.041172338956928,0,0,0,0,0,0,0.117177011532601,0.0270640742074927,0,0.041172338956928,0,0.041172338956928,1,0,0.0545213728963117,0,0,0.0322586368373393,0.041172338956928,0.0545213728963117,0,0,0.0250847842310818,0,0.041172338956928,0,0,0.386434809603095,0,0.041172338956928,0,0,0.0250847842310818,0.413054851934635,0.386434809603095,0.386434809603095,0.0220824020542819,0.0192321645820291,0.041172338956928,0,0,0,0,0,0,0.19361341827272,0,0,0,0,0,0.0322586368373393,0,0.0322586368373393,0.041172338956928,0,0.0322586368373393,0.0262176875118606,0.0322586368373393,0,0.372579865945962,0,0.163074998260921,0,0,0.19361341827272,0.0270640742074927,0.0318790793130669,0,0,0.0322586368373393,0,0,0.041172338956928,0.0419459661208335,0,0.0262176875118606,0.0262176875118606,0,0,0,0,0,0,0,0,0,0.0545213728963117,0,0,0,0.0220824020542819,0,0,0.041172338956928,0,0.0220824020542819,0,0.0322586368373393,0,0,0,0,0,0,0,0,0,0.0636715268145186,0.0419459661208335,0,0,0,0,0,0,0.0262176875118606,0.238224860376036,0,0.386434809603095,0.041172338956928,0,0.0192321645820291,0,0,0,0,0,0,0.0262176875118606,0,0,0,0,0,0.041172338956928,0,0,0.0220824020542819,0,0.0322586368373393,0,0,0,0.0419459661208335,0,0,0,0,0.074963219752206,0,0.041172338956928,0,0.0220824020542819,0,0.304051121218363,0.0220824020542819,0,0,0.0262176875118606,0.0322586368373393,0,0,0.041172338956928,0,0,0.041172338956928,0.0322586368373393,0,0.0262176875118606,0.041172338956928,0,0,0,0,0,0,0,0,0,0,0,0,0,0,0,0,0.386434809603095,0.304051121218363,0.041172338956928,0.0419459661208335,0,0.041172338956928,0,0,0,0
0,0,0,0,0,0,0,0,0,0,0,0,0,0,0,0,0,0,0,0,0,0,0,0,0,0,0,0,0,0,0,0,0,0,0,0,0,0,0,0,0,0,0,0,0,0,0,0,0,0,0,0,0,0,0,0,0,0,0,0,0,0,0,0,0,0,0,0,0,0,0,0,0,0,0,0,0,0,0,0,0,0,0,0,0,0,0,0,0,0,0,0,0,0,0,0,0,0,0,0,0,0,0,0,0,0,0,0,0,0,0,0,0,0,0,0,0,0,0,0,0,0,0,0,0,0,0,0,0,0,0,0,0,0,0,0,0,0,0,0,0,0,0,0,0,0,0,0,0,0,0,0,0,0,0,0,0,0,0,0,0,0,0,0,0,0,0,0,0,0,0,0,0,0,0,0,0,0,0,0,0,0,0,0,0,0,0,0,0,0,0,0,0,0,0,0,0,0,0,0,0,0,0,0,0,0,0,0,0,0,0,0,0,0,0,0,0,0,0,0,0,0,0,0,0,1,0,0,0,0,0,0,0,0,0,0,0,0,0,0,0,0,0,0,0,0,0,0,0,0,0,0,0,0,0,0,0,0,0,0,0,0,0,0,0,0,0,0,0,0,0,0,0,0,0,0,0,0,0,0,0,0,0,0,0,0,0,0,0,0,0,0,0,0,0,0,0,0,0,0,0,0,0,0,0,0,0,0,0,0,0,0,0,0,0,0,0,0,0,0,0,0,0,0,0,0,0,0,0,0,0,0,0,0,0,0,0,0,0,0,0,0,0,0,0,0,0,0,0,0,0,0,0,0,0,0,0,0,0,0,0,0,0,0,0,0,0,0,0,0,0,0,0,0,0,0,0,0,0,0,0,0,0,0,0,0,0,0,0,0,0,0,0,0,0,0,0,0,0,0,0,0,0,0,0,0,0,0,0
0,0.0865818037575277,0,0.0714299464323527,0.147105639620399,0.0613432731147329,0.0714299464323527,0.0865818037575277,0,0,0,0.0714299464323527,0.148976520421494,0.0714299464323527,0,0.0865818037575277,0.0865818037575277,0.0613432731147329,0.109892388006257,0.0498579928542293,0.0714299464323527,0.0714299464323527,0,0.0865818037575277,0.0714299464323527,0.0545213728963117,0.0545213728963117,0.0613432731147329,0,0,0,0,0.147105639620399,0.0498579928542293,0.0498579928542293,0.0714299464323527,0,0,0.0714299464323527,0.0865818037575277,0,0,0,0.148976520421494,0,0,0.0641346694500205,0,0,0.0545213728963117,0,0,0.0613432731147329,0,0.0714299464323527,0,0,0,0.0865818037575277,0,0,0.0714299464323527,0.147105639620399,0,0,0.0714299464323527,0.0714299464323527,0.0714299464323527,0.0466468368249435,0.0444245555713213,0.0865818037575277,0.0714299464323527,0,0,0,0.0545144690325174,0.0865818037575277,0.639392737369731,0,0.319248127932352,0,0,0.319248127932352,0,0.319248127932352,0.0466468368249435,0.0714299464323527,0,0.0613432731147329,0,0.147105639620399,0.319248127932352,0,0,0,0,0.0714299464323527,0,0,0,0,0,0,0.0545213728963117,0.0466468368249435,0.0498579928542293,0,0.0656073668246963,0,0.0466468368249435,0,0,0,0,0,0.0444245555713213,0,0.0714299464323527,0.0613432731147329,0.0613432731147329,0.0613432731147329,0,0.0613432731147329,0.109892388006257,0,0,0,0,0,0,0.0545213728963117,0,0.147105639620399,0.0865818037575277,0,0.0613432731147329,0,0.173472727049999,0.0865818037575277,0.0714299464323527,0.0714299464323527,0.0714299464323527,0,0,0.0613432731147329,0.0545213728963117,0.0714299464323527,0,0.0714299464323527,0.0865818037575277,0.0714299464323527,0.0545213728963117,0,0.147105639620399,0.0613432731147329,0.0466468368249435,0.0545213728963117,0.0714299464323527,0.0545213728963117,0,0,0.0613432731147329,0.0613432731147329,0,0.0613432731147329,0,0,0,0,0.0714299464323527,0.0714299464323527,0,0.0613432731147329,0.0865818037575277,0.0714299464323527,0,0.0613432731147329,0,0.0613432731147329,0.0714299464323527,0.147105639620399,0,0,0,0,0,0.0545213728963117,0.0714299464323527,0,0.0714299464323527,0.0613432731147329,0,0,0,0.386967653528542,0,0,0,0,0,0,0.639392737369731,0.0714299464323527,0.386967653528542,0.386967653528542,0.386967653528542,0,0.148976520421494,0,0,0,0.0714299464323527,0,0,0,0,0,0,0.0545213728963117,0.0509474689183968,0,0.0714299464323527,0,0.0714299464323527,0.0545213728963117,0,1,0,0,0.0613432731147329,0.173472727049999,0.0865818037575277,0,0,0.0470411711002957,0,0.0714299464323527,0,0,0.0498579928542293,0,0.0714299464323527,0,0,0.0470411711002957,0.0428812849891,0.0498579928542293,0.0498579928542293,0.0498579928542293,0.0466468368249435,0.0714299464323527,0,0,0,0,0,0,0.0545213728963117,0,0,0,0,0,0.0613432731147329,0,0.0613432731147329,0.0714299464323527,0,0.0613432731147329,0.0545213728963117,0.0613432731147329,0,0.0613432731147329,0,0.0498579928542293,0,0,0.0545213728963117,0.0509474689183968,0.0545144690325174,0,0,0.0613432731147329,0,0,0.173472727049999,0.293224761930786,0,0.0545213728963117,0.0545213728963117,0,0,0,0,0,0,0,0,0,0.0865818037575277,0,0,0,0.0498579928542293,0,0,0.0714299464323527,0,0.0498579928542293,0,0.0613432731147329,0,0,0,0,0,0,0,0,0,0.0545213728963117,0.0656073668246963,0,0,0,0,0,0,0.0545213728963117,0.0613432731147329,0,0.0498579928542293,0.173472727049999,0,0.0466468368249435,0,0,0,0,0,0,0.0545213728963117,0,0,0,0,0,0.0714299464323527,0,0,0.0498579928542293,0,0.0613432731147329,0,0,0,0.0656073668246963,0,0,0,0,0.109892388006257,0,0.319248127932352,0,0.0498579928542293,0,0.0714299464323527,0.0498579928542293,0,0,0.0545213728963117,0.0613432731147329,0,0,0.0714299464323527,0,0,0.0714299464323527,0.0613432731147329,0,0.0545213728963117,0.0714299464323527,0,0,0,0,0,0,0,0,0,0,0,0,0,0,0,0,0.0498579928542293,0.0714299464323527,0.0714299464323527,0.0656073668246963,0,0.0714299464323527,0,0,0,0
0,0,0,0,0,0,0,0,0,0,0,0,0,0,0,0,0,0,0,0,0,0,0,0,0,0,0,0,0,0,0,0,0,0,0,0,0,0,0,0,0,0,0,0,0,0,0,0,0,0,0,0,0,0,0,0,0,0,0,0,0,0,0,0,0,0,0,0,0,0,0,0,0,0,0,0,0,0,0,0,0,0,0,0,0,0,0,0,0,0,0,0,0,0,0,0,0,0,0,0,0,0,0,0,0,0,0,0,0,0,0,0,0,0,0,0,0,0,0,0,0,0,0,0,0,0,0,0,0,0,0,0,0,0,0,0,0,0,0,0,0,0,0,0,0,0,0,0,0,0,0,0,0,0,0,0,0,0,0,0,0,0,0,0,0,0,0,0,0,0,0,0,0,0,0,0,0,0,0,0,0,0,0,0,0,0,0,0,0,0,0,0,0,0,0,0,0,0,0,0,0,0,0,0,0,0,0,0,0,0,0,0,0,0,0,0,0,0,0,0,0,0,0,0,0,0,0,1,0,0,0,0,0,0,0,0,0,0,0,0,0,0,0,0,0,0,0,0,0,0,0,0,0,0,0,0,0,0,0,0,0,0,0,0,0,0,0,0,0,0,0,0,0,0,0,0,0,0,0,0,0,0,0,0,0,0,0,0,0,0,0,0,0,0,0,0,0,0,0,0,0,0,0,0,0,0,0,0,0,0,0,0,0,0,0,0,0,0,0,0,0,0,0,0,0,0,0,0,0,0,0,0,0,0,0,0,0,0,0,0,0,0,0,0,0,0,0,0,0,0,0,0,0,0,0,0,0,0,0,0,0,0,0,0,0,0,0,0,0,0,0,0,0,0,0,0,0,0,0,0,0,0,0,0,0,0,0,0,0,0,0,0,0,0,0,0,0,0,0,0,0,0,0,0,0,0,0,0,0
0,0,0,0,0,0,0,0,0,0,0,0,0,0,0,0,0,0,0,0,0,0,0,0,0,0,0,0,0,0,0,0,0,0,0,0,0,0,0,0,0,0,0,0,0,0,0,0,0,0,0,0,0,0,0,0,0,0,0,0,0,0,0,0,0,0,0,0,0,0,0,0,0,0,0,0,0,0,0,0,0,0,0,0,0,0,0,0,0,0,0,0,0,0,0,0,0,0,0,0,0,0,0,0,0,0,0,0,0,0,0,0,0,0,0,0,0,0,0,0,0,0,0,0,0,0,0,0,0,0,0,0,0,0,0,0,0,0,0,0,0,0,0,0,0,0,0,0,0,0,0,0,0,0,0,0,0,0,0,0,0,0,0,0,0,0,0,0,0,0,0,0,0,0,0,0,0,0,0,0,0,0,0,0,0,0,0,0,0,0,0,0,0,0,0,0,0,0,0,0,0,0,0,0,0,0,0,0,0,0,0,0,0,0,0,0,0,0,0,0,0,0,0,0,0,0,0,0,1,0,0,0,0,0,0,0,0,0,0,0,0,0,0,0,0,0,0,0,0,0,0,0,0,0,0,0,0,0,0,0,0,0,0,0,0,0,0,0,0,0,0,0,0,0,0,0,0,0,0,0,0,0,0,0,0,0,0,0,0,0,0,0,0,0,0,0,0,0,0,0,0,0,0,0,0,0,0,0,0,0,0,0,0,0,0,0,0,0,0,0,0,0,0,0,0,0,0,0,0,0,0,0,0,0,0,0,0,0,0,0,0,0,0,0,0,0,0,0,0,0,0,0,0,0,0,0,0,0,0,0,0,0,0,0,0,0,0,0,0,0,0,0,0,0,0,0,0,0,0,0,0,0,0,0,0,0,0,0,0,0,0,0,0,0,0,0,0,0,0,0,0,0,0,0,0,0,0,0,0
0,0.148976520421494,0,0.0476199206365212,0.115768709113422,1,0.0476199206365212,0.0613432731147329,0,0,0,0.115648378688694,0.0384622300306098,0.115648378688694,0,0.0613432731147329,0.148976520421494,0.093408272931481,0.200063521369343,0.0280132767810044,0.0476199206365212,0.0476199206365212,0,0.148976520421494,0.0476199206365212,0.0322586368373393,0.0322586368373393,0.0384622300306098,0,0,0,0,0.115768709113422,0.0680322436110106,0.0680322436110106,0.115648378688694,0,0,0.115648378688694,0.274166873716867,0,0,0,0.0384622300306098,0,0,0.0892681146452845,0,0,0.078342403747824,0,0,0.093408272931481,0,0.0476199206365212,0,0,0,0.0613432731147329,0,0,0.115648378688694,0.115768709113422,0,0,0.0476199206365212,0.115648378688694,0.0476199206365212,0.0609274353162256,0.0560080001931739,0.0613432731147329,0.212831890191799,0,0,0,0.0892681146452845,0.0613432731147329,0.0613432731147329,0,0.0476199206365212,0,0,0.0476199206365212,0,0.0476199206365212,0.0250877674831517,0.115648378688694,0,0.093408272931481,0,0.115768709113422,0.0476199206365212,0,0,0,0,0.0476199206365212,0,0,0,0,0,0,0.078342403747824,0.0250877674831517,0.0280132767810044,0,0.114242844100718,0,0.0609274353162256,0,0,0,0,0,0.0560080001931739,0,0.115648378688694,0.093408272931481,0.093408272931481,0.093408272931481,0,0.093408272931481,0.0823790970344355,0,0,0,0,0,0,0.078342403747824,0,0.115768709113422,0.0613432731147329,0,0.093408272931481,0,0.0476199206365212,0.0613432731147329,0.115648378688694,0.0476199206365212,0.0476199206365212,0,0,0.0384622300306098,0.078342403747824,0.115648378688694,0,0.0476199206365212,0.0613432731147329,0.115648378688694,0.0322586368373393,0,0.115768709113422,0.093408272931481,0.0250877674831517,0.078342403747824,0.115648378688694,0.0322586368373393,0,0,0.093408272931481,0.093408272931481,0,0.093408272931481,0,0,0,0,0.115648378688694,0.115648378688694,0,0.0384622300306098,0.148976520421494,0.115648378688694,0,0.093408272931481,0,0.093408272931481,0.115648378688694,0.115768709113422,0,0,0,0,0,0.078342403747824,0.0476199206365212,0,0.0476199206365212,0.0384622300306098,0,0,0,0.0613432731147329,0,0,0,0,0,0,0.0613432731147329,0.0476199206365212,0.0613432731147329,0.0613432731147329,0.0613432731147329,0,0.0384622300306098,0,0,0,0.115648378688694,0,0,0,0,0,0,0.0322586368373393,0.0781973600772233,0,0.115648378688694,0,0.115648378688694,0.0322586368373393,0,0.0613432731147329,0,0,1,0.0476199206365212,0.274166873716867,0,0,0.0724188282515526,0,0.115648378688694,0,0,0.0280132767810044,0,0.115648378688694,0,0,0.0724188282515526,0.0216548926727131,0.0280132767810044,0.0280132767810044,0.0680322436110106,0.0609274353162256,0.212831890191799,0,0,0,0,0,0,0.0322586368373393,0,0,0,0,0,0.093408272931481,0,0.093408272931481,0.115648378688694,0,0.093408272931481,0.078342403747824,0.093408272931481,0,0.0384622300306098,0,0.0280132767810044,0,0,0.0322586368373393,0.0781973600772233,0.16428333703628,0,0,0.093408272931481,0,0,0.0476199206365212,0.100712305912714,0,0.078342403747824,0.078342403747824,0,0,0,0,0,0,0,0,0,0.274166873716867,0,0,0,0.0680322436110106,0,0,0.115648378688694,0,0.0680322436110106,0,0.093408272931481,0,0,0,0,0,0,0,0,0,0.0322586368373393,0.114242844100718,0,0,0,0,0,0,0.078342403747824,0.0384622300306098,0,0.0280132767810044,0.0476199206365212,0,0.0609274353162256,0,0,0,0,0,0,0.078342403747824,0,0,0,0,0,0.115648378688694,0,0,0.0680322436110106,0,0.093408272931481,0,0,0,0.114242844100718,0,0,0,0,0.0823790970344355,0,0.0476199206365212,0,0.0680322436110106,0,0.0476199206365212,0.0680322436110106,0,0,0.078342403747824,0.093408272931481,0,0,0.115648378688694,0,0,0.0476199206365212,0.093408272931481,0,0.078342403747824,0.115648378688694,0,0,0,0,0,0,0,0,0,0,0,0,0,0,0,0,0.0280132767810044,0.0476199206365212,0.115648378688694,0.114242844100718,0,0.115648378688694,0,0,0,0
0,0.0714299464323527,0,0.0571439257166366,0.128249502550101,0.0476199206365212,0.0571439257166366,0.0714299464323527,0,0,0,0.0571439257166366,0.212831890191799,0.0571439257166366,0,0.0714299464323527,0.0714299464323527,0.0476199206365212,0.0933602719681705,0.0367619429090039,0.0571439257166366,0.0571439257166366,0,0.0714299464323527,0.0571439257166366,0.041172338956928,0.041172338956928,0.0476199206365212,0,0,0,0,0.128249502550101,0.0367619429090039,0.0367619429090039,0.0571439257166366,0,0,0.0571439257166366,0.0714299464323527,0,0,0,0.212831890191799,0,0,0.0533176407887724,0,0,0.041172338956928,0,0,0.0476199206365212,0,0.0571439257166366,0,0,0,0.0714299464323527,0,0,0.0571439257166366,0.128249502550101,0,0,0.0571439257166366,0.0571439257166366,0.0571439257166366,0.0337236205744276,0.0316202950567523,0.0714299464323527,0.0571439257166366,0,0,0,0.0439086453554596,0.0714299464323527,0.173472727049999,0,0.138778105311832,0,0,0.138778105311832,0,0.138778105311832,0.0337236205744276,0.0571439257166366,0,0.0476199206365212,0,0.128249502550101,0.138778105311832,0,0,0,0,0.0571439257166366,0,0,0,0,0,0,0.041172338956928,0.0337236205744276,0.0367619429090039,0,0.0545144690325174,0,0.0337236205744276,0,0,0,0,0,0.0316202950567523,0,0.0571439257166366,0.0476199206365212,0.0476199206365212,0.0476199206365212,0,0.0476199206365212,0.0933602719681705,0,0,0,0,0,0,0.041172338956928,0,0.128249502550101,0.0714299464323527,0,0.0476199206365212,0,0.659999251998354,0.0714299464323527,0.0571439257166366,0.0571439257166366,0.0571439257166366,0,0,0.0476199206365212,0.041172338956928,0.0571439257166366,0,0.0571439257166366,0.0714299464323527,0.0571439257166366,0.041172338956928,0,0.128249502550101,0.0476199206365212,0.0337236205744276,0.041172338956928,0.0571439257166366,0.041172338956928,0,0,0.0476199206365212,0.0476199206365212,0,0.0476199206365212,0,0,0,0,0.0571439257166366,0.0571439257166366,0,0.0476199206365212,0.0714299464323527,0.0571439257166366,0,0.0476199206365212,0,0.0476199206365212,0.0571439257166366,0.128249502550101,0,0,0,0,0,0.041172338956928,0.0571439257166366,0,0.0571439257166366,0.0476199206365212,0,0,0,0.173472727049999,0,0,0,0,0,0,0.173472727049999,0.0571439257166366,0.173472727049999,0.173472727049999,0.173472727049999,0,0.212831890191799,0,0,0,0.0571439257166366,0,0,0,0,0,0,0.041172338956928,0.0397384474440781,0,0.0571439257166366,0,0.0571439257166366,0.041172338956928,0,0.173472727049999,0,0,0.0476199206365212,1,0.0714299464323527,0,0,0.0367574589715877,0,0.0571439257166366,0,0,0.0367619429090039,0,0.0571439257166366,0,0,0.0367574589715877,0.0301593188641145,0.0367619429090039,0.0367619429090039,0.0367619429090039,0.0337236205744276,0.0571439257166366,0,0,0,0,0,0,0.041172338956928,0,0,0,0,0,0.0476199206365212,0,0.0476199206365212,0.0571439257166366,0,0.0476199206365212,0.041172338956928,0.0476199206365212,0,0.0476199206365212,0,0.0367619429090039,0,0,0.041172338956928,0.0397384474440781,0.0439086453554596,0,0,0.0476199206365212,0,0,0.659999251998354,0.132392281936114,0,0.041172338956928,0.041172338956928,0,0,0,0,0,0,0,0,0,0.0714299464323527,0,0,0,0.0367619429090039,0,0,0.0571439257166366,0,0.0367619429090039,0,0.0476199206365212,0,0,0,0,0,0,0,0,0,0.041172338956928,0.0545144690325174,0,0,0,0,0,0,0.041172338956928,0.0476199206365212,0,0.0367619429090039,0.421998728397202,0,0.0337236205744276,0,0,0,0,0,0,0.041172338956928,0,0,0,0,0,0.0571439257166366,0,0,0.0367619429090039,0,0.0476199206365212,0,0,0,0.0545144690325174,0,0,0,0,0.0933602719681705,0,0.138778105311832,0,0.0367619429090039,0,0.0571439257166366,0.0367619429090039,0,0,0.041172338956928,0.0476199206365212,0,0,0.0571439257166366,0,0,0.0571439257166366,0.0476199206365212,0,0.041172338956928,0.0571439257166366,0,0,0,0,0,0,0,0,0,0,0,0,0,0,0,0,0.0367619429090039,0.0571439257166366,0.0571439257166366,0.0545144690325174,0,0.0571439257166366,0,0,0,0
0,0.21027009483971,0,0.0714299464323527,0.147105639620399,0.274166873716867,0.0714299464323527,0.0865818037575277,0,0,0,0.173472727049999,0.0613432731147329,0.173472727049999,0,0.0865818037575277,0.21027009483971,0.148976520421494,0.266881513729481,0.0498579928542293,0.0714299464323527,0.0714299464323527,0,0.21027009483971,0.0714299464323527,0.0545213728963117,0.0545213728963117,0.0613432731147329,0,0,0,0,0.147105639620399,0.1210836969317,0.1210836969317,0.173472727049999,0,0,0.173472727049999,0.386967653528542,0,0,0,0.0613432731147329,0,0,0.132392281936114,0,0,0.132409048462471,0,0,0.148976520421494,0,0.0714299464323527,0,0,0,0.0865818037575277,0,0,0.173472727049999,0.147105639620399,0,0,0.0714299464323527,0.173472727049999,0.0714299464323527,0.113285175146291,0.107888206387495,0.0865818037575277,0.319248127932352,0,0,0,0.132392281936114,0.0865818037575277,0.0865818037575277,0,0.0714299464323527,0,0,0.0714299464323527,0,0.0714299464323527,0.0466468368249435,0.173472727049999,0,0.148976520421494,0,0.147105639620399,0.0714299464323527,0,0,0,0,0.0714299464323527,0,0,0,0,0,0,0.132409048462471,0.0466468368249435,0.0498579928542293,0,0.159332176574263,0,0.113285175146291,0,0,0,0,0,0.107888206387495,0,0.173472727049999,0.148976520421494,0.148976520421494,0.148976520421494,0,0.148976520421494,0.109892388006257,0,0,0,0,0,0,0.132409048462471,0,0.147105639620399,0.0865818037575277,0,0.148976520421494,0,0.0714299464323527,0.0865818037575277,0.173472727049999,0.0714299464323527,0.0714299464323527,0,0,0.0613432731147329,0.132409048462471,0.173472727049999,0,0.0714299464323527,0.0865818037575277,0.173472727049999,0.0545213728963117,0,0.147105639620399,0.148976520421494,0.0466468368249435,0.132409048462471,0.173472727049999,0.0545213728963117,0,0,0.148976520421494,0.148976520421494,0,0.148976520421494,0,0,0,0,0.173472727049999,0.173472727049999,0,0.0613432731147329,0.21027009483971,0.173472727049999,0,0.148976520421494,0,0.148976520421494,0.173472727049999,0.147105639620399,0,0,0,0,0,0.132409048462471,0.0714299464323527,0,0.0714299464323527,0.0613432731147329,0,0,0,0.0865818037575277,0,0,0,0,0,0,0.0865818037575277,0.0714299464323527,0.0865818037575277,0.0865818037575277,0.0865818037575277,0,0.0613432731147329,0,0,0,0.173472727049999,0,0,0,0,0,0,0.0545213728963117,0.123729567373249,0,0.173472727049999,0,0.173472727049999,0.0545213728963117,0,0.0865818037575277,0,0,0.274166873716867,0.0714299464323527,1,0,0,0.114242844100718,0,0.173472727049999,0,0,0.0498579928542293,0,0.173472727049999,0,0,0.114242844100718,0.0428812849891,0.0498579928542293,0.0498579928542293,0.1210836969317,0.113285175146291,0.319248127932352,0,0,0,0,0,0,0.0545213728963117,0,0,0,0,0,0.148976520421494,0,0.148976520421494,0.173472727049999,0,0.148976520421494,0.132409048462471,0.148976520421494,0,0.0613432731147329,0,0.0498579928542293,0,0,0.0545213728963117,0.123729567373249,0.243646300369823,0,0,0.148976520421494,0,0,0.0714299464323527,0.145273455111828,0,0.132409048462471,0.132409048462471,0,0,0,0,0,0,0,0,0,0.386967653528542,0,0,0,0.1210836969317,0,0,0.173472727049999,0,0.1210836969317,0,0.148976520421494,0,0,0,0,0,0,0,0,0,0.0545213728963117,0.159332176574263,0,0,0,0,0,0,0.132409048462471,0.0613432731147329,0,0.0498579928542293,0.0714299464323527,0,0.113285175146291,0,0,0,0,0,0,0.132409048462471,0,0,0,0,0,0.173472727049999,0,0,0.1210836969317,0,0.148976520421494,0,0,0,0.159332176574263,0,0,0,0,0.109892388006257,0,0.0714299464323527,0,0.1210836969317,0,0.0714299464323527,0.1210836969317,0,0,0.132409048462471,0.148976520421494,0,0,0.173472727049999,0,0,0.0714299464323527,0.148976520421494,0,0.132409048462471,0.173472727049999,0,0,0,0,0,0,0,0,0,0,0,0,0,0,0,0,0.0498579928542293,0.0714299464323527,0.173472727049999,0.159332176574263,0,0.173472727049999,0,0,0,0
0,0,0,0,0,0,0,0,0,0,0,0,0,0,0,0,0,0,0,0,0,0,0,0,0,0,0,0,0,0,0,0,0,0,0,0,0,0,0,0,0,0,0,0,0,0,0,0,0,0,0,0,0,0,0,0,0,0,0,0,0,0,0,0,0,0,0,0,0,0,0,0,0,0,0,0,0,0,0,0,0,0,0,0,0,0,0,0,0,0,0,0,0,0,0,0,0,0,0,0,0,0,0,0,0,0,0,0,0,0,0,0,0,0,0,0,0,0,0,0,0,0,0,0,0,0,0,0,0,0,0,0,0,0,0,0,0,0,0,0,0,0,0,0,0,0,0,0,0,0,0,0,0,0,0,0,0,0,0,0,0,0,0,0,0,0,0,0,0,0,0,0,0,0,0,0,0,0,0,0,0,0,0,0,0,0,0,0,0,0,0,0,0,0,0,0,0,0,0,0,0,0,0,0,0,0,0,0,0,0,0,0,0,0,0,0,0,0,0,0,0,0,0,0,0,0,0,0,0,0,0,0,1,0,0,0,0,0,0,0,0,0,0,0,0,0,0,0,0,0,0,0,0,0,0,0,0,0,0,0,0,0,0,0,0,0,0,0,0,0,0,0,0,0,0,0,0,0,0,0,0,0,0,0,0,0,0,0,0,0,0,0,0,0,0,0,0,0,0,0,0,0,0,0,0,0,0,0,0,0,0,0,0,0,0,0,0,0,0,0,0,0,0,0,0,0,0,0,0,0,0,0,0,0,0,0,0,0,0,0,0,0,0,0,0,0,0,0,0,0,0,0,0,0,0,0,0,0,0,0,0,0,0,0,0,0,0,0,0,0,0,0,0,0,0,0,0,0,0,0,0,0,0,0,0,0,0,0,0,0,0,0,0,0,0,0,0,0,0,0,0,0,0,0,0,0,0,0,0
0,0,0,0,0,0,0,0,0,0,0,0,0,0,0,0,0,0,0,0,0,0,0,0,0,0,0,0,0,0,0,0,0,0,0,0,0,0,0,0,0,0,0,0,0,0,0,0,0,0,0,0,0,0,0,0,0,0,0,0,0,0,0,0,0,0,0,0,0,0,0,0,0,0,0,0,0,0,0,0,0,0,0,0,0,0,0,0,0,0,0,0,0,0,0,0,0,0,0,0,0,0,0,0,0,0,0,0,0,0,0,0,0,0,0,0,0,0,0,0,0,0,0,0,0,0,0,0,0,0,0,0,0,0,0,0,0,0,0,0,0,0,0,0,0,0,0,0,0,0,0,0,0,0,0,0,0,0,0,0,0,0,0,0,0,0,0,0,0,0,0,0,0,0,0,0,0,0,0,0,0,0,0,0,0,0,0,0,0,0,0,0,0,0,0,0,0,0,0,0,0,0,0,0,0,0,0,0,0,0,0,0,0,0,0,0,0,0,0,0,0,0,0,0,0,0,0,0,0,0,0,0,0,1,0,0,0,0,0,0,0,0,0,0,0,0,0,0,0,0,0,0,0,0,0,0,0,0,0,0,0,0,0,0,0,0,0,0,0,0,0,0,0,0,0,0,0,0,0,0,0,0,0,0,0,0,0,0,0,0,0,0,0,0,0,0,0,0,0,0,0,0,0,0,0,0,0,0,0,0,0,0,0,0,0,0,0,0,0,0,0,0,0,0,0,0,0,0,0,0,0,0,0,0,0,0,0,0,0,0,0,0,0,0,0,0,0,0,0,0,0,0,0,0,0,0,0,0,0,0,0,0,0,0,0,0,0,0,0,0,0,0,0,0,0,0,0,0,0,0,0,0,0,0,0,0,0,0,0,0,0,0,0,0,0,0,0,0,0,0,0,0,0,0,0,0,0,0,0
0,0.347391505530755,0,0.0367574589715877,0.0865360309624762,0.0724188282515526,0.0367574589715877,0.0470411711002957,0,0,0,0.0892681146452845,0.0298195175153452,0.0892681146452845,0,0.0470411711002957,0.114242844100718,0.0724188282515526,0.151898344027952,0.0218282503521771,0.0367574589715877,0.0367574589715877,0,0.114242844100718,0.0367574589715877,0.0250847842310818,0.0250847842310818,0.0298195175153452,0,0,0,0,0.0865360309624762,0.252111291343699,0.252111291343699,0.0892681146452845,0,0,0.0892681146452845,0.114242844100718,0,0,0,0.0298195175153452,0,0,0.19485147423752,0,0,0.0609201902754844,0,0,0.34440859650897,0,0.0367574589715877,0,0,0,0.0470411711002957,0,0,0.0892681146452845,0.0865360309624762,0,0,0.0367574589715877,0.0892681146452845,0.0367574589715877,0.0874943253370645,0.0805087853842884,0.0470411711002957,0.0892681146452845,0,0,0,0.221029460028499,0.0470411711002957,0.0470411711002957,0,0.0367574589715877,0,0,0.0367574589715877,0,0.0367574589715877,0.0195763558973341,0.0892681146452845,0,0.34440859650897,0,0.0865360309624762,0.0367574589715877,0,0,0,0,0.0367574589715877,0,0,0,0,0,0,0.0609201902754844,0.0195763558973341,0.0218282503521771,0,0.0926432048900211,0,0.0874943253370645,0,0,0,0,0,0.0805087853842884,0,0.424540231045856,0.133274986446135,0.0724188282515526,0.133274986446135,0,0.0724188282515526,0.0625463769526861,0,0,0,0,0,0,0.0609201902754844,0,0.0865360309624762,0.0470411711002957,0,0.220212355295538,0,0.0367574589715877,0.0470411711002957,0.0892681146452845,0.0367574589715877,0.0367574589715877,0,0,0.0298195175153452,0.112113627481774,0.271447940451988,0,0.0367574589715877,0.0470411711002957,0.0892681146452845,0.0250847842310818,0,0.0865360309624762,0.220212355295538,0.0195763558973341,0.0609201902754844,0.0892681146452845,0.0250847842310818,0,0,0.34440859650897,0.34440859650897,0,0.133274986446135,0,0,0,0,0.271447940451988,0.0892681146452845,0,0.0298195175153452,0.210245234101322,0.0892681146452845,0,0.0724188282515526,0,0.0724188282515526,0.0892681146452845,0.0865360309624762,0,0,0,0,0,0.28972351166686,0.0367574589715877,0,0.0367574589715877,0.0298195175153452,0,0,0,0.0470411711002957,0,0,0,0,0,0,0.0470411711002957,0.0367574589715877,0.0470411711002957,0.0470411711002957,0.0470411711002957,0,0.0298195175153452,0,0,0,0.16428333703628,0,0,0,0,0,0,0.0250847842310818,0.0629285857603203,0,0.0892681146452845,0,0.16428333703628,0.0250847842310818,0,0.0470411711002957,0,0,0.0724188282515526,0.0367574589715877,0.114242844100718,0,0,1,0,0.0892681146452845,0,0,0.0218282503521771,0,0.0892681146452845,0,0,0.108821981494309,0.0169257699083969,0.0218282503521771,0.0218282503521771,0.252111291343699,0.226102426234473,0.0892681146452845,0,0,0,0,0,0,0.0250847842310818,0,0,0,0,0,0.0724188282515526,0,0.0724188282515526,0.0892681146452845,0,0.0724188282515526,0.112113627481774,0.0724188282515526,0,0.0298195175153452,0,0.0218282503521771,0,0,0.0250847842310818,0.0629285857603203,0.072687540546285,0,0,0.0724188282515526,0,0,0.0367574589715877,0.0816708553175749,0,0.28972351166686,0.28972351166686,0,0,0,0,0,0,0,0,0,0.114242844100718,0,0,0,0.252111291343699,0,0,0.0892681146452845,0,0.0530114651410014,0,0.0724188282515526,0,0,0,0,0,0,0,0,0,0.0250847842310818,0.0926432048900211,0,0,0,0,0,0,0.438975515183739,0.0298195175153452,0,0.0218282503521771,0.0367574589715877,0,0.0874943253370645,0,0,0,0,0,0,0.0609201902754844,0,0,0,0,0,0.0892681146452845,0,0,0.0530114651410014,0,0.34440859650897,0,0,0,0.0926432048900211,0,0,0,0,0.0625463769526861,0,0.0367574589715877,0,0.252111291343699,0,0.0367574589715877,0.252111291343699,0,0,0.0609201902754844,0.0724188282515526,0,0,0.16428333703628,0,0,0.0367574589715877,0.34440859650897,0,0.28972351166686,0.16428333703628,0,0,0,0,0,0,0,0,0,0,0,0,0,0,0,0,0.0218282503521771,0.0367574589715877,0.424540231045856,0.0926432048900211,0,0.16428333703628,0,0,0,0
0,0,0,0,0,0,0,0,0,0,0,0,0,0,0,0,0,0,0,0,0,0,0,0,0,0,0,0,0,0,0,0,0,0,0,0,0,0,0,0,0,0,0,0,0,0,0,0,0,0,0,0,0,0,0,0,0,0,0,0,0,0,0,0,0,0,0,0,0,0,0,0,0,0,0,0,0,0,0,0,0,0,0,0,0,0,0,0,0,0,0,0,0,0,0,0,0,0,0,0,0,0,0,0,0,0,0,0,0,0,0,0,0,0,0,0,0,0,0,0,0,0,0,0,0,0,0,0,0,0,0,0,0,0,0,0,0,0,0,0,0,0,0,0,0,0,0,0,0,0,0,0,0,0,0,0,0,0,0,0,0,0,0,0,0,0,0,0,0,0,0,0,0,0,0,0,0,0,0,0,0,0,0,0,0,0,0,0,0,0,0,0,0,0,0,0,0,0,0,0,0,0,0,0,0,0,0,0,0,0,0,0,0,0,0,0,0,0,0,0,0,0,0,0,0,0,0,0,0,0,0,0,0,0,0,1,0,0,0,0,0,0,0,0,0,0,0,0,0,0,0,0,0,0,0,0,0,0,0,0,0,0,0,0,0,0,0,0,0,0,0,0,0,0,0,0,0,0,0,0,0,0,0,0,0,0,0,0,0,0,0,0,0,0,0,0,0,0,0,0,0,0,0,0,0,0,0,0,0,0,0,0,0,0,0,0,0,0,0,0,0,0,0,0,0,0,0,0,0,0,0,0,0,0,0,0,0,0,0,0,0,0,0,0,0,0,0,0,0,0,0,0,0,0,0,0,0,0,0,0,0,0,0,0,0,0,0,0,0,0,0,0,0,0,0,0,0,0,0,0,0,0,0,0,0,0,0,0,0,0,0,0,0,0,0,0,0,0,0,0,0,0,0,0,0,0,0,0,0
0,0.173472727049999,0,0.0571439257166366,0.128249502550101,0.115648378688694,0.0571439257166366,0.0714299464323527,0,0,0,0.138778105311832,0.0476199206365212,0.255398361876396,0,0.0714299464323527,0.319248127932352,0.115648378688694,0.226732089065557,0.0367619429090039,0.0571439257166366,0.0571439257166366,0,0.173472727049999,0.0571439257166366,0.041172338956928,0.041172338956928,0.0476199206365212,0,0,0,0,0.128249502550101,0.0892790042075809,0.0892790042075809,0.138778105311832,0,0,0.138778105311832,0.173472727049999,0,0,0,0.0476199206365212,0,0,0.106635281577545,0,0,0.0999899660382537,0,0,0.115648378688694,0,0.0571439257166366,0,0,0,0.0714299464323527,0,0,0.138778105311832,0.128249502550101,0,0,0.0571439257166366,0.138778105311832,0.0571439257166366,0.0819002213950383,0.0767921451378269,0.0714299464323527,0.138778105311832,0,0,0,0.106635281577545,0.0714299464323527,0.0714299464323527,0,0.0571439257166366,0,0,0.0571439257166366,0,0.0571439257166366,0.0337236205744276,0.138778105311832,0,0.115648378688694,0,0.128249502550101,0.0571439257166366,0,0,0,0,0.0571439257166366,0,0,0,0,0,0,0.0999899660382537,0.0337236205744276,0.0367619429090039,0,0.21027009483971,0,0.0819002213950383,0,0,0,0,0,0.0767921451378269,0,0.138778105311832,0.115648378688694,0.115648378688694,0.115648378688694,0,0.115648378688694,0.0933602719681705,0,0,0,0,0,0,0.0999899660382537,0,0.128249502550101,0.0714299464323527,0,0.115648378688694,0,0.0571439257166366,0.0714299464323527,0.138778105311832,0.0571439257166366,0.0571439257166366,0,0,0.0476199206365212,0.0999899660382537,0.138778105311832,0,0.0571439257166366,0.0714299464323527,0.138778105311832,0.041172338956928,0,0.128249502550101,0.115648378688694,0.0337236205744276,0.184015147583005,0.255398361876396,0.041172338956928,0,0,0.115648378688694,0.115648378688694,0,0.115648378688694,0,0,0,0,0.138778105311832,0.255398361876396,0,0.0476199206365212,0.173472727049999,0.138778105311832,0,0.212831890191799,0,0.212831890191799,0.255398361876396,0.128249502550101,0,0,0,0,0,0.0999899660382537,0.0571439257166366,0,0.0571439257166366,0.0476199206365212,0,0,0,0.0714299464323527,0,0,0,0,0,0,0.0714299464323527,0.0571439257166366,0.0714299464323527,0.0714299464323527,0.0714299464323527,0,0.0476199206365212,0,0,0,0.138778105311832,0,0,0,0,0,0,0.041172338956928,0.177606530413329,0,0.138778105311832,0,0.138778105311832,0.041172338956928,0,0.0714299464323527,0,0,0.115648378688694,0.0571439257166366,0.173472727049999,0,0,0.0892681146452845,0,1,0,0,0.0367619429090039,0,0.255398361876396,0,0,0.16428333703628,0.0301593188641145,0.0367619429090039,0.0367619429090039,0.0892790042075809,0.0819002213950383,0.138778105311832,0,0,0,0,0,0,0.041172338956928,0,0,0,0,0,0.212831890191799,0,0.212831890191799,0.138778105311832,0,0.115648378688694,0.0999899660382537,0.212831890191799,0,0.0476199206365212,0,0.0367619429090039,0,0,0.041172338956928,0.177606530413329,0.18280333984722,0,0,0.115648378688694,0,0,0.0571439257166366,0.118649138482538,0,0.0999899660382537,0.0999899660382537,0,0,0,0,0,0,0,0,0,0.173472727049999,0,0,0,0.0892790042075809,0,0,0.138778105311832,0,0.0892790042075809,0,0.115648378688694,0,0,0,0,0,0,0,0,0,0.041172338956928,0.132392281936114,0,0,0,0,0,0,0.0999899660382537,0.0476199206365212,0,0.0367619429090039,0.0571439257166366,0,0.0819002213950383,0,0,0,0,0,0,0.0999899660382537,0,0,0,0,0,0.138778105311832,0,0,0.0892790042075809,0,0.115648378688694,0,0,0,0.21027009483971,0,0,0,0,0.0933602719681705,0,0.0571439257166366,0,0.0892790042075809,0,0.0571439257166366,0.0892790042075809,0,0,0.0999899660382537,0.212831890191799,0,0,0.138778105311832,0,0,0.0571439257166366,0.115648378688694,0,0.0999899660382537,0.138778105311832,0,0,0,0,0,0,0,0,0,0,0,0,0,0,0,0,0.0367619429090039,0.0571439257166366,0.138778105311832,0.21027009483971,0,0.138778105311832,0,0,0,0
0,0,0,0,0,0,0,0,0,0,0,0,0,0,0,0,0,0,0,0,0,0,0,0,0,0,0,0,0,0,0,0,0,0,0,0,0,0,0,0,0,0,0,0,0,0,0,0,0,0,0,0,0,0,0,0,0,0,0,0,0,0,0,0,0,0,0,0,0,0,0,0,0,0,0,0,0,0,0,0,0,0,0,0,0,0,0,0,0,0,0,0,0,0,0,0,0,0,0,0,0,0,0,0,0,0,0,0,0,0,0,0,0,0,0,0,0,0,0,0,0,0,0,0,0,0,0,0,0,0,0,0,0,0,0,0,0,0,0,0,0,0,0,0,0,0,0,0,0,0,0,0,0,0,0,0,0,0,0,0,0,0,0,0,0,0,0,0,0,0,0,0,0,0,0,0,0,0,0,0,0,0,0,0,0,0,0,0,0,0,0,0,0,0,0,0,0,0,0,0,0,0,0,0,0,0,0,0,0,0,0,0,0,0,0,0,0,0,0,0,0,0,0,0,0,0,0,0,0,0,0,0,0,0,0,0,0,1,0,0,0,0,0,0,0,0,0,0,0,0,0,0,0,0,0,0,0,0,0,0,0,0,0,0,0,0,0,0,0,0,0,0,0,0,0,0,0,0,0,0,0,0,0,0,0,0,0,0,0,0,0,0,0,0,0,0,0,0,0,0,0,0,0,0,0,0,0,0,0,0,0,0,0,0,0,0,0,0,0,0,0,0,0,0,0,0,0,0,0,0,0,0,0,0,0,0,0,0,0,0,0,0,0,0,0,0,0,0,0,0,0,0,0,0,0,0,0,0,0,0,0,0,0,0,0,0,0,0,0,0,0,0,0,0,0,0,0,0,0,0,0,0,0,0,0,0,0,0,0,0,0,0,0,0,0,0,0,0,0,0,0,0,0,0,0,0,0,0,0
0,0,0,0,0,0,0,0,0,0,0,0,0,0,0,0,0,0,0,0,0,0,0,0,0,0,0,0,0,0,0,0,0,0,0,0,0,0,0,0,0,0,0,0,0,0,0,0,0,0,0,0,0,0,0,0,0,0,0,0,0,0,0,0,0,0,0,0,0,0,0,0,0,0,0,0,0,0,0,0,0,0,0,0,0,0,0,0,0,0,0,0,0,0,0,0,0,0,0,0,0,0,0,0,0,0,0,0,0,0,0,0,0,0,0,0,0,0,0,0,0,0,0,0,0,0,0,0,0,0,0,0,0,0,0,0,0,0,0,0,0,0,0,0,0,0,0,0,0,0,0,0,0,0,0,0,0,0,0,0,0,0,0,0,0,0,0,0,0,0,0,0,0,0,0,0,0,0,0,0,0,0,0,0,0,0,0,0,0,0,0,0,0,0,0,0,0,0,0,0,0,0,0,0,0,0,0,0,0,0,0,0,0,0,0,0,0,0,0,0,0,0,0,0,0,0,0,0,0,0,0,0,0,0,0,0,0,0,1,0,0,0,0,0,0,0,0,0,0,0,0,0,0,0,0,0,0,0,0,0,0,0,0,0,0,0,0,0,0,0,0,0,0,0,0,0,0,0,0,0,0,0,0,0,0,0,0,0,0,0,0,0,0,0,0,0,0,0,0,0,0,0,0,0,0,0,0,0,0,0,0,0,0,0,0,0,0,0,0,0,0,0,0,0,0,0,0,0,0,0,0,0,0,0,0,0,0,0,0,0,0,0,0,0,0,0,0,0,0,0,0,0,0,0,0,0,0,0,0,0,0,0,0,0,0,0,0,0,0,0,0,0,0,0,0,0,0,0,0,0,0,0,0,0,0,0,0,0,0,0,0,0,0,0,0,0,0,0,0,0,0,0,0,0,0,0,0,0,0
0,0.0498579928542293,0,0.0367619429090039,0.10162667835798,0.0280132767810044,0.0367619429090039,0.0498579928542293,0,0,0,0.0367619429090039,0.0280132767810044,0.0367619429090039,0,0.0498579928542293,0.0498579928542293,0.0280132767810044,0.0698989009481177,0.687384851140685,0.271481053610807,0.0367619429090039,0,0.0498579928542293,0.271481053610807,0.163074998260921,0.163074998260921,0.0280132767810044,0,0,0,0,0.10162667835798,0.0180216412275933,0.0180216412275933,0.0367619429090039,0,0,0.0367619429090039,0.0498579928542293,0,0,0,0.0280132767810044,0,0,0.0376272683247983,0,0,0.0220824020542819,0,0,0.0280132767810044,0,0.271481053610807,0,0,0,0.0498579928542293,0,0,0.0367619429090039,0.10162667835798,0,0,0.271481053610807,0.0367619429090039,0.0367619429090039,0.0152223787564515,0.013283683417403,0.222834702756658,0.0367619429090039,0,0,0,0.0285246310395475,0.0498579928542293,0.0498579928542293,0,0.0367619429090039,0,0,0.0367619429090039,0,0.0367619429090039,0.11241482621018,0.0367619429090039,0,0.0280132767810044,0,0.10162667835798,0.0367619429090039,0,0,0,0,0.0367619429090039,0,0,0,0,0,0,0.0220824020542819,0.395774731323091,0.687384851140685,0,0.0384437948047428,0,0.0152223787564515,0,0,0,0,0,0.013283683417403,0,0.0367619429090039,0.0280132767810044,0.0280132767810044,0.0280132767810044,0,0.0280132767810044,0.0698989009481177,0,0,0,0,0,0,0.0220824020542819,0,0.10162667835798,0.0498579928542293,0,0.0280132767810044,0,0.0367619429090039,0.1210836969317,0.0367619429090039,0.0367619429090039,0.0367619429090039,0,0,0.206873557102869,0.0220824020542819,0.0367619429090039,0,0.0367619429090039,0.0498579928542293,0.0367619429090039,0.163074998260921,0,0.10162667835798,0.0280132767810044,0.266386646796648,0.0220824020542819,0.0367619429090039,0.163074998260921,0,0,0.0280132767810044,0.0280132767810044,0,0.0280132767810044,0,0,0,0,0.0367619429090039,0.0367619429090039,0,0.206873557102869,0.0498579928542293,0.0367619429090039,0,0.0280132767810044,0,0.0280132767810044,0.0367619429090039,0.10162667835798,0,0,0,0,0,0.0220824020542819,0.0367619429090039,0,0.271481053610807,0.0280132767810044,0,0,0,0.0498579928542293,0,0,0,0,0,0,0.0498579928542293,0.0367619429090039,0.0498579928542293,0.0498579928542293,0.0498579928542293,0,0.0280132767810044,0,0,0,0.0367619429090039,0,0,0,0,0,0,0.0986948173446475,0.0235372551175206,0,0.0367619429090039,0,0.0367619429090039,0.386434809603095,0,0.0498579928542293,0,0,0.0280132767810044,0.0367619429090039,0.0498579928542293,0,0,0.0218282503521771,0,0.0367619429090039,0,0,1,0,0.0367619429090039,0,0,0.0218282503521771,0.208887367284453,0.315372823998099,0.315372823998099,0.0180216412275933,0.0152223787564515,0.0367619429090039,0,0,0,0,0,0,0.163074998260921,0,0,0,0,0,0.0280132767810044,0,0.0280132767810044,0.0367619429090039,0,0.0280132767810044,0.0220824020542819,0.0280132767810044,0,0.323546929785103,0,0.133086930698233,0,0,0.163074998260921,0.0235372551175206,0.0285246310395475,0,0,0.0280132767810044,0,0,0.0367619429090039,0.0384437948047428,0,0.0220824020542819,0.0220824020542819,0,0,0,0,0,0,0,0,0,0.0498579928542293,0,0,0,0.0180216412275933,0,0,0.0367619429090039,0,0.0180216412275933,0,0.0280132767810044,0,0,0,0,0,0,0,0,0,0.053628690703256,0.0384437948047428,0,0,0,0,0,0,0.0220824020542819,0.206873557102869,0,0.468554246939164,0.0367619429090039,0,0.0152223787564515,0,0,0,0,0,0,0.0220824020542819,0,0,0,0,0,0.0367619429090039,0,0,0.0180216412275933,0,0.0280132767810044,0,0,0,0.0384437948047428,0,0,0,0,0.0698989009481177,0,0.0367619429090039,0,0.0180216412275933,0,0.271481053610807,0.0180216412275933,0,0,0.0220824020542819,0.0280132767810044,0,0,0.0367619429090039,0,0,0.0367619429090039,0.0280132767810044,0,0.0220824020542819,0.0367619429090039,0,0,0,0,0,0,0,0,0,0,0,0,0,0,0,0,0.468554246939164,0.271481053610807,0.0367619429090039,0.0384437948047428,0,0.0367619429090039,0,0,0,0
0,0,0,0,0,0,0,0,0,0,0,0,0,0,0,0,0,0,0,0,0,0,0,0,0,0,0,0,0,0,0,0,0,0,0,0,0,0,0,0,0,0,0,0,0,0,0,0,0,0,0,0,0,0,0,0,0,0,0,0,0,0,0,0,0,0,0,0,0,0,0,0,0,0,0,0,0,0,0,0,0,0,0,0,0,0,0,0,0,0,0,0,0,0,0,0,0,0,0,0,0,0,0,0,0,0,0,0,0,0,0,0,0,0,0,0,0,0,0,0,0,0,0,0,0,0,0,0,0,0,0,0,0,0,0,0,0,0,0,0,0,0,0,0,0,0,0,0,0,0,0,0,0,0,0,0,0,0,0,0,0,0,0,0,0,0,0,0,0,0,0,0,0,0,0,0,0,0,0,0,0,0,0,0,0,0,0,0,0,0,0,0,0,0,0,0,0,0,0,0,0,0,0,0,0,0,0,0,0,0,0,0,0,0,0,0,0,0,0,0,0,0,0,0,0,0,0,0,0,0,0,0,0,0,0,0,0,0,0,0,1,0,0,0,0,0,0,0,0,0,0,0,0,0,0,0,0,0,0,0,0,0,0,0,0,0,0,0,0,0,0,0,0,0,0,0,0,0,0,0,0,0,0,0,0,0,0,0,0,0,0,0,0,0,0,0,0,0,0,0,0,0,0,0,0,0,0,0,0,0,0,0,0,0,0,0,0,0,0,0,0,0,0,0,0,0,0,0,0,0,0,0,0,0,0,0,0,0,0,0,0,0,0,0,0,0,0,0,0,0,0,0,0,0,0,0,0,0,0,0,0,0,0,0,0,0,0,0,0,0,0,0,0,0,0,0,0,0,0,0,0,0,0,0,0,0,0,0,0,0,0,0,0,0,0,0,0,0,0,0,0,0,0,0,0,0,0,0,0
0,0.173472727049999,0,0.0571439257166366,0.128249502550101,0.115648378688694,0.0571439257166366,0.0714299464323527,0,0,0,0.138778105311832,0.0476199206365212,0.659999251998354,0,0.0714299464323527,0.824999518748676,0.115648378688694,0.226732089065557,0.0367619429090039,0.0571439257166366,0.0571439257166366,0,0.173472727049999,0.0571439257166366,0.041172338956928,0.041172338956928,0.0476199206365212,0,0,0,0,0.128249502550101,0.0892790042075809,0.0892790042075809,0.138778105311832,0,0,0.138778105311832,0.173472727049999,0,0,0,0.0476199206365212,0,0,0.106635281577545,0,0,0.0999899660382537,0,0,0.115648378688694,0,0.0571439257166366,0,0,0,0.0714299464323527,0,0,0.138778105311832,0.128249502550101,0,0,0.0571439257166366,0.138778105311832,0.0571439257166366,0.0819002213950383,0.0767921451378269,0.0714299464323527,0.138778105311832,0,0,0,0.106635281577545,0.0714299464323527,0.0714299464323527,0,0.0571439257166366,0,0,0.0571439257166366,0,0.0571439257166366,0.0337236205744276,0.138778105311832,0,0.115648378688694,0,0.128249502550101,0.0571439257166366,0,0,0,0,0.0571439257166366,0,0,0,0,0,0,0.0999899660382537,0.0337236205744276,0.0367619429090039,0,0.480458425321575,0,0.0819002213950383,0,0,0,0,0,0.0767921451378269,0,0.138778105311832,0.115648378688694,0.115648378688694,0.115648378688694,0,0.115648378688694,0.0933602719681705,0,0,0,0,0,0,0.0999899660382537,0,0.128249502550101,0.0714299464323527,0,0.115648378688694,0,0.0571439257166366,0.0714299464323527,0.138778105311832,0.0571439257166366,0.0571439257166366,0,0,0.0476199206365212,0.0999899660382537,0.138778105311832,0,0.0571439257166366,0.0714299464323527,0.138778105311832,0.041172338956928,0,0.128249502550101,0.115648378688694,0.0337236205744276,0.47553108355459,0.255398361876396,0.041172338956928,0,0,0.115648378688694,0.115648378688694,0,0.115648378688694,0,0,0,0,0.138778105311832,0.659999251998354,0,0.0476199206365212,0.173472727049999,0.138778105311832,0,0.212831890191799,0,0.549999174998487,0.255398361876396,0.128249502550101,0,0,0,0,0,0.0999899660382537,0.0571439257166366,0,0.0571439257166366,0.0476199206365212,0,0,0,0.0714299464323527,0,0,0,0,0,0,0.0714299464323527,0.0571439257166366,0.0714299464323527,0.0714299464323527,0.0714299464323527,0,0.0476199206365212,0,0,0,0.138778105311832,0,0,0,0,0,0,0.041172338956928,0.177606530413329,0,0.138778105311832,0,0.138778105311832,0.041172338956928,0,0.0714299464323527,0,0,0.115648378688694,0.0571439257166366,0.173472727049999,0,0,0.0892681146452845,0,0.255398361876396,0,0,0.0367619429090039,0,1,0,0,0.424540231045856,0.0301593188641145,0.0367619429090039,0.0367619429090039,0.0892790042075809,0.0819002213950383,0.138778105311832,0,0,0,0,0,0,0.041172338956928,0,0,0,0,0,0.212831890191799,0,0.212831890191799,0.138778105311832,0,0.115648378688694,0.0999899660382537,0.212831890191799,0,0.0476199206365212,0,0.0367619429090039,0,0,0.041172338956928,0.177606530413329,0.447059868537929,0,0,0.115648378688694,0,0,0.0571439257166366,0.118649138482538,0,0.0999899660382537,0.0999899660382537,0,0,0,0,0,0,0,0,0,0.173472727049999,0,0,0,0.0892790042075809,0,0,0.138778105311832,0,0.0892790042075809,0,0.115648378688694,0,0,0,0,0,0,0,0,0,0.041172338956928,0.132392281936114,0,0,0,0,0,0,0.0999899660382537,0.0476199206365212,0,0.0367619429090039,0.0571439257166366,0,0.0819002213950383,0,0,0,0,0,0,0.0999899660382537,0,0,0,0,0,0.138778105311832,0,0,0.0892790042075809,0,0.115648378688694,0,0,0,0.480458425321575,0,0,0,0,0.0933602719681705,0,0.0571439257166366,0,0.0892790042075809,0,0.0571439257166366,0.0892790042075809,0,0,0.0999899660382537,0.549999174998487,0,0,0.138778105311832,0,0,0.0571439257166366,0.115648378688694,0,0.0999899660382537,0.138778105311832,0,0,0,0,0,0,0,0,0,0,0,0,0,0,0,0,0.0367619429090039,0.0571439257166366,0.138778105311832,0.480458425321575,0,0.138778105311832,0,0,0,0
0,0,0,0,0,0,0,0,0,0,0,0,0,0,0,0,0,0,0,0,0,0,0,0,0,0,0,0,0,0,0,0,0,0,0,0,0,0,0,0,0,0,0,0,0,0,0,0,0,0,0,0,0,0,0,0,0,0,0,0,0,0,0,0,0,0,0,0,0,0,0,0,0,0,0,0,0,0,0,0,0,0,0,0,0,0,0,0,0,0,0,0,0,0,0,0,0,0,0,0,0,0,0,0,0,0,0,0,0,0,0,0,0,0,0,0,0,0,0,0,0,0,0,0,0,0,0,0,0,0,0,0,0,0,0,0,0,0,0,0,0,0,0,0,0,0,0,0,0,0,0,0,0,0,0,0,0,0,0,0,0,0,0,0,0,0,0,0,0,0,0,0,0,0,0,0,0,0,0,0,0,0,0,0,0,0,0,0,0,0,0,0,0,0,0,0,0,0,0,0,0,0,0,0,0,0,0,0,0,0,0,0,0,0,0,0,0,0,0,0,0,0,0,0,0,0,0,0,0,0,0,0,0,0,0,0,0,0,0,0,0,0,1,0,0,0,0,0,0,0,0,0,0,0,0,0,0,0,0,0,0,0,0,0,0,0,0,0,0,0,0,0,0,0,0,0,0,0,0,0,0,0,0,0,0,0,0,0,0,0,0,0,0,0,0,0,0,0,0,0,0,0,0,0,0,0,0,0,0,0,0,0,0,0,0,0,0,0,0,0,0,0,0,0,0,0,0,0,0,0,0,0,0,0,0,0,0,0,0,0,0,0,0,0,0,0,0,0,0,0,0,0,0,0,0,0,0,0,0,0,0,0,0,0,0,0,0,0,0,0,0,0,0,0,0,0,0,0,0,0,0,0,0,0,0,0,0,0,0,0,0,0,0,0,0,0,0,0,0,0,0,0,0,0,0,0,0,0,0
0,0,0,0,0,0,0,0,0,0,0,0,0,0,0,0,0,0,0,0,0,0,0,0,0,0,0,0,0,0,0,0,0,0,0,0,0,0,0,0,0,0,0,0,0,0,0,0,0,0,0,0,0,0,0,0,0,0,0,0,0,0,0,0,0,0,0,0,0,0,0,0,0,0,0,0,0,0,0,0,0,0,0,0,0,0,0,0,0,0,0,0,0,0,0,0,0,0,0,0,0,0,0,0,0,0,0,0,0,0,0,0,0,0,0,0,0,0,0,0,0,0,0,0,0,0,0,0,0,0,0,0,0,0,0,0,0,0,0,0,0,0,0,0,0,0,0,0,0,0,0,0,0,0,0,0,0,0,0,0,0,0,0,0,0,0,0,0,0,0,0,0,0,0,0,0,0,0,0,0,0,0,0,0,0,0,0,0,0,0,0,0,0,0,0,0,0,0,0,0,0,0,0,0,0,0,0,0,0,0,0,0,0,0,0,0,0,0,0,0,0,0,0,0,0,0,0,0,0,0,0,0,0,0,0,0,0,0,0,0,0,0,0,1,0,0,0,0,0,0,0,0,0,0,0,0,0,0,0,0,0,0,0,0,0,0,0,0,0,0,0,0,0,0,0,0,0,0,0,0,0,0,0,0,0,0,0,0,0,0,0,0,0,0,0,0,0,0,0,0,0,0,0,0,0,0,0,0,0,0,0,0,0,0,0,0,0,0,0,0,0,0,0,0,0,0,0,0,0,0,0,0,0,0,0,0,0,0,0,0,0,0,0,0,0,0,0,0,0,0,0,0,0,0,0,0,0,0,0,0,0,0,0,0,0,0,0,0,0,0,0,0,0,0,0,0,0,0,0,0,0,0,0,0,0,0,0,0,0,0,0,0,0,0,0,0,0,0,0,0,0,0,0,0,0,0,0,0,0
0,0.210245234101322,0,0.0367574589715877,0.0865360309624762,0.0724188282515526,0.0367574589715877,0.0470411711002957,0,0,0,0.0892681146452845,0.0298195175153452,0.424540231045856,0,0.0470411711002957,0.543314750429946,0.0724188282515526,0.151898344027952,0.0218282503521771,0.0367574589715877,0.0367574589715877,0,0.114242844100718,0.0367574589715877,0.0250847842310818,0.0250847842310818,0.0298195175153452,0,0,0,0,0.0865360309624762,0.0975589148393219,0.0975589148393219,0.0892681146452845,0,0,0.0892681146452845,0.114242844100718,0,0,0,0.0298195175153452,0,0,0.122990336772088,0,0,0.0609201902754844,0,0,0.133274986446135,0,0.0367574589715877,0,0,0,0.0470411711002957,0,0,0.0892681146452845,0.0865360309624762,0,0,0.0367574589715877,0.0892681146452845,0.0367574589715877,0.0874943253370645,0.0805087853842884,0.0470411711002957,0.0892681146452845,0,0,0,0.133769507391903,0.0470411711002957,0.0470411711002957,0,0.0367574589715877,0,0,0.0367574589715877,0,0.0367574589715877,0.0195763558973341,0.0892681146452845,0,0.0724188282515526,0,0.0865360309624762,0.0367574589715877,0,0,0,0,0.0367574589715877,0,0,0,0,0,0,0.0609201902754844,0.0195763558973341,0.0218282503521771,0,0.321495067401043,0,0.0874943253370645,0,0,0,0,0,0.0805087853842884,0,0.16428333703628,0.0724188282515526,0.0724188282515526,0.133274986446135,0,0.0724188282515526,0.0625463769526861,0,0,0,0,0,0,0.0609201902754844,0,0.0865360309624762,0.0470411711002957,0,0.133274986446135,0,0.0367574589715877,0.0470411711002957,0.0892681146452845,0.0367574589715877,0.0367574589715877,0,0,0.0298195175153452,0.0609201902754844,0.0892681146452845,0,0.0367574589715877,0.0470411711002957,0.0892681146452845,0.0250847842310818,0,0.0865360309624762,0.0724188282515526,0.0195763558973341,0.28972351166686,0.16428333703628,0.0250847842310818,0,0,0.0724188282515526,0.133274986446135,0,0.220212355295538,0,0,0,0,0.0892681146452845,0.424540231045856,0,0.0298195175153452,0.114242844100718,0.0892681146452845,0,0.133274986446135,0,0.34440859650897,0.16428333703628,0.0865360309624762,0,0,0,0,0,0.112113627481774,0.0367574589715877,0,0.0367574589715877,0.0298195175153452,0,0,0,0.0470411711002957,0,0,0,0,0,0,0.0470411711002957,0.0367574589715877,0.0470411711002957,0.0470411711002957,0.0470411711002957,0,0.0298195175153452,0,0,0,0.0892681146452845,0,0,0,0,0,0,0.0250847842310818,0.115809750264791,0,0.0892681146452845,0,0.0892681146452845,0.0250847842310818,0,0.0470411711002957,0,0,0.0724188282515526,0.0367574589715877,0.114242844100718,0,0,0.108821981494309,0,0.16428333703628,0,0,0.0218282503521771,0,0.424540231045856,0,0,1,0.0169257699083969,0.0218282503521771,0.0218282503521771,0.0975589148393219,0.0874943253370645,0.0892681146452845,0,0,0,0,0,0,0.0250847842310818,0,0,0,0,0,0.133274986446135,0,0.133274986446135,0.0892681146452845,0,0.0724188282515526,0.0609201902754844,0.133274986446135,0,0.0298195175153452,0,0.0218282503521771,0,0,0.0250847842310818,0.115809750264791,0.297510242045281,0,0,0.0724188282515526,0,0,0.0367574589715877,0.0816708553175749,0,0.112113627481774,0.112113627481774,0,0,0,0,0,0,0,0,0,0.114242844100718,0,0,0,0.0975589148393219,0,0,0.0892681146452845,0,0.0530114651410014,0,0.0724188282515526,0,0,0,0,0,0,0,0,0,0.0250847842310818,0.0926432048900211,0,0,0,0,0,0,0.0609201902754844,0.0298195175153452,0,0.0218282503521771,0.0367574589715877,0,0.0874943253370645,0,0,0,0,0,0,0.0609201902754844,0,0,0,0,0,0.0892681146452845,0,0,0.0530114651410014,0,0.133274986446135,0,0,0,0.321495067401043,0,0,0,0,0.0625463769526861,0,0.0367574589715877,0,0.0975589148393219,0,0.0367574589715877,0.0975589148393219,0,0,0.0609201902754844,0.34440859650897,0,0,0.0892681146452845,0,0,0.0367574589715877,0.133274986446135,0,0.112113627481774,0.0892681146452845,0,0,0,0,0,0,0,0,0,0,0,0,0,0,0,0,0.0218282503521771,0.0367574589715877,0.0892681146452845,0.321495067401043,0,0.0892681146452845,0,0,0,0
0,0.0428812849891,0,0.0301593188641145,0.0930719467558259,0.0216548926727131,0.0301593188641145,0.0428812849891,0,0,0,0.0301593188641145,0.0216548926727131,0.0301593188641145,0,0.0428812849891,0.0428812849891,0.0216548926727131,0.0623300805587105,0.208887367284453,0.222721733769102,0.0301593188641145,0,0.0428812849891,0.222721733769102,0.117323026763923,0.117323026763923,0.0216548926727131,0,0,0,0,0.0930719467558259,0.0119366441992466,0.0119366441992466,0.0301593188641145,0,0,0.0301593188641145,0.0428812849891,0,0,0,0.0216548926727131,0,0,0.0324782079771933,0,0,0.0158870107303694,0,0,0.0216548926727131,0,0.222721733769102,0,0,0,0.0428812849891,0,0,0.0301593188641145,0.0930719467558259,0,0,0.222721733769102,0.0301593188641145,0.0301593188641145,0.00921291141318637,0.00732625321903591,0.191653090053325,0.0301593188641145,0,0,0,0.023476107285065,0.0428812849891,0.0428812849891,0,0.0301593188641145,0,0,0.0301593188641145,0,0.0301593188641145,0.0680358734973793,0.0301593188641145,0,0.0216548926727131,0,0.0930719467558259,0.0301593188641145,0,0,0,0,0.0301593188641145,0,0,0,0,0,0,0.0158870107303694,0.161222934855247,0.208887367284453,0,0.0331750465663922,0,0.00921291141318637,0,0,0,0,0,0.00732625321903591,0,0.0301593188641145,0.0216548926727131,0.0216548926727131,0.0216548926727131,0,0.0216548926727131,0.0623300805587105,0,0,0,0,0,0,0.0158870107303694,0,0.0930719467558259,0.0428812849891,0,0.0216548926727131,0,0.0301593188641145,0.104140263544957,0.0301593188641145,0.0301593188641145,0.0301593188641145,0,0,0.159917910029103,0.0158870107303694,0.0301593188641145,0,0.0301593188641145,0.0428812849891,0.0301593188641145,0.117323026763923,0,0.0930719467558259,0.0216548926727131,0.161222934855247,0.0158870107303694,0.0301593188641145,0.117323026763923,0,0,0.0216548926727131,0.0216548926727131,0,0.0216548926727131,0,0,0,0,0.0301593188641145,0.0301593188641145,0,0.159917910029103,0.0428812849891,0.0301593188641145,0,0.0216548926727131,0,0.0216548926727131,0.0301593188641145,0.0930719467558259,0,0,0,0,0,0.0158870107303694,0.0301593188641145,0,0.222721733769102,0.0216548926727131,0,0,0,0.0428812849891,0,0,0,0,0,0,0.0428812849891,0.0301593188641145,0.0428812849891,0.0428812849891,0.0428812849891,0,0.0216548926727131,0,0,0,0.0301593188641145,0,0,0,0,0,0,0.0710052112234878,0.0182354032907956,0,0.0301593188641145,0,0.0301593188641145,0.413054851934635,0,0.0428812849891,0,0,0.0216548926727131,0.0301593188641145,0.0428812849891,0,0,0.0169257699083969,0,0.0301593188641145,0,0,0.208887367284453,0,0.0301593188641145,0,0,0.0169257699083969,1,0.208887367284453,0.208887367284453,0.0119366441992466,0.00921291141318637,0.0301593188641145,0,0,0,0,0,0,0.117323026763923,0,0,0,0,0,0.0216548926727131,0,0.0216548926727131,0.0301593188641145,0,0.0216548926727131,0.0158870107303694,0.0216548926727131,0,0.250109049857146,0,0.0881502033722786,0,0,0.117323026763923,0.0182354032907956,0.023476107285065,0,0,0.0216548926727131,0,0,0.0301593188641145,0.0331750465663922,0,0.0158870107303694,0.0158870107303694,0,0,0,0,0,0,0,0,0,0.0428812849891,0,0,0,0.0119366441992466,0,0,0.0301593188641145,0,0.0119366441992466,0,0.0216548926727131,0,0,0,0,0,0,0,0,0,0.0385827403451829,0.0331750465663922,0,0,0,0,0,0,0.0158870107303694,0.159917910029103,0,0.208887367284453,0.0301593188641145,0,0.00921291141318637,0,0,0,0,0,0,0.0158870107303694,0,0,0,0,0,0.0301593188641145,0,0,0.0119366441992466,0,0.0216548926727131,0,0,0,0.0331750465663922,0,0,0,0,0.0623300805587105,0,0.0301593188641145,0,0.0119366441992466,0,0.222721733769102,0.0119366441992466,0,0,0.0158870107303694,0.0216548926727131,0,0,0.0301593188641145,0,0,0.0301593188641145,0.0216548926727131,0,0.0158870107303694,0.0301593188641145,0,0,0,0,0,0,0,0,0,0,0,0,0,0,0,0,0.208887367284453,0.222721733769102,0.0301593188641145,0.0331750465663922,0,0.0301593188641145,0,0,0,0
0,0.0498579928542293,0,0.0367619429090039,0.10162667835798,0.0280132767810044,0.0367619429090039,0.0498579928542293,0,0,0,0.0367619429090039,0.0280132767810044,0.0367619429090039,0,0.0498579928542293,0.0498579928542293,0.0280132767810044,0.0698989009481177,0.315372823998099,0.271481053610807,0.0367619429090039,0,0.0498579928542293,0.271481053610807,0.163074998260921,0.163074998260921,0.0280132767810044,0,0,0,0,0.10162667835798,0.0180216412275933,0.0180216412275933,0.0367619429090039,0,0,0.0367619429090039,0.0498579928542293,0,0,0,0.0280132767810044,0,0,0.0376272683247983,0,0,0.0220824020542819,0,0,0.0280132767810044,0,0.271481053610807,0,0,0,0.0498579928542293,0,0,0.0367619429090039,0.10162667835798,0,0,0.271481053610807,0.0367619429090039,0.0367619429090039,0.0152223787564515,0.013283683417403,0.222834702756658,0.0367619429090039,0,0,0,0.0285246310395475,0.0498579928542293,0.0498579928542293,0,0.0367619429090039,0,0,0.0367619429090039,0,0.0367619429090039,0.11241482621018,0.0367619429090039,0,0.0280132767810044,0,0.10162667835798,0.0367619429090039,0,0,0,0,0.0367619429090039,0,0,0,0,0,0,0.0220824020542819,0.266386646796648,0.315372823998099,0,0.0384437948047428,0,0.0152223787564515,0,0,0,0,0,0.013283683417403,0,0.0367619429090039,0.0280132767810044,0.0280132767810044,0.0280132767810044,0,0.0280132767810044,0.0698989009481177,0,0,0,0,0,0,0.0220824020542819,0,0.10162667835798,0.0498579928542293,0,0.0280132767810044,0,0.0367619429090039,0.1210836969317,0.0367619429090039,0.0367619429090039,0.0367619429090039,0,0,0.206873557102869,0.0220824020542819,0.0367619429090039,0,0.0367619429090039,0.0498579928542293,0.0367619429090039,0.163074998260921,0,0.10162667835798,0.0280132767810044,0.580614852075153,0.0220824020542819,0.0367619429090039,0.163074998260921,0,0,0.0280132767810044,0.0280132767810044,0,0.0280132767810044,0,0,0,0,0.0367619429090039,0.0367619429090039,0,0.206873557102869,0.0498579928542293,0.0367619429090039,0,0.0280132767810044,0,0.0280132767810044,0.0367619429090039,0.10162667835798,0,0,0,0,0,0.0220824020542819,0.0367619429090039,0,0.271481053610807,0.0280132767810044,0,0,0,0.0498579928542293,0,0,0,0,0,0,0.0498579928542293,0.0367619429090039,0.0498579928542293,0.0498579928542293,0.0498579928542293,0,0.0280132767810044,0,0,0,0.0367619429090039,0,0,0,0,0,0,0.0986948173446475,0.0235372551175206,0,0.0367619429090039,0,0.0367619429090039,0.386434809603095,0,0.0498579928542293,0,0,0.0280132767810044,0.0367619429090039,0.0498579928542293,0,0,0.0218282503521771,0,0.0367619429090039,0,0,0.315372823998099,0,0.0367619429090039,0,0,0.0218282503521771,0.208887367284453,1,0.687384851140685,0.0180216412275933,0.0152223787564515,0.0367619429090039,0,0,0,0,0,0,0.163074998260921,0,0,0,0,0,0.0280132767810044,0,0.0280132767810044,0.0367619429090039,0,0.0280132767810044,0.0220824020542819,0.0280132767810044,0,0.323546929785103,0,0.133086930698233,0,0,0.163074998260921,0.0235372551175206,0.0285246310395475,0,0,0.0280132767810044,0,0,0.0367619429090039,0.0384437948047428,0,0.0220824020542819,0.0220824020542819,0,0,0,0,0,0,0,0,0,0.0498579928542293,0,0,0,0.0180216412275933,0,0,0.0367619429090039,0,0.0180216412275933,0,0.0280132767810044,0,0,0,0,0,0,0,0,0,0.053628690703256,0.0384437948047428,0,0,0,0,0,0,0.0220824020542819,0.206873557102869,0,0.315372823998099,0.0367619429090039,0,0.0152223787564515,0,0,0,0,0,0,0.0220824020542819,0,0,0,0,0,0.0367619429090039,0,0,0.0180216412275933,0,0.0280132767810044,0,0,0,0.0384437948047428,0,0,0,0,0.0698989009481177,0,0.0367619429090039,0,0.0180216412275933,0,0.271481053610807,0.0180216412275933,0,0,0.0220824020542819,0.0280132767810044,0,0,0.0367619429090039,0,0,0.0367619429090039,0.0280132767810044,0,0.0220824020542819,0.0367619429090039,0,0,0,0,0,0,0,0,0,0,0,0,0,0,0,0,0.315372823998099,0.271481053610807,0.0367619429090039,0.0384437948047428,0,0.0367619429090039,0,0,0,0
0,0.0498579928542293,0,0.0367619429090039,0.10162667835798,0.0280132767810044,0.0367619429090039,0.0498579928542293,0,0,0,0.0367619429090039,0.0280132767810044,0.0367619429090039,0,0.0498579928542293,0.0498579928542293,0.0280132767810044,0.0698989009481177,0.315372823998099,0.271481053610807,0.0367619429090039,0,0.0498579928542293,0.271481053610807,0.163074998260921,0.163074998260921,0.0280132767810044,0,0,0,0,0.10162667835798,0.0180216412275933,0.0180216412275933,0.0367619429090039,0,0,0.0367619429090039,0.0498579928542293,0,0,0,0.0280132767810044,0,0,0.0376272683247983,0,0,0.0220824020542819,0,0,0.0280132767810044,0,0.271481053610807,0,0,0,0.0498579928542293,0,0,0.0367619429090039,0.10162667835798,0,0,0.271481053610807,0.0367619429090039,0.0367619429090039,0.0152223787564515,0.013283683417403,0.222834702756658,0.0367619429090039,0,0,0,0.0285246310395475,0.0498579928542293,0.0498579928542293,0,0.0367619429090039,0,0,0.0367619429090039,0,0.0367619429090039,0.11241482621018,0.0367619429090039,0,0.0280132767810044,0,0.10162667835798,0.0367619429090039,0,0,0,0,0.0367619429090039,0,0,0,0,0,0,0.0220824020542819,0.266386646796648,0.315372823998099,0,0.0384437948047428,0,0.0152223787564515,0,0,0,0,0,0.013283683417403,0,0.0367619429090039,0.0280132767810044,0.0280132767810044,0.0280132767810044,0,0.0280132767810044,0.0698989009481177,0,0,0,0,0,0,0.0220824020542819,0,0.10162667835798,0.0498579928542293,0,0.0280132767810044,0,0.0367619429090039,0.1210836969317,0.0367619429090039,0.0367619429090039,0.0367619429090039,0,0,0.206873557102869,0.0220824020542819,0.0367619429090039,0,0.0367619429090039,0.0498579928542293,0.0367619429090039,0.163074998260921,0,0.10162667835798,0.0280132767810044,0.580614852075153,0.0220824020542819,0.0367619429090039,0.163074998260921,0,0,0.0280132767810044,0.0280132767810044,0,0.0280132767810044,0,0,0,0,0.0367619429090039,0.0367619429090039,0,0.206873557102869,0.0498579928542293,0.0367619429090039,0,0.0280132767810044,0,0.0280132767810044,0.0367619429090039,0.10162667835798,0,0,0,0,0,0.0220824020542819,0.0367619429090039,0,0.271481053610807,0.0280132767810044,0,0,0,0.0498579928542293,0,0,0,0,0,0,0.0498579928542293,0.0367619429090039,0.0498579928542293,0.0498579928542293,0.0498579928542293,0,0.0280132767810044,0,0,0,0.0367619429090039,0,0,0,0,0,0,0.0986948173446475,0.0235372551175206,0,0.0367619429090039,0,0.0367619429090039,0.386434809603095,0,0.0498579928542293,0,0,0.0280132767810044,0.0367619429090039,0.0498579928542293,0,0,0.0218282503521771,0,0.0367619429090039,0,0,0.315372823998099,0,0.0367619429090039,0,0,0.0218282503521771,0.208887367284453,0.687384851140685,1,0.0180216412275933,0.0152223787564515,0.0367619429090039,0,0,0,0,0,0,0.163074998260921,0,0,0,0,0,0.0280132767810044,0,0.0280132767810044,0.0367619429090039,0,0.0280132767810044,0.0220824020542819,0.0280132767810044,0,0.323546929785103,0,0.133086930698233,0,0,0.163074998260921,0.0235372551175206,0.0285246310395475,0,0,0.0280132767810044,0,0,0.0367619429090039,0.0384437948047428,0,0.0220824020542819,0.0220824020542819,0,0,0,0,0,0,0,0,0,0.0498579928542293,0,0,0,0.0180216412275933,0,0,0.0367619429090039,0,0.0180216412275933,0,0.0280132767810044,0,0,0,0,0,0,0,0,0,0.053628690703256,0.0384437948047428,0,0,0,0,0,0,0.0220824020542819,0.206873557102869,0,0.315372823998099,0.0367619429090039,0,0.0152223787564515,0,0,0,0,0,0,0.0220824020542819,0,0,0,0,0,0.0367619429090039,0,0,0.0180216412275933,0,0.0280132767810044,0,0,0,0.0384437948047428,0,0,0,0,0.0698989009481177,0,0.0367619429090039,0,0.0180216412275933,0,0.271481053610807,0.0180216412275933,0,0,0.0220824020542819,0.0280132767810044,0,0,0.0367619429090039,0,0,0.0367619429090039,0.0280132767810044,0,0.0220824020542819,0.0367619429090039,0,0,0,0,0,0,0,0,0,0,0,0,0,0,0,0,0.315372823998099,0.271481053610807,0.0367619429090039,0.0384437948047428,0,0.0367619429090039,0,0,0,0
0,0.368193282506597,0,0.0367619429090039,0.10162667835798,0.0680322436110106,0.0367619429090039,0.0498579928542293,0,0,0,0.0892790042075809,0.0280132767810044,0.0892790042075809,0,0.0498579928542293,0.1210836969317,0.0680322436110106,0.169754473731143,0.0180216412275933,0.0367619429090039,0.0367619429090039,0,0.1210836969317,0.0367619429090039,0.0220824020542819,0.0220824020542819,0.0280132767810044,0,0,0,0,0.10162667835798,0.468554246939164,0.468554246939164,0.0892790042075809,0,0,0.0892790042075809,0.1210836969317,0,0,0,0.0280132767810044,0,0,0.179069247970045,0,0,0.053628690703256,0,0,0.490223176474009,0,0.0367619429090039,0,0,0,0.0498579928542293,0,0,0.0892790042075809,0.10162667835798,0,0,0.0367619429090039,0.0892790042075809,0.0367619429090039,0.0680347132176099,0.0593699320083931,0.0498579928542293,0.0892790042075809,0,0,0,0.21064982630663,0.0498579928542293,0.0498579928542293,0,0.0367619429090039,0,0,0.0367619429090039,0,0.0367619429090039,0.0152223787564515,0.0892790042075809,0,0.0680322436110106,0,0.10162667835798,0.0367619429090039,0,0,0,0,0.0367619429090039,0,0,0,0,0,0,0.053628690703256,0.0152223787564515,0.0180216412275933,0,0.093363501668661,0,0.0680347132176099,0,0,0,0,0,0.0593699320083931,0,0.424592019495871,0.0680322436110106,0.0680322436110106,0.125202196225305,0,0.0680322436110106,0.0698989009481177,0,0,0,0,0,0,0.053628690703256,0,0.10162667835798,0.0498579928542293,0,0.206873557102869,0,0.0367619429090039,0.0498579928542293,0.0892790042075809,0.0367619429090039,0.0367619429090039,0,0,0.0280132767810044,0.053628690703256,0.0892790042075809,0,0.0367619429090039,0.0498579928542293,0.0892790042075809,0.0220824020542819,0,0.10162667835798,0.0680322436110106,0.0152223787564515,0.053628690703256,0.0892790042075809,0.0220824020542819,0,0,0.0680322436110106,0.323546929785103,0,0.125202196225305,0,0,0,0,0.0892790042075809,0.0892790042075809,0,0.0280132767810044,0.1210836969317,0.0892790042075809,0,0.0680322436110106,0,0.0680322436110106,0.0892790042075809,0.10162667835798,0,0,0,0,0,0.255046685284169,0.0367619429090039,0,0.0367619429090039,0.0280132767810044,0,0,0,0.0498579928542293,0,0,0,0,0,0,0.0498579928542293,0.0367619429090039,0.0498579928542293,0.0498579928542293,0.0498579928542293,0,0.0280132767810044,0,0,0,0.0892790042075809,0,0,0,0,0,0,0.0220824020542819,0.0571619052854071,0,0.0892790042075809,0,0.0892790042075809,0.0220824020542819,0,0.0498579928542293,0,0,0.0680322436110106,0.0367619429090039,0.1210836969317,0,0,0.252111291343699,0,0.0892790042075809,0,0,0.0180216412275933,0,0.0892790042075809,0,0,0.0975589148393219,0.0119366441992466,0.0180216412275933,0.0180216412275933,1,0.395774731323091,0.0892790042075809,0,0,0,0,0,0,0.0220824020542819,0,0,0,0,0,0.0680322436110106,0,0.0680322436110106,0.0892790042075809,0,0.0680322436110106,0.053628690703256,0.0680322436110106,0,0.0280132767810044,0,0.0180216412275933,0,0,0.0220824020542819,0.0571619052854071,0.0692741039531869,0,0,0.0680322436110106,0,0,0.0367619429090039,0.0800775472624232,0,0.255046685284169,0.255046685284169,0,0,0,0,0,0,0,0,0,0.1210836969317,0,0,0,0.468554246939164,0,0,0.0892790042075809,0,0.043766842981298,0,0.0680322436110106,0,0,0,0,0,0,0,0,0,0.0220824020542819,0.093363501668661,0,0,0,0,0,0,0.053628690703256,0.0280132767810044,0,0.0180216412275933,0.0367619429090039,0,0.0680347132176099,0,0,0,0,0,0,0.053628690703256,0,0,0,0,0,0.0892790042075809,0,0,0.043766842981298,0,0.490223176474009,0,0,0,0.093363501668661,0,0,0,0,0.0698989009481177,0,0.0367619429090039,0,0.468554246939164,0,0.0367619429090039,0.208145827939354,0,0,0.053628690703256,0.0680322436110106,0,0,0.0892790042075809,0,0,0.0367619429090039,0.323546929785103,0,0.255046685284169,0.0892790042075809,0,0,0,0,0,0,0,0,0,0,0,0,0,0,0,0,0.0180216412275933,0.0367619429090039,0.0892790042075809,0.093363501668661,0,0.0892790042075809,0,0,0,0
0,0.344479410138723,0,0.0337236205744276,0.0976858574475728,0.0609274353162256,0.0337236205744276,0.0466468368249435,0,0,0,0.0819002213950383,0.0250877674831517,0.0819002213950383,0,0.0466468368249435,0.113285175146291,0.0609274353162256,0.161291303605171,0.0152223787564515,0.0337236205744276,0.0337236205744276,0,0.113285175146291,0.0337236205744276,0.0192321645820291,0.0192321645820291,0.0250877674831517,0,0,0,0,0.0976858574475728,0.395774731323091,0.395774731323091,0.0819002213950383,0,0,0.0819002213950383,0.113285175146291,0,0,0,0.0250877674831517,0,0,0.162102702722471,0,0,0.0467066854134993,0,0,0.439027721118709,0,0.0337236205744276,0,0,0,0.0466468368249435,0,0,0.0819002213950383,0.0976858574475728,0,0,0.0337236205744276,0.0819002213950383,0.0337236205744276,0.0556795855800954,0.0471221810706655,0.0466468368249435,0.0819002213950383,0,0,0,0.193523049830911,0.0466468368249435,0.0466468368249435,0,0.0337236205744276,0,0,0.0337236205744276,0,0.0337236205744276,0.0124579894676926,0.0819002213950383,0,0.0609274353162256,0,0.0976858574475728,0.0337236205744276,0,0,0,0,0.0337236205744276,0,0,0,0,0,0,0.0467066854134993,0.0124579894676926,0.0152223787564515,0,0.0874847549747102,0,0.0556795855800954,0,0,0,0,0,0.0471221810706655,0,0.38950009252372,0.0609274353162256,0.0609274353162256,0.112126960792045,0,0.0609274353162256,0.0664140661903645,0,0,0,0,0,0,0.0467066854134993,0,0.0976858574475728,0.0466468368249435,0,0.185269140043217,0,0.0337236205744276,0.0466468368249435,0.0819002213950383,0.0337236205744276,0.0337236205744276,0,0,0.0250877674831517,0.0467066854134993,0.0819002213950383,0,0.0337236205744276,0.0466468368249435,0.0819002213950383,0.0192321645820291,0,0.0976858574475728,0.0609274353162256,0.0124579894676926,0.0467066854134993,0.0819002213950383,0.0192321645820291,0,0,0.0609274353162256,0.28975796754489,0,0.112126960792045,0,0,0,0,0.0819002213950383,0.0819002213950383,0,0.0250877674831517,0.113285175146291,0.0819002213950383,0,0.0609274353162256,0,0.0609274353162256,0.0819002213950383,0.0976858574475728,0,0,0,0,0,0.222127095387026,0.0337236205744276,0,0.0337236205744276,0.0250877674831517,0,0,0,0.0466468368249435,0,0,0,0,0,0,0.0466468368249435,0.0337236205744276,0.0466468368249435,0.0466468368249435,0.0466468368249435,0,0.0250877674831517,0,0,0,0.0819002213950383,0,0,0,0,0,0,0.0192321645820291,0.0512447821477043,0,0.0819002213950383,0,0.0819002213950383,0.0192321645820291,0,0.0466468368249435,0,0,0.0609274353162256,0.0337236205744276,0.113285175146291,0,0,0.226102426234473,0,0.0819002213950383,0,0,0.0152223787564515,0,0.0819002213950383,0,0,0.0874943253370645,0.00921291141318637,0.0152223787564515,0.0152223787564515,0.395774731323091,1,0.0819002213950383,0,0,0,0,0,0,0.0192321645820291,0,0,0,0,0,0.0609274353162256,0,0.0609274353162256,0.0819002213950383,0,0.0609274353162256,0.0467066854134993,0.0609274353162256,0,0.0250877674831517,0,0.0152223787564515,0,0,0.0192321645820291,0.0512447821477043,0.0636418083336554,0,0,0.0609274353162256,0,0,0.0337236205744276,0.0742676650982407,0,0.222127095387026,0.222127095387026,0,0,0,0,0,0,0,0,0,0.113285175146291,0,0,0,0.395774731323091,0,0,0.0819002213950383,0,0.0369686341228109,0,0.0609274353162256,0,0,0,0,0,0,0,0,0,0.0192321645820291,0.0874847549747102,0,0,0,0,0,0,0.0467066854134993,0.0250877674831517,0,0.0152223787564515,0.0337236205744276,0,0.0556795855800954,0,0,0,0,0,0,0.0467066854134993,0,0,0,0,0,0.0819002213950383,0,0,0.0369686341228109,0,0.439027721118709,0,0,0,0.0874847549747102,0,0,0,0,0.0664140661903645,0,0.0337236205744276,0,0.395774731323091,0,0.0337236205744276,0.175814987628137,0,0,0.0467066854134993,0.0609274353162256,0,0,0.0819002213950383,0,0,0.0337236205744276,0.28975796754489,0,0.222127095387026,0.0819002213950383,0,0,0,0,0,0,0,0,0,0,0,0,0,0,0,0,0.0152223787564515,0.0337236205744276,0.0819002213950383,0.0874847549747102,0,0.0819002213950383,0,0,0,0
0,0.173472727049999,0,0.0571439257166366,0.128249502550101,0.212831890191799,0.0571439257166366,0.0714299464323527,0,0,0,0.138778105311832,0.0476199206365212,0.138778105311832,0,0.0714299464323527,0.173472727049999,0.115648378688694,0.226732089065557,0.0367619429090039,0.0571439257166366,0.0571439257166366,0,0.173472727049999,0.0571439257166366,0.041172338956928,0.041172338956928,0.0476199206365212,0,0,0,0,0.128249502550101,0.0892790042075809,0.0892790042075809,0.138778105311832,0,0,0.138778105311832,0.319248127932352,0,0,0,0.0476199206365212,0,0,0.106635281577545,0,0,0.0999899660382537,0,0,0.115648378688694,0,0.0571439257166366,0,0,0,0.0714299464323527,0,0,0.138778105311832,0.128249502550101,0,0,0.0571439257166366,0.138778105311832,0.0571439257166366,0.0819002213950383,0.0767921451378269,0.0714299464323527,0.421998728397202,0,0,0,0.106635281577545,0.0714299464323527,0.0714299464323527,0,0.0571439257166366,0,0,0.0571439257166366,0,0.0571439257166366,0.0337236205744276,0.138778105311832,0,0.115648378688694,0,0.128249502550101,0.0571439257166366,0,0,0,0,0.0571439257166366,0,0,0,0,0,0,0.0999899660382537,0.0337236205744276,0.0367619429090039,0,0.132392281936114,0,0.0819002213950383,0,0,0,0,0,0.0767921451378269,0,0.138778105311832,0.115648378688694,0.115648378688694,0.115648378688694,0,0.115648378688694,0.0933602719681705,0,0,0,0,0,0,0.0999899660382537,0,0.128249502550101,0.0714299464323527,0,0.115648378688694,0,0.0571439257166366,0.0714299464323527,0.138778105311832,0.0571439257166366,0.0571439257166366,0,0,0.0476199206365212,0.0999899660382537,0.138778105311832,0,0.0571439257166366,0.0714299464323527,0.138778105311832,0.041172338956928,0,0.128249502550101,0.115648378688694,0.0337236205744276,0.0999899660382537,0.138778105311832,0.041172338956928,0,0,0.115648378688694,0.115648378688694,0,0.115648378688694,0,0,0,0,0.138778105311832,0.138778105311832,0,0.0476199206365212,0.173472727049999,0.138778105311832,0,0.115648378688694,0,0.115648378688694,0.138778105311832,0.128249502550101,0,0,0,0,0,0.0999899660382537,0.0571439257166366,0,0.0571439257166366,0.0476199206365212,0,0,0,0.0714299464323527,0,0,0,0,0,0,0.0714299464323527,0.0571439257166366,0.0714299464323527,0.0714299464323527,0.0714299464323527,0,0.0476199206365212,0,0,0,0.138778105311832,0,0,0,0,0,0,0.041172338956928,0.0965076580784755,0,0.138778105311832,0,0.138778105311832,0.041172338956928,0,0.0714299464323527,0,0,0.212831890191799,0.0571439257166366,0.319248127932352,0,0,0.0892681146452845,0,0.138778105311832,0,0,0.0367619429090039,0,0.138778105311832,0,0,0.0892681146452845,0.0301593188641145,0.0367619429090039,0.0367619429090039,0.0892790042075809,0.0819002213950383,1,0,0,0,0,0,0,0.041172338956928,0,0,0,0,0,0.115648378688694,0,0.115648378688694,0.138778105311832,0,0.115648378688694,0.0999899660382537,0.115648378688694,0,0.0476199206365212,0,0.0367619429090039,0,0,0.041172338956928,0.0965076580784755,0.324258305205187,0,0,0.115648378688694,0,0,0.0571439257166366,0.118649138482538,0,0.0999899660382537,0.0999899660382537,0,0,0,0,0,0,0,0,0,0.319248127932352,0,0,0,0.0892790042075809,0,0,0.138778105311832,0,0.0892790042075809,0,0.115648378688694,0,0,0,0,0,0,0,0,0,0.041172338956928,0.132392281936114,0,0,0,0,0,0,0.0999899660382537,0.0476199206365212,0,0.0367619429090039,0.0571439257166366,0,0.0819002213950383,0,0,0,0,0,0,0.0999899660382537,0,0,0,0,0,0.138778105311832,0,0,0.0892790042075809,0,0.115648378688694,0,0,0,0.132392281936114,0,0,0,0,0.0933602719681705,0,0.0571439257166366,0,0.0892790042075809,0,0.0571439257166366,0.0892790042075809,0,0,0.0999899660382537,0.115648378688694,0,0,0.138778105311832,0,0,0.0571439257166366,0.115648378688694,0,0.0999899660382537,0.138778105311832,0,0,0,0,0,0,0,0,0,0,0,0,0,0,0,0,0.0367619429090039,0.0571439257166366,0.138778105311832,0.132392281936114,0,0.138778105311832,0,0,0,0
0,0,0,0,0,0,0,0,0,0,0,0,0,0,0,0,0,0,0,0,0,0,0,0,0,0,0,0,0,0,0,0,0,0,0,0,0,0,0,0,0,0,0,0,0,0,0,0,0,0,0,0,0,0,0,0,0,0,0,0,0,0,0,0,0,0,0,0,0,0,0,0,0,0,0,0,0,0,0,0,0,0,0,0,0,0,0,0,0,0,0,0,0,0,0,0,0,0,0,0,0,0,0,0,0,0,0,0,0,0,0,0,0,0,0,0,0,0,0,0,0,0,0,0,0,0,0,0,0,0,0,0,0,0,0,0,0,0,0,0,0,0,0,0,0,0,0,0,0,0,0,0,0,0,0,0,0,0,0,0,0,0,0,0,0,0,0,0,0,0,0,0,0,0,0,0,0,0,0,0,0,0,0,0,0,0,0,0,0,0,0,0,0,0,0,0,0,0,0,0,0,0,0,0,0,0,0,0,0,0,0,0,0,0,0,0,0,0,0,0,0,0,0,0,0,0,0,0,0,0,0,0,0,0,0,0,0,0,0,0,0,0,0,0,0,0,0,0,0,0,0,1,0,0,0,0,0,0,0,0,0,0,0,0,0,0,0,0,0,0,0,0,0,0,0,0,0,0,0,0,0,0,0,0,0,0,0,0,0,0,0,0,0,0,0,0,0,0,0,0,0,0,0,0,0,0,0,0,0,0,0,0,0,0,0,0,0,0,0,0,0,0,0,0,0,0,0,0,0,0,0,0,0,0,0,0,0,0,0,0,0,0,0,0,0,0,0,0,0,0,0,0,0,0,0,0,0,0,0,0,0,0,0,0,0,0,0,0,0,0,0,0,0,0,0,0,0,0,0,0,0,0,0,0,0,0,0,0,0,0,0,0,0,0,0,0,0,0,0,0,0,0,0,0,0,0,0,0,0
0,0,0,0,0,0,0,0,0,0,0,0,0,0,0,0,0,0,0,0,0,0,0,0,0,0,0,0,0,0,0,0,0,0,0,0,0,0,0,0,0,0,0,0,0,0,0,0,0,0,0,0,0,0,0,0,0,0,0,0,0,0,0,0,0,0,0,0,0,0,0,0,0,0,0,0,0,0,0,0,0,0,0,0,0,0,0,0,0,0,0,0,0,0,0,0,0,0,0,0,0,0,0,0,0,0,0,0,0,0,0,0,0,0,0,0,0,0,0,0,0,0,0,0,0,0,0,0,0,0,0,0,0,0,0,0,0,0,0,0,0,0,0,0,0,0,0,0,0,0,0,0,0,0,0,0,0,0,0,0,0,0,0,0,0,0,0,0,0,0,0,0,0,0,0,0,0,0,0,0,0,0,0,0,0,0,0,0,0,0,0,0,0,0,0,0,0,0,0,0,0,0,0,0,0,0,0,0,0,0,0,0,0,0,0,0,0,0,0,0,0,0,0,0,0,0,0,0,0,0,0,0,0,0,0,0,0,0,0,0,0,0,0,0,0,0,0,0,0,0,0,0,1,0,0,0,0,0,0,0,0,0,0,0,0,0,0,0,0,0,0,0,0,0,0,0,0,0,0,0,0,0,0,0,0,0,0,0,0,0,0,0,0,0,0,0,0,0,0,0,0,0,0,0,0,0,0,0,0,0,0,0,0,0,0,0,0,0,0,0,0,0,0,0,0,0,0,0,0,0,0,0,0,0,0,0,0,0,0,0,0,0,0,0,0,0,0,0,0,0,0,0,0,0,0,0,0,0,0,0,0,0,0,0,0,0,0,0,0,0,0,0,0,0,0,0,0,0,0,0,0,0,0,0,0,0,0,0,0,0,0,0,0,0,0,0,0,0,0,0,0,0,0,0,0,0,0,0,0
0,0,0,0,0,0,0,0,0,0,0,0,0,0,0,0,0,0,0,0,0,0,0,0,0,0,0,0,0,0,0,0,0,0,0,0,0,0,0,0,0,0,0,0,0,0,0,0,0,0,0,0,0,0,0,0,0,0,0,0,0,0,0,0,0,0,0,0,0,0,0,0,0,0,0,0,0,0,0,0,0,0,0,0,0,0,0,0,0,0,0,0,0,0,0,0,0,0,0,0,0,0,0,0,0,0,0,0,0,0,0,0,0,0,0,0,0,0,0,0,0,0,0,0,0,0,0,0,0,0,0,0,0,0,0,0,0,0,0,0,0,0,0,0,0,0,0,0,0,0,0,0,0,0,0,0,0,0,0,0,0,0,0,0,0,0,0,0,0,0,0,0,0,0,0,0,0,0,0,0,0,0,0,0,0,0,0,0,0,0,0,0,0,0,0,0,0,0,0,0,0,0,0,0,0,0,0,0,0,0,0,0,0,0,0,0,0,0,0,0,0,0,0,0,0,0,0,0,0,0,0,0,0,0,0,0,0,0,0,0,0,0,0,0,0,0,0,0,0,0,0,0,0,1,0,0,0,0,0,0,0,0,0,0,0,0,0,0,0,0,0,0,0,0,0,0,0,0,0,0,0,0,0,0,0,0,0,0,0,0,0,0,0,0,0,0,0,0,0,0,0,0,0,0,0,0,0,0,0,0,0,0,0,0,0,0,0,0,0,0,0,0,0,0,0,0,0,0,0,0,0,0,0,0,0,0,0,0,0,0,0,0,0,0,0,0,0,0,0,0,0,0,0,0,0,0,0,0,0,0,0,0,0,0,0,0,0,0,0,0,0,0,0,0,0,0,0,0,0,0,0,0,0,0,0,0,0,0,0,0,0,0,0,0,0,0,0,0,0,0,0,0,0,0,0,0,0,0,0
0,0,0,0,0,0,0,0,0,0,0,0,0,0,0,0,0,0,0,0,0,0,0,0,0,0,0,0,0,0,0,0,0,0,0,0,0,0,0,0,0,0,0,0,0,0,0,0,0,0,0,0,0,0,0,0,0,0,0,0,0,0,0,0,0,0,0,0,0,0,0,0,0,0,0,0,0,0,0,0,0,0,0,0,0,0,0,0,0,0,0,0,0,0,0,0,0,0,0,0,0,0,0,0,0,0,0,0,0,0,0,0,0,0,0,0,0,0,0,0,0,0,0,0,0,0,0,0,0,0,0,0,0,0,0,0,0,0,0,0,0,0,0,0,0,0,0,0,0,0,0,0,0,0,0,0,0,0,0,0,0,0,0,0,0,0,0,0,0,0,0,0,0,0,0,0,0,0,0,0,0,0,0,0,0,0,0,0,0,0,0,0,0,0,0,0,0,0,0,0,0,0,0,0,0,0,0,0,0,0,0,0,0,0,0,0,0,0,0,0,0,0,0,0,0,0,0,0,0,0,0,0,0,0,0,0,0,0,0,0,0,0,0,0,0,0,0,0,0,0,0,0,0,0,1,0,0,0,0,0,0,0,0,0,0,0,0,0,0,0,0,0,0,0,0,0,0,0,0,0,0,0,0,0,0,0,0,0,0,0,0,0,0,0,0,0,0,0,0,0,0,0,0,0,0,0,0,0,0,0,0,0,0,0,0,0,0,0,0,0,0,0,0,0,0,0,0,0,0,0,0,0,0,0,0,0,0,0,0,0,0,0,0,0,0,0,0,0,0,0,0,0,0,0,0,0,0,0,0,0,0,0,0,0,0,0,0,0,0,0,0,0,0,0,0,0,0,0,0,0,0,0,0,0,0,0,0,0,0,0,0,0,0,0,0,0,0,0,0,0,0,0,0,0,0,0,0,0,0
0,0,0,0,0,0,0,0,0,0,0,0,0,0,0,0,0,0,0,0,0,0,0,0,0,0,0,0,0,0,0,0,0,0,0,0,0,0,0,0,0,0,0,0,0,0,0,0,0,0,0,0,0,0,0,0,0,0,0,0,0,0,0,0,0,0,0,0,0,0,0,0,0,0,0,0,0,0,0,0,0,0,0,0,0,0,0,0,0,0,0,0,0,0,0,0,0,0,0,0,0,0,0,0,0,0,0,0,0,0,0,0,0,0,0,0,0,0,0,0,0,0,0,0,0,0,0,0,0,0,0,0,0,0,0,0,0,0,0,0,0,0,0,0,0,0,0,0,0,0,0,0,0,0,0,0,0,0,0,0,0,0,0,0,0,0,0,0,0,0,0,0,0,0,0,0,0,0,0,0,0,0,0,0,0,0,0,0,0,0,0,0,0,0,0,0,0,0,0,0,0,0,0,0,0,0,0,0,0,0,0,0,0,0,0,0,0,0,0,0,0,0,0,0,0,0,0,0,0,0,0,0,0,0,0,0,0,0,0,0,0,0,0,0,0,0,0,0,0,0,0,0,0,0,0,1,0,0,0,0,0,0,0,0,0,0,0,0,0,0,0,0,0,0,0,0,0,0,0,0,0,0,0,0,0,0,0,0,0,0,0,0,0,0,0,0,0,0,0,0,0,0,0,0,0,0,0,0,0,0,0,0,0,0,0,0,0,0,0,0,0,0,0,0,0,0,0,0,0,0,0,0,0,0,0,0,0,0,0,0,0,0,0,0,0,0,0,0,0,0,0,0,0,0,0,0,0,0,0,0,0,0,0,0,0,0,0,0,0,0,0,0,0,0,0,0,0,0,0,0,0,0,0,0,0,0,0,0,0,0,0,0,0,0,0,0,0,0,0,0,0,0,0,0,0,0,0,0,0
0,0,0,0,0,0,0,0,0,0,0,0,0,0,0,0,0,0,0,0,0,0,0,0,0,0,0,0,0,0,0,0,0,0,0,0,0,0,0,0,0,0,0,0,0,0,0,0,0,0,0,0,0,0,0,0,0,0,0,0,0,0,0,0,0,0,0,0,0,0,0,0,0,0,0,0,0,0,0,0,0,0,0,0,0,0,0,0,0,0,0,0,0,0,0,0,0,0,0,0,0,0,0,0,0,0,0,0,0,0,0,0,0,0,0,0,0,0,0,0,0,0,0,0,0,0,0,0,0,0,0,0,0,0,0,0,0,0,0,0,0,0,0,0,0,0,0,0,0,0,0,0,0,0,0,0,0,0,0,0,0,0,0,0,0,0,0,0,0,0,0,0,0,0,0,0,0,0,0,0,0,0,0,0,0,0,0,0,0,0,0,0,0,0,0,0,0,0,0,0,0,0,0,0,0,0,0,0,0,0,0,0,0,0,0,0,0,0,0,0,0,0,0,0,0,0,0,0,0,0,0,0,0,0,0,0,0,0,0,0,0,0,0,0,0,0,0,0,0,0,0,0,0,0,0,0,1,0,0,0,0,0,0,0,0,0,0,0,0,0,0,0,0,0,0,0,0,0,0,0,0,0,0,0,0,0,0,0,0,0,0,0,0,0,0,0,0,0,0,0,0,0,0,0,0,0,0,0,0,0,0,0,0,0,0,0,0,0,0,0,0,0,0,0,0,0,0,0,0,0,0,0,0,0,0,0,0,0,0,0,0,0,0,0,0,0,0,0,0,0,0,0,0,0,0,0,0,0,0,0,0,0,0,0,0,0,0,0,0,0,0,0,0,0,0,0,0,0,0,0,0,0,0,0,0,0,0,0,0,0,0,0,0,0,0,0,0,0,0,0,0,0,0,0,0,0,0,0,0
0,0.0545213728963117,0,0.041172338956928,0.107359912685637,0.0322586368373393,0.041172338956928,0.0545213728963117,0,0,0,0.041172338956928,0.0322586368373393,0.041172338956928,0,0.0545213728963117,0.0545213728963117,0.0322586368373393,0.074963219752206,0.163074998260921,0.304051121218363,0.041172338956928,0,0.0545213728963117,0.304051121218363,0.19361341827272,0.19361341827272,0.0322586368373393,0,0,0,0,0.107359912685637,0.0220824020542819,0.0220824020542819,0.041172338956928,0,0,0.041172338956928,0.0545213728963117,0,0,0,0.0322586368373393,0,0,0.0410485172746393,0,0,0.0262176875118606,0,0,0.0322586368373393,0,0.304051121218363,0,0,0,0.0545213728963117,0,0,0.041172338956928,0.107359912685637,0,0,0.304051121218363,0.041172338956928,0.041172338956928,0.0192321645820291,0.0172583557076123,0.243677156414128,0.041172338956928,0,0,0,0.0318790793130669,0.0545213728963117,0.0545213728963117,0,0.041172338956928,0,0,0.041172338956928,0,0.041172338956928,0.142026451563498,0.041172338956928,0,0.0322586368373393,0,0.107359912685637,0.041172338956928,0,0,0,0,0.041172338956928,0,0,0,0,0,0,0.0262176875118606,0.142026451563498,0.163074998260921,0,0.0419459661208335,0,0.0192321645820291,0,0,0,0,0,0.0172583557076123,0,0.041172338956928,0.0322586368373393,0.0322586368373393,0.0322586368373393,0,0.0322586368373393,0.074963219752206,0,0,0,0,0,0,0.0262176875118606,0,0.107359912685637,0.0545213728963117,0,0.0322586368373393,0,0.041172338956928,0.132409048462471,0.041172338956928,0.041172338956928,0.041172338956928,0,0,0.238224860376036,0.0262176875118606,0.041172338956928,0,0.041172338956928,0.0545213728963117,0.041172338956928,0.19361341827272,0,0.107359912685637,0.0322586368373393,0.142026451563498,0.0262176875118606,0.041172338956928,0.19361341827272,0,0,0.0322586368373393,0.0322586368373393,0,0.0322586368373393,0,0,0,0,0.041172338956928,0.041172338956928,0,0.238224860376036,0.0545213728963117,0.041172338956928,0,0.0322586368373393,0,0.0322586368373393,0.041172338956928,0.107359912685637,0,0,0,0,0,0.0262176875118606,0.041172338956928,0,0.304051121218363,0.0322586368373393,0,0,0,0.0545213728963117,0,0,0,0,0,0,0.0545213728963117,0.041172338956928,0.0545213728963117,0.0545213728963117,0.0545213728963117,0,0.0322586368373393,0,0,0,0.041172338956928,0,0,0,0,0,0,0.117177011532601,0.0270640742074927,0,0.041172338956928,0,0.041172338956928,0.19361341827272,0,0.0545213728963117,0,0,0.0322586368373393,0.041172338956928,0.0545213728963117,0,0,0.0250847842310818,0,0.041172338956928,0,0,0.163074998260921,0,0.041172338956928,0,0,0.0250847842310818,0.117323026763923,0.163074998260921,0.163074998260921,0.0220824020542819,0.0192321645820291,0.041172338956928,0,0,0,0,0,0,1,0,0,0,0,0,0.0322586368373393,0,0.0322586368373393,0.041172338956928,0,0.0322586368373393,0.0262176875118606,0.0322586368373393,0,0.238224860376036,0,0.255046685284169,0,0,0.19361341827272,0.0270640742074927,0.0318790793130669,0,0,0.0322586368373393,0,0,0.041172338956928,0.0419459661208335,0,0.0262176875118606,0.0262176875118606,0,0,0,0,0,0,0,0,0,0.0545213728963117,0,0,0,0.0220824020542819,0,0,0.041172338956928,0,0.0220824020542819,0,0.0322586368373393,0,0,0,0,0,0,0,0,0,0.0636715268145186,0.0419459661208335,0,0,0,0,0,0,0.0262176875118606,0.238224860376036,0,0.163074998260921,0.041172338956928,0,0.0192321645820291,0,0,0,0,0,0,0.0262176875118606,0,0,0,0,0,0.041172338956928,0,0,0.0220824020542819,0,0.0322586368373393,0,0,0,0.0419459661208335,0,0,0,0,0.074963219752206,0,0.041172338956928,0,0.0220824020542819,0,0.304051121218363,0.0220824020542819,0,0,0.0262176875118606,0.0322586368373393,0,0,0.041172338956928,0,0,0.041172338956928,0.0322586368373393,0,0.0262176875118606,0.041172338956928,0,0,0,0,0,0,0,0,0,0,0,0,0,0,0,0,0.163074998260921,0.304051121218363,0.041172338956928,0.0419459661208335,0,0.041172338956928,0,0,0,0
0,0,0,0,0,0,0,0,0,0,0,0,0,0,0,0,0,0,0,0,0,0,0,0,0,0,0,0,0,0,0,0,0,0,0,0,0,0,0,0,0,0,0,0,0,0,0,0,0,0,0,0,0,0,0,0,0,0,0,0,0,0,0,0,0,0,0,0,0,0,0,0,0,0,0,0,0,0,0,0,0,0,0,0,0,0,0,0,0,0,0,0,0,0,0,0,0,0,0,0,0,0,0,0,0,0,0,0,0,0,0,0,0,0,0,0,0,0,0,0,0,0,0,0,0,0,0,0,0,0,0,0,0,0,0,0,0,0,0,0,0,0,0,0,0,0,0,0,0,0,0,0,0,0,0,0,0,0,0,0,0,0,0,0,0,0,0,0,0,0,0,0,0,0,0,0,0,0,0,0,0,0,0,0,0,0,0,0,0,0,0,0,0,0,0,0,0,0,0,0,0,0,0,0,0,0,0,0,0,0,0,0,0,0,0,0,0,0,0,0,0,0,0,0,0,0,0,0,0,0,0,0,0,0,0,0,0,0,0,0,0,0,0,0,0,0,0,0,0,0,0,0,0,0,0,0,0,0,1,0,0,0,0,0,0,0,0,0,0,0,0,0,0,0,0,0,0,0,0,0,0,0,0,0,0,0,0,0,0,0,0,0,0,0,0,0,0,0,0,0,0,0,0,0,0,0,0,0,0,0,0,0,0,0,0,0,0,0,0,0,0,0,0,0,0,0,0,0,0,0,0,0,0,0,0,0,0,0,0,0,0,0,0,0,0,0,0,0,0,0,0,0,0,0,0,0,0,0,0,0,0,0,0,0,0,0,0,0,0,0,0,0,0,0,0,0,0,0,0,0,0,0,0,0,0,0,0,0,0,0,0,0,0,0,0,0,0,0,0,0,0,0,0,0,0,0,0,0,0
0,0,0,0,0,0,0,0,0,0,0,0,0,0,0,0,0,0,0,0,0,0,0,0,0,0,0,0,0,0,0,0,0,0,0,0,0,0,0,0,0,0,0,0,0,0,0,0,0,0,0,0,0,0,0,0,0,0,0,0,0,0,0,0,0,0,0,0,0,0,0,0,0,0,0,0,0,0,0,0,0,0,0,0,0,0,0,0,0,0,0,0,0,0,0,0,0,0,0,0,0,0,0,0,0,0,0,0,0,0,0,0,0,0,0,0,0,0,0,0,0,0,0,0,0,0,0,0,0,0,0,0,0,0,0,0,0,0,0,0,0,0,0,0,0,0,0,0,0,0,0,0,0,0,0,0,0,0,0,0,0,0,0,0,0,0,0,0,0,0,0,0,0,0,0,0,0,0,0,0,0,0,0,0,0,0,0,0,0,0,0,0,0,0,0,0,0,0,0,0,0,0,0,0,0,0,0,0,0,0,0,0,0,0,0,0,0,0,0,0,0,0,0,0,0,0,0,0,0,0,0,0,0,0,0,0,0,0,0,0,0,0,0,0,0,0,0,0,0,0,0,0,0,0,0,0,0,0,0,1,0,0,0,0,0,0,0,0,0,0,0,0,0,0,0,0,0,0,0,0,0,0,0,0,0,0,0,0,0,0,0,0,0,0,0,0,0,0,0,0,0,0,0,0,0,0,0,0,0,0,0,0,0,0,0,0,0,0,0,0,0,0,0,0,0,0,0,0,0,0,0,0,0,0,0,0,0,0,0,0,0,0,0,0,0,0,0,0,0,0,0,0,0,0,0,0,0,0,0,0,0,0,0,0,0,0,0,0,0,0,0,0,0,0,0,0,0,0,0,0,0,0,0,0,0,0,0,0,0,0,0,0,0,0,0,0,0,0,0,0,0,0,0,0,0,0,0,0,0
0,0,0,0,0,0,0,0,0,0,0,0,0,0,0,0,0,0,0,0,0,0,0,0,0,0,0,0,0,0,0,0,0,0,0,0,0,0,0,0,0,0,0,0,0,0,0,0,0,0,0,0,0,0,0,0,0,0,0,0,0,0,0,0,0,0,0,0,0,0,0,0,0,0,0,0,0,0,0,0,0,0,0,0,0,0,0,0,0,0,0,0,0,0,0,0,0,0,0,0,0,0,0,0,0,0,0,0,0,0,0,0,0,0,0,0,0,0,0,0,0,0,0,0,0,0,0,0,0,0,0,0,0,0,0,0,0,0,0,0,0,0,0,0,0,0,0,0,0,0,0,0,0,0,0,0,0,0,0,0,0,0,0,0,0,0,0,0,0,0,0,0,0,0,0,0,0,0,0,0,0,0,0,0,0,0,0,0,0,0,0,0,0,0,0,0,0,0,0,0,0,0,0,0,0,0,0,0,0,0,0,0,0,0,0,0,0,0,0,0,0,0,0,0,0,0,0,0,0,0,0,0,0,0,0,0,0,0,0,0,0,0,0,0,0,0,0,0,0,0,0,0,0,0,0,0,0,0,0,0,1,0,0,0,0,0,0,0,0,0,0,0,0,0,0,0,0,0,0,0,0,0,0,0,0,0,0,0,0,0,0,0,0,0,0,0,0,0,0,0,0,0,0,0,0,0,0,0,0,0,0,0,0,0,0,0,0,0,0,0,0,0,0,0,0,0,0,0,0,0,0,0,0,0,0,0,0,0,0,0,0,0,0,0,0,0,0,0,0,0,0,0,0,0,0,0,0,0,0,0,0,0,0,0,0,0,0,0,0,0,0,0,0,0,0,0,0,0,0,0,0,0,0,0,0,0,0,0,0,0,0,0,0,0,0,0,0,0,0,0,0,0,0,0,0,0,0,0,0
0,0,0,0,0,0,0,0,0,0,0,0,0,0,0,0,0,0,0,0,0,0,0,0,0,0,0,0,0,0,0,0,0,0,0,0,0,0,0,0,0,0,0,0,0,0,0,0,0,0,0,0,0,0,0,0,0,0,0,0,0,0,0,0,0,0,0,0,0,0,0,0,0,0,0,0,0,0,0,0,0,0,0,0,0,0,0,0,0,0,0,0,0,0,0,0,0,0,0,0,0,0,0,0,0,0,0,0,0,0,0,0,0,0,0,0,0,0,0,0,0,0,0,0,0,0,0,0,0,0,0,0,0,0,0,0,0,0,0,0,0,0,0,0,0,0,0,0,0,0,0,0,0,0,0,0,0,0,0,0,0,0,0,0,0,0,0,0,0,0,0,0,0,0,0,0,0,0,0,0,0,0,0,0,0,0,0,0,0,0,0,0,0,0,0,0,0,0,0,0,0,0,0,0,0,0,0,0,0,0,0,0,0,0,0,0,0,0,0,0,0,0,0,0,0,0,0,0,0,0,0,0,0,0,0,0,0,0,0,0,0,0,0,0,0,0,0,0,0,0,0,0,0,0,0,0,0,0,0,0,0,1,0,0,0,0,0,0,0,0,0,0,0,0,0,0,0,0,0,0,0,0,0,0,0,0,0,0,0,0,0,0,0,0,0,0,0,0,0,0,0,0,0,0,0,0,0,0,0,0,0,0,0,0,0,0,0,0,0,0,0,0,0,0,0,0,0,0,0,0,0,0,0,0,0,0,0,0,0,0,0,0,0,0,0,0,0,0,0,0,0,0,0,0,0,0,0,0,0,0,0,0,0,0,0,0,0,0,0,0,0,0,0,0,0,0,0,0,0,0,0,0,0,0,0,0,0,0,0,0,0,0,0,0,0,0,0,0,0,0,0,0,0,0,0,0,0,0,0
0,0,0,0,0,0,0,0,0,0,0,0,0,0,0,0,0,0,0,0,0,0,0,0,0,0,0,0,0,0,0,0,0,0,0,0,0,0,0,0,0,0,0,0,0,0,0,0,0,0,0,0,0,0,0,0,0,0,0,0,0,0,0,0,0,0,0,0,0,0,0,0,0,0,0,0,0,0,0,0,0,0,0,0,0,0,0,0,0,0,0,0,0,0,0,0,0,0,0,0,0,0,0,0,0,0,0,0,0,0,0,0,0,0,0,0,0,0,0,0,0,0,0,0,0,0,0,0,0,0,0,0,0,0,0,0,0,0,0,0,0,0,0,0,0,0,0,0,0,0,0,0,0,0,0,0,0,0,0,0,0,0,0,0,0,0,0,0,0,0,0,0,0,0,0,0,0,0,0,0,0,0,0,0,0,0,0,0,0,0,0,0,0,0,0,0,0,0,0,0,0,0,0,0,0,0,0,0,0,0,0,0,0,0,0,0,0,0,0,0,0,0,0,0,0,0,0,0,0,0,0,0,0,0,0,0,0,0,0,0,0,0,0,0,0,0,0,0,0,0,0,0,0,0,0,0,0,0,0,0,0,0,1,0,0,0,0,0,0,0,0,0,0,0,0,0,0,0,0,0,0,0,0,0,0,0,0,0,0,0,0,0,0,0,0,0,0,0,0,0,0,0,0,0,0,0,0,0,0,0,0,0,0,0,0,0,0,0,0,0,0,0,0,0,0,0,0,0,0,0,0,0,0,0,0,0,0,0,0,0,0,0,0,0,0,0,0,0,0,0,0,0,0,0,0,0,0,0,0,0,0,0,0,0,0,0,0,0,0,0,0,0,0,0,0,0,0,0,0,0,0,0,0,0,0,0,0,0,0,0,0,0,0,0,0,0,0,0,0,0,0,0,0,0,0,0,0,0,0
0,0.148976520421494,0,0.0476199206365212,0.115768709113422,0.093408272931481,0.0476199206365212,0.0613432731147329,0,0,0,0.115648378688694,0.0384622300306098,0.212831890191799,0,0.0613432731147329,0.274166873716867,0.093408272931481,0.200063521369343,0.0280132767810044,0.0476199206365212,0.0476199206365212,0,0.148976520421494,0.0476199206365212,0.0322586368373393,0.0322586368373393,0.0384622300306098,0,0,0,0,0.115768709113422,0.0680322436110106,0.0680322436110106,0.115648378688694,0,0,0.115648378688694,0.148976520421494,0,0,0,0.0384622300306098,0,0,0.0892681146452845,0,0,0.078342403747824,0,0,0.093408272931481,0,0.0476199206365212,0,0,0,0.0613432731147329,0,0,0.115648378688694,0.115768709113422,0,0,0.0476199206365212,0.115648378688694,0.0476199206365212,0.0609274353162256,0.0560080001931739,0.0613432731147329,0.115648378688694,0,0,0,0.0892681146452845,0.0613432731147329,0.0613432731147329,0,0.0476199206365212,0,0,0.0476199206365212,0,0.0476199206365212,0.0250877674831517,0.115648378688694,0,0.093408272931481,0,0.115768709113422,0.0476199206365212,0,0,0,0,0.0476199206365212,0,0,0,0,0,0,0.078342403747824,0.0250877674831517,0.0280132767810044,0,0.177385355644739,0,0.0609274353162256,0,0,0,0,0,0.0560080001931739,0,0.115648378688694,0.093408272931481,0.093408272931481,0.093408272931481,0,0.093408272931481,0.0823790970344355,0,0,0,0,0,0,0.078342403747824,0,0.115768709113422,0.0613432731147329,0,0.093408272931481,0,0.0476199206365212,0.0613432731147329,0.115648378688694,0.0476199206365212,0.0476199206365212,0,0,0.0384622300306098,0.078342403747824,0.115648378688694,0,0.0476199206365212,0.0613432731147329,0.115648378688694,0.0322586368373393,0,0.115768709113422,0.093408272931481,0.0250877674831517,0.144176356477088,0.351665478053376,0.0322586368373393,0,0,0.093408272931481,0.093408272931481,0,0.093408272931481,0,0,0,0,0.115648378688694,0.212831890191799,0,0.0384622300306098,0.148976520421494,0.115648378688694,0,0.284037401363075,0,0.171902619932726,0.549999174998487,0.115768709113422,0,0,0,0,0,0.078342403747824,0.0476199206365212,0,0.0476199206365212,0.0384622300306098,0,0,0,0.0613432731147329,0,0,0,0,0,0,0.0613432731147329,0.0476199206365212,0.0613432731147329,0.0613432731147329,0.0613432731147329,0,0.0384622300306098,0,0,0,0.115648378688694,0,0,0,0,0,0,0.0322586368373393,0.237783809214414,0,0.115648378688694,0,0.115648378688694,0.0322586368373393,0,0.0613432731147329,0,0,0.093408272931481,0.0476199206365212,0.148976520421494,0,0,0.0724188282515526,0,0.212831890191799,0,0,0.0280132767810044,0,0.212831890191799,0,0,0.133274986446135,0.0216548926727131,0.0280132767810044,0.0280132767810044,0.0680322436110106,0.0609274353162256,0.115648378688694,0,0,0,0,0,0,0.0322586368373393,0,0,0,0,0,1,0,0.284037401363075,0.115648378688694,0,0.093408272931481,0.078342403747824,0.444229946263574,0,0.0384622300306098,0,0.0280132767810044,0,0,0.0322586368373393,0.237783809214414,0.15104535661434,0,0,0.093408272931481,0,0,0.0476199206365212,0.100712305912714,0,0.078342403747824,0.078342403747824,0,0,0,0,0,0,0,0,0,0.148976520421494,0,0,0,0.0680322436110106,0,0,0.115648378688694,0,0.0680322436110106,0,0.093408272931481,0,0,0,0,0,0,0,0,0,0.0322586368373393,0.114242844100718,0,0,0,0,0,0,0.078342403747824,0.0384622300306098,0,0.0280132767810044,0.0476199206365212,0,0.0609274353162256,0,0,0,0,0,0,0.078342403747824,0,0,0,0,0,0.115648378688694,0,0,0.0680322436110106,0,0.093408272931481,0,0,0,0.177385355644739,0,0,0,0,0.0823790970344355,0,0.0476199206365212,0,0.0680322436110106,0,0.0476199206365212,0.0680322436110106,0,0,0.078342403747824,0.171902619932726,0,0,0.115648378688694,0,0,0.0476199206365212,0.093408272931481,0,0.078342403747824,0.115648378688694,0,0,0,0,0,0,0,0,0,0,0,0,0,0,0,0,0.0280132767810044,0.0476199206365212,0.115648378688694,0.177385355644739,0,0.115648378688694,0,0,0,0
0,0,0,0,0,0,0,0,0,0,0,0,0,0,0,0,0,0,0,0,0,0,0,0,0,0,0,0,0,0,0,0,0,0,0,0,0,0,0,0,0,0,0,0,0,0,0,0,0,0,0,0,0,0,0,0,0,0,0,0,0,0,0,0,0,0,0,0,0,0,0,0,0,0,0,0,0,0,0,0,0,0,0,0,0,0,0,0,0,0,0,0,0,0,0,0,0,0,0,0,0,0,0,0,0,0,0,0,0,0,0,0,0,0,0,0,0,0,0,0,0,0,0,0,0,0,0,0,0,0,0,0,0,0,0,0,0,0,0,0,0,0,0,0,0,0,0,0,0,0,0,0,0,0,0,0,0,0,0,0,0,0,0,0,0,0,0,0,0,0,0,0,0,0,0,0,0,0,0,0,0,0,0,0,0,0,0,0,0,0,0,0,0,0,0,0,0,0,0,0,0,0,0,0,0,0,0,0,0,0,0,0,0,0,0,0,0,0,0,0,0,0,0,0,0,0,0,0,0,0,0,0,0,0,0,0,0,0,0,0,0,0,0,0,0,0,0,0,0,0,0,0,0,0,0,0,0,0,0,0,0,0,0,0,1,0,0,0,0,0,0,0,0,0,0,0,0,0,0,0,0,0,0,0,0,0,0,0,0,0,0,0,0,0,0,0,0,0,0,0,0,0,0,0,0,0,0,0,0,0,0,0,0,0,0,0,0,0,0,0,0,0,0,0,0,0,0,0,0,0,0,0,0,0,0,0,0,0,0,0,0,0,0,0,0,0,0,0,0,0,0,0,0,0,0,0,0,0,0,0,0,0,0,0,0,0,0,0,0,0,0,0,0,0,0,0,0,0,0,0,0,0,0,0,0,0,0,0,0,0,0,0,0,0,0,0,0,0,0,0,0,0,0,0,0,0,0,0,0
0,0.148976520421494,0,0.0476199206365212,0.115768709113422,0.093408272931481,0.0476199206365212,0.0613432731147329,0,0,0,0.115648378688694,0.0384622300306098,0.212831890191799,0,0.0613432731147329,0.274166873716867,0.093408272931481,0.200063521369343,0.0280132767810044,0.0476199206365212,0.0476199206365212,0,0.148976520421494,0.0476199206365212,0.0322586368373393,0.0322586368373393,0.0384622300306098,0,0,0,0,0.115768709113422,0.0680322436110106,0.0680322436110106,0.115648378688694,0,0,0.115648378688694,0.148976520421494,0,0,0,0.0384622300306098,0,0,0.0892681146452845,0,0,0.078342403747824,0,0,0.093408272931481,0,0.0476199206365212,0,0,0,0.0613432731147329,0,0,0.115648378688694,0.115768709113422,0,0,0.0476199206365212,0.115648378688694,0.0476199206365212,0.0609274353162256,0.0560080001931739,0.0613432731147329,0.115648378688694,0,0,0,0.0892681146452845,0.0613432731147329,0.0613432731147329,0,0.0476199206365212,0,0,0.0476199206365212,0,0.0476199206365212,0.0250877674831517,0.115648378688694,0,0.093408272931481,0,0.115768709113422,0.0476199206365212,0,0,0,0,0.0476199206365212,0,0,0,0,0,0,0.078342403747824,0.0250877674831517,0.0280132767810044,0,0.177385355644739,0,0.0609274353162256,0,0,0,0,0,0.0560080001931739,0,0.115648378688694,0.093408272931481,0.093408272931481,0.093408272931481,0,0.093408272931481,0.0823790970344355,0,0,0,0,0,0,0.078342403747824,0,0.115768709113422,0.0613432731147329,0,0.093408272931481,0,0.0476199206365212,0.0613432731147329,0.115648378688694,0.0476199206365212,0.0476199206365212,0,0,0.0384622300306098,0.078342403747824,0.115648378688694,0,0.0476199206365212,0.0613432731147329,0.115648378688694,0.0322586368373393,0,0.115768709113422,0.093408272931481,0.0250877674831517,0.144176356477088,0.351665478053376,0.0322586368373393,0,0,0.093408272931481,0.093408272931481,0,0.093408272931481,0,0,0,0,0.115648378688694,0.212831890191799,0,0.0384622300306098,0.148976520421494,0.115648378688694,0,0.284037401363075,0,0.171902619932726,0.351665478053376,0.115768709113422,0,0,0,0,0,0.078342403747824,0.0476199206365212,0,0.0476199206365212,0.0384622300306098,0,0,0,0.0613432731147329,0,0,0,0,0,0,0.0613432731147329,0.0476199206365212,0.0613432731147329,0.0613432731147329,0.0613432731147329,0,0.0384622300306098,0,0,0,0.115648378688694,0,0,0,0,0,0,0.0322586368373393,0.237783809214414,0,0.115648378688694,0,0.115648378688694,0.0322586368373393,0,0.0613432731147329,0,0,0.093408272931481,0.0476199206365212,0.148976520421494,0,0,0.0724188282515526,0,0.212831890191799,0,0,0.0280132767810044,0,0.212831890191799,0,0,0.133274986446135,0.0216548926727131,0.0280132767810044,0.0280132767810044,0.0680322436110106,0.0609274353162256,0.115648378688694,0,0,0,0,0,0,0.0322586368373393,0,0,0,0,0,0.284037401363075,0,1,0.115648378688694,0,0.093408272931481,0.078342403747824,0.284037401363075,0,0.0384622300306098,0,0.0280132767810044,0,0,0.0322586368373393,0.237783809214414,0.15104535661434,0,0,0.093408272931481,0,0,0.0476199206365212,0.100712305912714,0,0.078342403747824,0.078342403747824,0,0,0,0,0,0,0,0,0,0.148976520421494,0,0,0,0.0680322436110106,0,0,0.115648378688694,0,0.0680322436110106,0,0.093408272931481,0,0,0,0,0,0,0,0,0,0.0322586368373393,0.114242844100718,0,0,0,0,0,0,0.078342403747824,0.0384622300306098,0,0.0280132767810044,0.0476199206365212,0,0.0609274353162256,0,0,0,0,0,0,0.078342403747824,0,0,0,0,0,0.115648378688694,0,0,0.0680322436110106,0,0.093408272931481,0,0,0,0.177385355644739,0,0,0,0,0.0823790970344355,0,0.0476199206365212,0,0.0680322436110106,0,0.0476199206365212,0.0680322436110106,0,0,0.078342403747824,0.171902619932726,0,0,0.115648378688694,0,0,0.0476199206365212,0.093408272931481,0,0.078342403747824,0.115648378688694,0,0,0,0,0,0,0,0,0,0,0,0,0,0,0,0,0.0280132767810044,0.0476199206365212,0.115648378688694,0.177385355644739,0,0.115648378688694,0,0,0,0
0,0.173472727049999,0,0.0571439257166366,0.128249502550101,0.115648378688694,0.0571439257166366,0.0714299464323527,0,0,0,0.138778105311832,0.0476199206365212,0.138778105311832,0,0.0714299464323527,0.173472727049999,0.115648378688694,0.226732089065557,0.0367619429090039,0.0571439257166366,0.0571439257166366,0,0.173472727049999,0.0571439257166366,0.041172338956928,0.041172338956928,0.0476199206365212,0,0,0,0,0.128249502550101,0.0892790042075809,0.0892790042075809,0.138778105311832,0,0,0.138778105311832,0.173472727049999,0,0,0,0.0476199206365212,0,0,0.106635281577545,0,0,0.0999899660382537,0,0,0.115648378688694,0,0.0571439257166366,0,0,0,0.0714299464323527,0,0,0.659999251998354,0.128249502550101,0,0,0.0571439257166366,0.138778105311832,0.0571439257166366,0.0819002213950383,0.0767921451378269,0.0714299464323527,0.138778105311832,0,0,0,0.106635281577545,0.0714299464323527,0.0714299464323527,0,0.0571439257166366,0,0,0.0571439257166366,0,0.0571439257166366,0.0337236205744276,0.138778105311832,0,0.115648378688694,0,0.128249502550101,0.0571439257166366,0,0,0,0,0.0571439257166366,0,0,0,0,0,0,0.0999899660382537,0.0337236205744276,0.0367619429090039,0,0.132392281936114,0,0.0819002213950383,0,0,0,0,0,0.0767921451378269,0,0.138778105311832,0.115648378688694,0.115648378688694,0.115648378688694,0,0.115648378688694,0.0933602719681705,0,0,0,0,0,0,0.0999899660382537,0,0.128249502550101,0.0714299464323527,0,0.115648378688694,0,0.0571439257166366,0.0714299464323527,0.138778105311832,0.0571439257166366,0.0571439257166366,0,0,0.0476199206365212,0.0999899660382537,0.138778105311832,0,0.0571439257166366,0.0714299464323527,0.138778105311832,0.041172338956928,0,0.128249502550101,0.115648378688694,0.0337236205744276,0.0999899660382537,0.138778105311832,0.041172338956928,0,0,0.115648378688694,0.115648378688694,0,0.115648378688694,0,0,0,0,0.138778105311832,0.138778105311832,0,0.0476199206365212,0.173472727049999,0.138778105311832,0,0.115648378688694,0,0.115648378688694,0.138778105311832,0.128249502550101,0,0,0,0,0,0.0999899660382537,0.0571439257166366,0,0.0571439257166366,0.0476199206365212,0,0,0,0.0714299464323527,0,0,0,0,0,0,0.0714299464323527,0.0571439257166366,0.0714299464323527,0.0714299464323527,0.0714299464323527,0,0.0476199206365212,0,0,0,0.138778105311832,0,0,0,0,0,0,0.041172338956928,0.0965076580784755,0,0.659999251998354,0,0.138778105311832,0.041172338956928,0,0.0714299464323527,0,0,0.115648378688694,0.0571439257166366,0.173472727049999,0,0,0.0892681146452845,0,0.138778105311832,0,0,0.0367619429090039,0,0.138778105311832,0,0,0.0892681146452845,0.0301593188641145,0.0367619429090039,0.0367619429090039,0.0892790042075809,0.0819002213950383,0.138778105311832,0,0,0,0,0,0,0.041172338956928,0,0,0,0,0,0.115648378688694,0,0.115648378688694,1,0,0.115648378688694,0.0999899660382537,0.115648378688694,0,0.0476199206365212,0,0.0367619429090039,0,0,0.041172338956928,0.0965076580784755,0.106635281577545,0,0,0.115648378688694,0,0,0.0571439257166366,0.118649138482538,0,0.0999899660382537,0.0999899660382537,0,0,0,0,0,0,0,0,0,0.173472727049999,0,0,0,0.0892790042075809,0,0,0.138778105311832,0,0.0892790042075809,0,0.115648378688694,0,0,0,0,0,0,0,0,0,0.041172338956928,0.132392281936114,0,0,0,0,0,0,0.0999899660382537,0.0476199206365212,0,0.0367619429090039,0.0571439257166366,0,0.0819002213950383,0,0,0,0,0,0,0.0999899660382537,0,0,0,0,0,0.138778105311832,0,0,0.0892790042075809,0,0.115648378688694,0,0,0,0.132392281936114,0,0,0,0,0.0933602719681705,0,0.0571439257166366,0,0.0892790042075809,0,0.0571439257166366,0.0892790042075809,0,0,0.0999899660382537,0.115648378688694,0,0,0.138778105311832,0,0,0.0571439257166366,0.115648378688694,0,0.0999899660382537,0.138778105311832,0,0,0,0,0,0,0,0,0,0,0,0,0,0,0,0,0.0367619429090039,0.0571439257166366,0.138778105311832,0.132392281936114,0,0.138778105311832,0,0,0,0
0,0,0,0,0,0,0,0,0,0,0,0,0,0,0,0,0,0,0,0,0,0,0,0,0,0,0,0,0,0,0,0,0,0,0,0,0,0,0,0,0,0,0,0,0,0,0,0,0,0,0,0,0,0,0,0,0,0,0,0,0,0,0,0,0,0,0,0,0,0,0,0,0,0,0,0,0,0,0,0,0,0,0,0,0,0,0,0,0,0,0,0,0,0,0,0,0,0,0,0,0,0,0,0,0,0,0,0,0,0,0,0,0,0,0,0,0,0,0,0,0,0,0,0,0,0,0,0,0,0,0,0,0,0,0,0,0,0,0,0,0,0,0,0,0,0,0,0,0,0,0,0,0,0,0,0,0,0,0,0,0,0,0,0,0,0,0,0,0,0,0,0,0,0,0,0,0,0,0,0,0,0,0,0,0,0,0,0,0,0,0,0,0,0,0,0,0,0,0,0,0,0,0,0,0,0,0,0,0,0,0,0,0,0,0,0,0,0,0,0,0,0,0,0,0,0,0,0,0,0,0,0,0,0,0,0,0,0,0,0,0,0,0,0,0,0,0,0,0,0,0,0,0,0,0,0,0,0,0,0,0,0,0,0,0,0,0,1,0,0,0,0,0,0,0,0,0,0,0,0,0,0,0,0,0,0,0,0,0,0,0,0,0,0,0,0,0,0,0,0,0,0,0,0,0,0,0,0,0,0,0,0,0,0,0,0,0,0,0,0,0,0,0,0,0,0,0,0,0,0,0,0,0,0,0,0,0,0,0,0,0,0,0,0,0,0,0,0,0,0,0,0,0,0,0,0,0,0,0,0,0,0,0,0,0,0,0,0,0,0,0,0,0,0,0,0,0,0,0,0,0,0,0,0,0,0,0,0,0,0,0,0,0,0,0,0,0,0,0,0,0,0,0,0,0,0,0,0,0
0,0.148976520421494,0,0.0476199206365212,0.115768709113422,0.093408272931481,0.0476199206365212,0.0613432731147329,0,0,0,0.115648378688694,0.0384622300306098,0.115648378688694,0,0.0613432731147329,0.148976520421494,0.093408272931481,0.200063521369343,0.0280132767810044,0.0476199206365212,0.0476199206365212,0,0.148976520421494,0.0476199206365212,0.0322586368373393,0.0322586368373393,0.0384622300306098,0,0,0,0,0.115768709113422,0.0680322436110106,0.0680322436110106,0.115648378688694,0,0,0.115648378688694,0.148976520421494,0,0,0,0.0384622300306098,0,0,0.0892681146452845,0,0,0.564515588188714,0,0,0.093408272931481,0,0.0476199206365212,0,0,0,0.0613432731147329,0,0,0.115648378688694,0.115768709113422,0,0,0.0476199206365212,0.115648378688694,0.0476199206365212,0.0609274353162256,0.0560080001931739,0.0613432731147329,0.115648378688694,0,0,0,0.0892681146452845,0.0613432731147329,0.0613432731147329,0,0.0476199206365212,0,0,0.0476199206365212,0,0.0476199206365212,0.0250877674831517,0.115648378688694,0,0.093408272931481,0,0.115768709113422,0.0476199206365212,0,0,0,0,0.0476199206365212,0,0,0,0,0,0,0.372579865945962,0.0250877674831517,0.0280132767810044,0,0.347391505530755,0,0.0609274353162256,0,0,0,0,0,0.0560080001931739,0,0.115648378688694,0.093408272931481,0.093408272931481,0.093408272931481,0,0.171902619932726,0.0823790970344355,0,0,0,0,0,0,0.564515588188714,0,0.115768709113422,0.0613432731147329,0,0.093408272931481,0,0.0476199206365212,0.0613432731147329,0.115648378688694,0.0476199206365212,0.0476199206365212,0,0,0.0384622300306098,0.078342403747824,0.115648378688694,0,0.0476199206365212,0.0613432731147329,0.115648378688694,0.0322586368373393,0,0.115768709113422,0.093408272931481,0.0250877674831517,0.078342403747824,0.115648378688694,0.0322586368373393,0,0,0.093408272931481,0.093408272931481,0,0.093408272931481,0,0,0,0,0.115648378688694,0.115648378688694,0,0.0384622300306098,0.148976520421494,0.115648378688694,0,0.093408272931481,0,0.093408272931481,0.115648378688694,0.115768709113422,0,0,0,0,0,0.078342403747824,0.0476199206365212,0,0.0476199206365212,0.0384622300306098,0,0,0,0.0613432731147329,0,0,0,0,0,0,0.0613432731147329,0.0476199206365212,0.0613432731147329,0.0613432731147329,0.0613432731147329,0,0.0384622300306098,0,0,0,0.115648378688694,0,0,0,0,0,0,0.0322586368373393,0.0781973600772233,0,0.115648378688694,0,0.115648378688694,0.0322586368373393,0,0.0613432731147329,0,0,0.093408272931481,0.0476199206365212,0.148976520421494,0,0,0.0724188282515526,0,0.115648378688694,0,0,0.0280132767810044,0,0.115648378688694,0,0,0.0724188282515526,0.0216548926727131,0.0280132767810044,0.0280132767810044,0.0680322436110106,0.0609274353162256,0.115648378688694,0,0,0,0,0,0,0.0322586368373393,0,0,0,0,0,0.093408272931481,0,0.093408272931481,0.115648378688694,0,1,0.078342403747824,0.093408272931481,0,0.0384622300306098,0,0.0280132767810044,0,0,0.0322586368373393,0.0781973600772233,0.0892681146452845,0,0,1,0,0,0.0476199206365212,0.100712305912714,0,0.078342403747824,0.078342403747824,0,0,0,0,0,0,0,0,0,0.148976520421494,0,0,0,0.0680322436110106,0,0,0.115648378688694,0,0.125202196225305,0,1,0,0,0,0,0,0,0,0,0,0.0322586368373393,0.114242844100718,0,0,0,0,0,0,0.078342403747824,0.0384622300306098,0,0.0280132767810044,0.0476199206365212,0,0.0609274353162256,0,0,0,0,0,0,0.564515588188714,0,0,0,0,0,0.115648378688694,0,0,0.323546929785103,0,0.093408272931481,0,0,0,0.347391505530755,0,0,0,0,0.0823790970344355,0,0.0476199206365212,0,0.0680322436110106,0,0.0476199206365212,0.0680322436110106,0,0,0.078342403747824,0.093408272931481,0,0,0.115648378688694,0,0,0.0476199206365212,0.093408272931481,0,0.078342403747824,0.115648378688694,0,0,0,0,0,0,0,0,0,0,0,0,0,0,0,0,0.0280132767810044,0.0476199206365212,0.115648378688694,0.347391505530755,0,0.115648378688694,0,0,0,0
0,0.132409048462471,0,0.041172338956928,0.107359912685637,0.078342403747824,0.041172338956928,0.0545213728963117,0,0,0,0.0999899660382537,0.0322586368373393,0.0999899660382537,0,0.0545213728963117,0.132409048462471,0.078342403747824,0.182053533683929,0.0220824020542819,0.041172338956928,0.041172338956928,0,0.132409048462471,0.041172338956928,0.0262176875118606,0.0262176875118606,0.0322586368373393,0,0,0,0,0.107359912685637,0.053628690703256,0.053628690703256,0.0999899660382537,0,0,0.0999899660382537,0.132409048462471,0,0,0,0.0322586368373393,0,0,0.0774206211888767,0,0,0.0636715268145186,0,0,0.078342403747824,0,0.041172338956928,0,0,0,0.0545213728963117,0,0,0.0999899660382537,0.107359912685637,0,0,0.041172338956928,0.0999899660382537,0.041172338956928,0.0467066854134993,0.04191314957563,0.0545213728963117,0.0999899660382537,0,0,0,0.0774206211888767,0.0545213728963117,0.0545213728963117,0,0.041172338956928,0,0,0.041172338956928,0,0.041172338956928,0.0192321645820291,0.0999899660382537,0,0.144176356477088,0,0.107359912685637,0.041172338956928,0,0,0,0,0.041172338956928,0,0,0,0,0,0,0.0636715268145186,0.0192321645820291,0.0220824020542819,0,0.101868774864881,0,0.0467066854134993,0,0,0,0,0,0.04191314957563,0,0.0999899660382537,0.238224860376036,0.078342403747824,0.078342403747824,0,0.078342403747824,0.074963219752206,0,0,0,0,0,0,0.0636715268145186,0,0.107359912685637,0.0545213728963117,0,0.078342403747824,0,0.041172338956928,0.0545213728963117,0.0999899660382537,0.041172338956928,0.041172338956928,0,0,0.0322586368373393,1,0.184015147583005,0,0.041172338956928,0.0545213728963117,0.0999899660382537,0.0262176875118606,0,0.107359912685637,0.144176356477088,0.0192321645820291,0.0636715268145186,0.0999899660382537,0.0262176875118606,0,0,0.144176356477088,0.078342403747824,0,0.078342403747824,0,0,0,0,0.184015147583005,0.0999899660382537,0,0.0322586368373393,0.243677156414128,0.0999899660382537,0,0.078342403747824,0,0.078342403747824,0.0999899660382537,0.107359912685637,0,0,0,0,0,0.0636715268145186,0.041172338956928,0,0.041172338956928,0.0322586368373393,0,0,0,0.0545213728963117,0,0,0,0,0,0,0.0545213728963117,0.041172338956928,0.0545213728963117,0.0545213728963117,0.0545213728963117,0,0.0322586368373393,0,0,0,0.304051121218363,0,0,0,0,0,0,0.0262176875118606,0.0657270373610538,0,0.0999899660382537,0,0.184015147583005,0.0262176875118606,0,0.0545213728963117,0,0,0.078342403747824,0.041172338956928,0.132409048462471,0,0,0.112113627481774,0,0.0999899660382537,0,0,0.0220824020542819,0,0.0999899660382537,0,0,0.0609201902754844,0.0158870107303694,0.0220824020542819,0.0220824020542819,0.053628690703256,0.0467066854134993,0.0999899660382537,0,0,0,0,0,0,0.0262176875118606,0,0,0,0,0,0.078342403747824,0,0.078342403747824,0.0999899660382537,0,0.078342403747824,1,0.078342403747824,0,0.0322586368373393,0,0.0220824020542819,0,0,0.0262176875118606,0.0657270373610538,0.0774206211888767,0,0,0.078342403747824,0,0,0.041172338956928,0.0884831883993457,0,0.0636715268145186,0.0636715268145186,0,0,0,0,0,0,0,0,0,0.132409048462471,0,0,0,0.053628690703256,0,0,0.0999899660382537,0,0.053628690703256,0,0.078342403747824,0,0,0,0,0,0,0,0,0,0.0262176875118606,0.101868774864881,0,0,0,0,0,0,0.117177011532601,0.0322586368373393,0,0.0220824020542819,0.041172338956928,0,0.0467066854134993,0,0,0,0,0,0,0.0636715268145186,0,0,0,0,0,0.0999899660382537,0,0,0.053628690703256,0,0.078342403747824,0,0,0,0.101868774864881,0,0,0,0,0.074963219752206,0,0.041172338956928,0,0.053628690703256,0,0.041172338956928,0.053628690703256,0,0,0.0636715268145186,0.078342403747824,0,0,0.304051121218363,0,0,0.041172338956928,0.078342403747824,0,0.0636715268145186,0.184015147583005,0,0,0,0,0,0,0,0,0,0,0,0,0,0,0,0,0.0220824020542819,0.041172338956928,0.184015147583005,0.101868774864881,0,0.184015147583005,0,0,0,0
0,0.148976520421494,0,0.0476199206365212,0.115768709113422,0.093408272931481,0.0476199206365212,0.0613432731147329,0,0,0,0.115648378688694,0.0384622300306098,0.212831890191799,0,0.0613432731147329,0.274166873716867,0.093408272931481,0.200063521369343,0.0280132767810044,0.0476199206365212,0.0476199206365212,0,0.148976520421494,0.0476199206365212,0.0322586368373393,0.0322586368373393,0.0384622300306098,0,0,0,0,0.115768709113422,0.0680322436110106,0.0680322436110106,0.115648378688694,0,0,0.115648378688694,0.148976520421494,0,0,0,0.0384622300306098,0,0,0.0892681146452845,0,0,0.078342403747824,0,0,0.093408272931481,0,0.0476199206365212,0,0,0,0.0613432731147329,0,0,0.115648378688694,0.115768709113422,0,0,0.0476199206365212,0.115648378688694,0.0476199206365212,0.0609274353162256,0.0560080001931739,0.0613432731147329,0.115648378688694,0,0,0,0.0892681146452845,0.0613432731147329,0.0613432731147329,0,0.0476199206365212,0,0,0.0476199206365212,0,0.0476199206365212,0.0250877674831517,0.115648378688694,0,0.093408272931481,0,0.115768709113422,0.0476199206365212,0,0,0,0,0.0476199206365212,0,0,0,0,0,0,0.078342403747824,0.0250877674831517,0.0280132767810044,0,0.177385355644739,0,0.0609274353162256,0,0,0,0,0,0.0560080001931739,0,0.115648378688694,0.093408272931481,0.093408272931481,0.093408272931481,0,0.093408272931481,0.0823790970344355,0,0,0,0,0,0,0.078342403747824,0,0.115768709113422,0.0613432731147329,0,0.093408272931481,0,0.0476199206365212,0.0613432731147329,0.115648378688694,0.0476199206365212,0.0476199206365212,0,0,0.0384622300306098,0.078342403747824,0.115648378688694,0,0.0476199206365212,0.0613432731147329,0.115648378688694,0.0322586368373393,0,0.115768709113422,0.093408272931481,0.0250877674831517,0.144176356477088,0.351665478053376,0.0322586368373393,0,0,0.093408272931481,0.093408272931481,0,0.093408272931481,0,0,0,0,0.115648378688694,0.212831890191799,0,0.0384622300306098,0.148976520421494,0.115648378688694,0,0.284037401363075,0,0.171902619932726,0.549999174998487,0.115768709113422,0,0,0,0,0,0.078342403747824,0.0476199206365212,0,0.0476199206365212,0.0384622300306098,0,0,0,0.0613432731147329,0,0,0,0,0,0,0.0613432731147329,0.0476199206365212,0.0613432731147329,0.0613432731147329,0.0613432731147329,0,0.0384622300306098,0,0,0,0.115648378688694,0,0,0,0,0,0,0.0322586368373393,0.237783809214414,0,0.115648378688694,0,0.115648378688694,0.0322586368373393,0,0.0613432731147329,0,0,0.093408272931481,0.0476199206365212,0.148976520421494,0,0,0.0724188282515526,0,0.212831890191799,0,0,0.0280132767810044,0,0.212831890191799,0,0,0.133274986446135,0.0216548926727131,0.0280132767810044,0.0280132767810044,0.0680322436110106,0.0609274353162256,0.115648378688694,0,0,0,0,0,0,0.0322586368373393,0,0,0,0,0,0.444229946263574,0,0.284037401363075,0.115648378688694,0,0.093408272931481,0.078342403747824,1,0,0.0384622300306098,0,0.0280132767810044,0,0,0.0322586368373393,0.237783809214414,0.15104535661434,0,0,0.093408272931481,0,0,0.0476199206365212,0.100712305912714,0,0.078342403747824,0.078342403747824,0,0,0,0,0,0,0,0,0,0.148976520421494,0,0,0,0.0680322436110106,0,0,0.115648378688694,0,0.0680322436110106,0,0.093408272931481,0,0,0,0,0,0,0,0,0,0.0322586368373393,0.114242844100718,0,0,0,0,0,0,0.078342403747824,0.0384622300306098,0,0.0280132767810044,0.0476199206365212,0,0.0609274353162256,0,0,0,0,0,0,0.078342403747824,0,0,0,0,0,0.115648378688694,0,0,0.0680322436110106,0,0.093408272931481,0,0,0,0.177385355644739,0,0,0,0,0.0823790970344355,0,0.0476199206365212,0,0.0680322436110106,0,0.0476199206365212,0.0680322436110106,0,0,0.078342403747824,0.171902619932726,0,0,0.115648378688694,0,0,0.0476199206365212,0.093408272931481,0,0.078342403747824,0.115648378688694,0,0,0,0,0,0,0,0,0,0,0,0,0,0,0,0,0.0280132767810044,0.0476199206365212,0.115648378688694,0.177385355644739,0,0.115648378688694,0,0,0,0
0,0,0,0,0,0,0,0,0,0,0,0,0,0,0,0,0,0,0,0,0,0,0,0,0,0,0,0,0,0,0,0,0,0,0,0,0,0,0,0,0,0,0,0,0,0,0,0,0,0,0,0,0,0,0,0,0,0,0,0,0,0,0,0,0,0,0,0,0,0,0,0,0,0,0,0,0,0,0,0,0,0,0,0,0,0,0,0,0,0,0,0,0,0,0,0,0,0,0,0,0,0,0,0,0,0,0,0,0,0,0,0,0,0,0,0,0,0,0,0,0,0,0,0,0,0,0,0,0,0,0,0,0,0,0,0,0,0,0,0,0,0,0,0,0,0,0,0,0,0,0,0,0,0,0,0,0,0,0,0,0,0,0,0,0,0,0,0,0,0,0,0,0,0,0,0,0,0,0,0,0,0,0,0,0,0,0,0,0,0,0,0,0,0,0,0,0,0,0,0,0,0,0,0,0,0,0,0,0,0,0,0,0,0,0,0,0,0,0,0,0,0,0,0,0,0,0,0,0,0,0,0,0,0,0,0,0,0,0,0,0,0,0,0,0,0,0,0,0,0,0,0,0,0,0,0,0,0,0,0,0,0,0,0,0,0,0,0,0,0,0,1,0,0,0,0,0,0,0,0,0,0,0,0,0,0,0,0,0,0,0,0,0,0,0,0,0,0,0,0,0,0,0,0,0,0,0,0,0,0,0,0,0,0,0,0,0,0,0,0,0,0,0,0,0,0,0,0,0,0,0,0,0,0,0,0,0,0,0,0,0,0,0,0,0,0,0,0,0,0,0,0,0,0,0,0,0,0,0,0,0,0,0,0,0,0,0,0,0,0,0,0,0,0,0,0,0,0,0,0,0,0,0,0,0,0,0,0,0,0,0,0,0,0,0,0,0,0,0,0,0,0,0,0,0,0,0,0,0
0,0.0613432731147329,0,0.0476199206365212,0.115768709113422,0.0384622300306098,0.0476199206365212,0.0613432731147329,0,0,0,0.0476199206365212,0.0384622300306098,0.0476199206365212,0,0.0613432731147329,0.0613432731147329,0.0384622300306098,0.0823790970344355,0.323546929785103,0.351665478053376,0.0476199206365212,0,0.0613432731147329,0.351665478053376,0.238224860376036,0.238224860376036,0.0384622300306098,0,0,0,0,0.115768709113422,0.0280132767810044,0.0280132767810044,0.0476199206365212,0,0,0.0476199206365212,0.0613432731147329,0,0,0,0.0384622300306098,0,0,0.046024045266946,0,0,0.0322586368373393,0,0,0.0384622300306098,0,0.351665478053376,0,0,0,0.0613432731147329,0,0,0.0476199206365212,0.115768709113422,0,0,0.351665478053376,0.0476199206365212,0.0476199206365212,0.0250877674831517,0.023062117726601,0.274166873716867,0.0476199206365212,0,0,0,0.0367574589715877,0.0613432731147329,0.0613432731147329,0,0.0476199206365212,0,0,0.0476199206365212,0,0.0476199206365212,0.185269140043217,0.0476199206365212,0,0.0384622300306098,0,0.115768709113422,0.0476199206365212,0,0,0,0,0.0476199206365212,0,0,0,0,0,0,0.0322586368373393,0.28975796754489,0.323546929785103,0,0.0470411711002957,0,0.0250877674831517,0,0,0,0,0,0.023062117726601,0,0.0476199206365212,0.0384622300306098,0.0384622300306098,0.0384622300306098,0,0.0384622300306098,0.0823790970344355,0,0,0,0,0,0,0.0322586368373393,0,0.115768709113422,0.0613432731147329,0,0.0384622300306098,0,0.0476199206365212,0.148976520421494,0.0476199206365212,0.0476199206365212,0.0476199206365212,0,0,0.284037401363075,0.0322586368373393,0.0476199206365212,0,0.0476199206365212,0.0613432731147329,0.0476199206365212,0.238224860376036,0,0.115768709113422,0.0384622300306098,0.28975796754489,0.0322586368373393,0.0476199206365212,0.238224860376036,0,0,0.0384622300306098,0.0384622300306098,0,0.0384622300306098,0,0,0,0,0.0476199206365212,0.0476199206365212,0,0.284037401363075,0.0613432731147329,0.0476199206365212,0,0.0384622300306098,0,0.0384622300306098,0.0476199206365212,0.115768709113422,0,0,0,0,0,0.0322586368373393,0.0476199206365212,0,0.351665478053376,0.0384622300306098,0,0,0,0.0613432731147329,0,0,0,0,0,0,0.0613432731147329,0.0476199206365212,0.0613432731147329,0.0613432731147329,0.0613432731147329,0,0.0384622300306098,0,0,0,0.0476199206365212,0,0,0,0,0,0,0.144176356477088,0.0321989129729743,0,0.0476199206365212,0,0.0476199206365212,0.372579865945962,0,0.0613432731147329,0,0,0.0384622300306098,0.0476199206365212,0.0613432731147329,0,0,0.0298195175153452,0,0.0476199206365212,0,0,0.323546929785103,0,0.0476199206365212,0,0,0.0298195175153452,0.250109049857146,0.323546929785103,0.323546929785103,0.0280132767810044,0.0250877674831517,0.0476199206365212,0,0,0,0,0,0,0.238224860376036,0,0,0,0,0,0.0384622300306098,0,0.0384622300306098,0.0476199206365212,0,0.0384622300306098,0.0322586368373393,0.0384622300306098,0,1,0,0.206873557102869,0,0,0.238224860376036,0.0321989129729743,0.0367574589715877,0,0,0.0384622300306098,0,0,0.0476199206365212,0.0470411711002957,0,0.0322586368373393,0.0322586368373393,0,0,0,0,0,0,0,0,0,0.0613432731147329,0,0,0,0.0280132767810044,0,0,0.0476199206365212,0,0.0280132767810044,0,0.0384622300306098,0,0,0,0,0,0,0,0,0,0.078342403747824,0.0470411711002957,0,0,0,0,0,0,0.0322586368373393,0.284037401363075,0,0.323546929785103,0.0476199206365212,0,0.0250877674831517,0,0,0,0,0,0,0.0322586368373393,0,0,0,0,0,0.0476199206365212,0,0,0.0280132767810044,0,0.0384622300306098,0,0,0,0.0470411711002957,0,0,0,0,0.0823790970344355,0,0.0476199206365212,0,0.0280132767810044,0,0.351665478053376,0.0280132767810044,0,0,0.0322586368373393,0.0384622300306098,0,0,0.0476199206365212,0,0,0.0476199206365212,0.0384622300306098,0,0.0322586368373393,0.0476199206365212,0,0,0,0,0,0,0,0,0,0,0,0,0,0,0,0,0.323546929785103,0.351665478053376,0.0476199206365212,0.0470411711002957,0,0.0476199206365212,0,0,0,0
0,0,0,0,0,0,0,0,0,0,0,0,0,0,0,0,0,0,0,0,0,0,0,0,0,0,0,0,0,0,0,0,0,0,0,0,0,0,0,0,0,0,0,0,0,0,0,0,0,0,0,0,0,0,0,0,0,0,0,0,0,0,0,0,0,0,0,0,0,0,0,0,0,0,0,0,0,0,0,0,0,0,0,0,0,0,0,0,0,0,0,0,0,0,0,0,0,0,0,0,0,0,0,0,0,0,0,0,0,0,0,0,0,0,0,0,0,0,0,0,0,0,0,0,0,0,0,0,0,0,0,0,0,0,0,0,0,0,0,0,0,0,0,0,0,0,0,0,0,0,0,0,0,0,0,0,0,0,0,0,0,0,0,0,0,0,0,0,0,0,0,0,0,0,0,0,0,0,0,0,0,0,0,0,0,0,0,0,0,0,0,0,0,0,0,0,0,0,0,0,0,0,0,0,0,0,0,0,0,0,0,0,0,0,0,0,0,0,0,0,0,0,0,0,0,0,0,0,0,0,0,0,0,0,0,0,0,0,0,0,0,0,0,0,0,0,0,0,0,0,0,0,0,0,0,0,0,0,0,0,0,0,0,0,0,0,0,0,0,0,0,0,0,1,0,0,0,0,0,0,0,0,0,0,0,0,0,0,0,0,0,0,0,0,0,0,0,0,0,0,0,0,0,0,0,0,0,0,0,0,0,0,0,0,0,0,0,0,0,0,0,0,0,0,0,0,0,0,0,0,0,0,0,0,0,0,0,0,0,0,0,0,0,0,0,0,0,0,0,0,0,0,0,0,0,0,0,0,0,0,0,0,0,0,0,0,0,0,0,0,0,0,0,0,0,0,0,0,0,0,0,0,0,0,0,0,0,0,0,0,0,0,0,0,0,0,0,0,0,0,0,0,0,0,0,0,0,0,0
0,0.0498579928542293,0,0.0367619429090039,0.10162667835798,0.0280132767810044,0.0367619429090039,0.0498579928542293,0,0,0,0.0367619429090039,0.0280132767810044,0.0367619429090039,0,0.0498579928542293,0.0498579928542293,0.0280132767810044,0.0698989009481177,0.133086930698233,0.271481053610807,0.0367619429090039,0,0.0498579928542293,0.271481053610807,0.163074998260921,0.163074998260921,0.0280132767810044,0,0,0,0,0.10162667835798,0.0180216412275933,0.0180216412275933,0.0367619429090039,0,0,0.0367619429090039,0.0498579928542293,0,0,0,0.0280132767810044,0,0,0.0376272683247983,0,0,0.0220824020542819,0,0,0.0280132767810044,0,0.271481053610807,0,0,0,0.0498579928542293,0,0,0.0367619429090039,0.10162667835798,0,0,0.271481053610807,0.0367619429090039,0.0367619429090039,0.0152223787564515,0.013283683417403,0.222834702756658,0.0367619429090039,0,0,0,0.0285246310395475,0.0498579928542293,0.0498579928542293,0,0.0367619429090039,0,0,0.0367619429090039,0,0.0367619429090039,0.11241482621018,0.0367619429090039,0,0.0280132767810044,0,0.10162667835798,0.0367619429090039,0,0,0,0,0.0367619429090039,0,0,0,0,0,0,0.0220824020542819,0.11241482621018,0.133086930698233,0,0.0384437948047428,0,0.0152223787564515,0,0,0,0,0,0.013283683417403,0,0.0367619429090039,0.0280132767810044,0.0280132767810044,0.0280132767810044,0,0.0280132767810044,0.0698989009481177,0,0,0,0,0,0,0.0220824020542819,0,0.10162667835798,0.0498579928542293,0,0.0280132767810044,0,0.0367619429090039,0.1210836969317,0.0367619429090039,0.0367619429090039,0.0367619429090039,0,0,0.206873557102869,0.0220824020542819,0.0367619429090039,0,0.0367619429090039,0.0498579928542293,0.0367619429090039,0.163074998260921,0,0.10162667835798,0.0280132767810044,0.11241482621018,0.0220824020542819,0.0367619429090039,0.163074998260921,0,0,0.0280132767810044,0.0280132767810044,0,0.0280132767810044,0,0,0,0,0.0367619429090039,0.0367619429090039,0,0.206873557102869,0.0498579928542293,0.0367619429090039,0,0.0280132767810044,0,0.0280132767810044,0.0367619429090039,0.10162667835798,0,0,0,0,0,0.0220824020542819,0.0367619429090039,0,0.271481053610807,0.0280132767810044,0,0,0,0.0498579928542293,0,0,0,0,0,0,0.0498579928542293,0.0367619429090039,0.0498579928542293,0.0498579928542293,0.0498579928542293,0,0.0280132767810044,0,0,0,0.0367619429090039,0,0,0,0,0,0,0.0986948173446475,0.0235372551175206,0,0.0367619429090039,0,0.0367619429090039,0.163074998260921,0,0.0498579928542293,0,0,0.0280132767810044,0.0367619429090039,0.0498579928542293,0,0,0.0218282503521771,0,0.0367619429090039,0,0,0.133086930698233,0,0.0367619429090039,0,0,0.0218282503521771,0.0881502033722786,0.133086930698233,0.133086930698233,0.0180216412275933,0.0152223787564515,0.0367619429090039,0,0,0,0,0,0,0.255046685284169,0,0,0,0,0,0.0280132767810044,0,0.0280132767810044,0.0367619429090039,0,0.0280132767810044,0.0220824020542819,0.0280132767810044,0,0.206873557102869,0,1,0,0,0.163074998260921,0.0235372551175206,0.0285246310395475,0,0,0.0280132767810044,0,0,0.0367619429090039,0.0384437948047428,0,0.0220824020542819,0.0220824020542819,0,0,0,0,0,0,0,0,0,0.0498579928542293,0,0,0,0.0180216412275933,0,0,0.0367619429090039,0,0.0180216412275933,0,0.0280132767810044,0,0,0,0,0,0,0,0,0,0.053628690703256,0.0384437948047428,0,0,0,0,0,0,0.0220824020542819,0.206873557102869,0,0.133086930698233,0.0367619429090039,0,0.0152223787564515,0,0,0,0,0,0,0.0220824020542819,0,0,0,0,0,0.0367619429090039,0,0,0.0180216412275933,0,0.0280132767810044,0,0,0,0.0384437948047428,0,0,0,0,0.0698989009481177,0,0.0367619429090039,0,0.0180216412275933,0,0.271481053610807,0.0180216412275933,0,0,0.0220824020542819,0.0280132767810044,0,0,0.0367619429090039,0,0,0.0367619429090039,0.0280132767810044,0,0.0220824020542819,0.0367619429090039,0,0,0,0,0,0,0,0,0,0,0,0,0,0,0,0,0.133086930698233,0.271481053610807,0.0367619429090039,0.0384437948047428,0,0.0367619429090039,0,0,0,0
0,0,0,0,0,0,0,0,0,0,0,0,0,0,0,0,0,0,0,0,0,0,0,0,0,0,0,0,0,0,0,0,0,0,0,0,0,0,0,0,0,0,0,0,0,0,0,0,0,0,0,0,0,0,0,0,0,0,0,0,0,0,0,0,0,0,0,0,0,0,0,0,0,0,0,0,0,0,0,0,0,0,0,0,0,0,0,0,0,0,0,0,0,0,0,0,0,0,0,0,0,0,0,0,0,0,0,0,0,0,0,0,0,0,0,0,0,0,0,0,0,0,0,0,0,0,0,0,0,0,0,0,0,0,0,0,0,0,0,0,0,0,0,0,0,0,0,0,0,0,0,0,0,0,0,0,0,0,0,0,0,0,0,0,0,0,0,0,0,0,0,0,0,0,0,0,0,0,0,0,0,0,0,0,0,0,0,0,0,0,0,0,0,0,0,0,0,0,0,0,0,0,0,0,0,0,0,0,0,0,0,0,0,0,0,0,0,0,0,0,0,0,0,0,0,0,0,0,0,0,0,0,0,0,0,0,0,0,0,0,0,0,0,0,0,0,0,0,0,0,0,0,0,0,0,0,0,0,0,0,0,0,0,0,0,0,0,0,0,0,0,0,0,0,0,1,0,0,0,0,0,0,0,0,0,0,0,0,0,0,0,0,0,0,0,0,0,0,0,0,0,0,0,0,0,0,0,0,0,0,0,0,0,0,0,0,0,0,0,0,0,0,0,0,0,0,0,0,0,0,0,0,0,0,0,0,0,0,0,0,0,0,0,0,0,0,0,0,0,0,0,0,0,0,0,0,0,0,0,0,0,0,0,0,0,0,0,0,0,0,0,0,0,0,0,0,0,0,0,0,0,0,0,0,0,0,0,0,0,0,0,0,0,0,0,0,0,0,0,0,0,0,0,0,0,0,0,0,0
0,0,0,0,0,0,0,0,0,0,0,0,0,0,0,0,0,0,0,0,0,0,0,0,0,0,0,0,0,0,0,0,0,0,0,0,0,0,0,0,0,0,0,0,0,0,0,0,0,0,0,0,0,0,0,0,0,0,0,0,0,0,0,0,0,0,0,0,0,0,0,0,0,0,0,0,0,0,0,0,0,0,0,0,0,0,0,0,0,0,0,0,0,0,0,0,0,0,0,0,0,0,0,0,0,0,0,0,0,0,0,0,0,0,0,0,0,0,0,0,0,0,0,0,0,0,0,0,0,0,0,0,0,0,0,0,0,0,0,0,0,0,0,0,0,0,0,0,0,0,0,0,0,0,0,0,0,0,0,0,0,0,0,0,0,0,0,0,0,0,0,0,0,0,0,0,0,0,0,0,0,0,0,0,0,0,0,0,0,0,0,0,0,0,0,0,0,0,0,0,0,0,0,0,0,0,0,0,0,0,0,0,0,0,0,0,0,0,0,0,0,0,0,0,0,0,0,0,0,0,0,0,0,0,0,0,0,0,0,0,0,0,0,0,0,0,0,0,0,0,0,0,0,0,0,0,0,0,0,0,0,0,0,0,0,0,0,0,0,0,0,0,0,0,0,0,1,0,0,0,0,0,0,0,0,0,0,0,0,0,0,0,0,0,0,0,0,0,0,0,0,0,0,0,0,0,0,0,0,0,0,0,0,0,0,0,0,0,0,0,0,0,0,0,0,0,0,0,0,0,0,0,0,0,0,0,0,0,0,0,0,0,0,0,0,0,0,0,0,0,0,0,0,0,0,0,0,0,0,0,0,0,0,0,0,0,0,0,0,0,0,0,0,0,0,0,0,0,0,0,0,0,0,0,0,0,0,0,0,0,0,0,0,0,0,0,0,0,0,0,0,0,0,0,0,0,0,0,0
0,0.0545213728963117,0,0.041172338956928,0.107359912685637,0.0322586368373393,0.041172338956928,0.0545213728963117,0,0,0,0.041172338956928,0.0322586368373393,0.041172338956928,0,0.0545213728963117,0.0545213728963117,0.0322586368373393,0.074963219752206,0.163074998260921,0.304051121218363,0.041172338956928,0,0.0545213728963117,0.304051121218363,0.19361341827272,0.19361341827272,0.0322586368373393,0,0,0,0,0.107359912685637,0.0220824020542819,0.0220824020542819,0.041172338956928,0,0,0.041172338956928,0.0545213728963117,0,0,0,0.0322586368373393,0,0,0.0410485172746393,0,0,0.0262176875118606,0,0,0.0322586368373393,0,0.304051121218363,0,0,0,0.0545213728963117,0,0,0.041172338956928,0.107359912685637,0,0,0.304051121218363,0.041172338956928,0.041172338956928,0.0192321645820291,0.0172583557076123,0.243677156414128,0.041172338956928,0,0,0,0.0318790793130669,0.0545213728963117,0.0545213728963117,0,0.041172338956928,0,0,0.041172338956928,0,0.041172338956928,0.142026451563498,0.041172338956928,0,0.0322586368373393,0,0.107359912685637,0.041172338956928,0,0,0,0,0.041172338956928,0,0,0,0,0,0,0.0262176875118606,0.142026451563498,0.163074998260921,0,0.0419459661208335,0,0.0192321645820291,0,0,0,0,0,0.0172583557076123,0,0.041172338956928,0.0322586368373393,0.0322586368373393,0.0322586368373393,0,0.0322586368373393,0.074963219752206,0,0,0,0,0,0,0.0262176875118606,0,0.107359912685637,0.0545213728963117,0,0.0322586368373393,0,0.041172338956928,0.132409048462471,0.041172338956928,0.041172338956928,0.041172338956928,0,0,0.564515588188714,0.0262176875118606,0.041172338956928,0,0.041172338956928,0.0545213728963117,0.041172338956928,0.19361341827272,0,0.107359912685637,0.0322586368373393,0.142026451563498,0.0262176875118606,0.041172338956928,0.19361341827272,0,0,0.0322586368373393,0.0322586368373393,0,0.0322586368373393,0,0,0,0,0.041172338956928,0.041172338956928,0,0.238224860376036,0.0545213728963117,0.041172338956928,0,0.0322586368373393,0,0.0322586368373393,0.041172338956928,0.107359912685637,0,0,0,0,0,0.0262176875118606,0.041172338956928,0,0.304051121218363,0.0322586368373393,0,0,0,0.0545213728963117,0,0,0,0,0,0,0.0545213728963117,0.041172338956928,0.0545213728963117,0.0545213728963117,0.0545213728963117,0,0.0322586368373393,0,0,0,0.041172338956928,0,0,0,0,0,0,0.117177011532601,0.0270640742074927,0,0.041172338956928,0,0.041172338956928,0.19361341827272,0,0.0545213728963117,0,0,0.0322586368373393,0.041172338956928,0.0545213728963117,0,0,0.0250847842310818,0,0.041172338956928,0,0,0.163074998260921,0,0.041172338956928,0,0,0.0250847842310818,0.117323026763923,0.163074998260921,0.163074998260921,0.0220824020542819,0.0192321645820291,0.041172338956928,0,0,0,0,0,0,0.19361341827272,0,0,0,0,0,0.0322586368373393,0,0.0322586368373393,0.041172338956928,0,0.0322586368373393,0.0262176875118606,0.0322586368373393,0,0.238224860376036,0,0.163074998260921,0,0,1,0.0270640742074927,0.0318790793130669,0,0,0.0322586368373393,0,0,0.041172338956928,0.0419459661208335,0,0.0262176875118606,0.0262176875118606,0,0,0,0,0,0,0,0,0,0.0545213728963117,0,0,0,0.0220824020542819,0,0,0.041172338956928,0,0.0220824020542819,0,0.0322586368373393,0,0,0,0,0,0,0,0,0,0.0636715268145186,0.0419459661208335,0,0,0,0,0,0,0.0262176875118606,0.564515588188714,0,0.163074998260921,0.041172338956928,0,0.0192321645820291,0,0,0,0,0,0,0.0262176875118606,0,0,0,0,0,0.041172338956928,0,0,0.0220824020542819,0,0.0322586368373393,0,0,0,0.0419459661208335,0,0,0,0,0.074963219752206,0,0.041172338956928,0,0.0220824020542819,0,0.304051121218363,0.0220824020542819,0,0,0.0262176875118606,0.0322586368373393,0,0,0.041172338956928,0,0,0.041172338956928,0.0322586368373393,0,0.0262176875118606,0.041172338956928,0,0,0,0,0,0,0,0,0,0,0,0,0,0,0,0,0.163074998260921,0.304051121218363,0.041172338956928,0.0419459661208335,0,0.041172338956928,0,0,0,0
0,0.123729567373249,0,0.0397384474440781,0.0943727413365712,0.0781973600772233,0.0397384474440781,0.0509474689183968,0,0,0,0.0965076580784755,0.0321989129729743,0.177606530413329,0,0.0509474689183968,0.227703993737325,0.0781973600772233,0.164958545782481,0.0235372551175206,0.0397384474440781,0.0397384474440781,0,0.123729567373249,0.0397384474440781,0.0270640742074927,0.0270640742074927,0.0321989129729743,0,0,0,0,0.0943727413365712,0.0571619052854071,0.0571619052854071,0.0965076580784755,0,0,0.0965076580784755,0.123729567373249,0,0,0,0.0321989129729743,0,0,0.0774162791421573,0,0,0.0657270373610538,0,0,0.0781973600772233,0,0.0397384474440781,0,0,0,0.0509474689183968,0,0,0.0965076580784755,0.0943727413365712,0,0,0.0397384474440781,0.0965076580784755,0.0397384474440781,0.0512447821477043,0.0471406000776943,0.0509474689183968,0.0965076580784755,0,0,0,0.0774162791421573,0.0509474689183968,0.0509474689183968,0,0.0397384474440781,0,0,0.0397384474440781,0,0.0397384474440781,0.0211007926490547,0.0965076580784755,0,0.0781973600772233,0,0.0943727413365712,0.0397384474440781,0,0,0,0,0.0397384474440781,0,0,0,0,0,0,0.0657270373610538,0.0211007926490547,0.0235372551175206,0,0.153384432711288,0,0.0512447821477043,0,0,0,0,0,0.0471406000776943,0,0.0965076580784755,0.0781973600772233,0.0781973600772233,0.0781973600772233,0,0.0781973600772233,0.067924107086904,0,0,0,0,0,0,0.0657270373610538,0,0.0943727413365712,0.0509474689183968,0,0.0781973600772233,0,0.0397384474440781,0.0509474689183968,0.0965076580784755,0.0397384474440781,0.0397384474440781,0,0,0.0321989129729743,0.0657270373610538,0.0965076580784755,0,0.0397384474440781,0.0509474689183968,0.0965076580784755,0.0270640742074927,0,0.0943727413365712,0.0781973600772233,0.0211007926490547,0.120959841866141,0.458969965044453,0.0270640742074927,0,0,0.0781973600772233,0.0781973600772233,0,0.0781973600772233,0,0,0,0,0.0965076580784755,0.177606530413329,0,0.0321989129729743,0.123729567373249,0.0965076580784755,0,0.563470440106639,0,0.143909427369008,0.293462062320262,0.0943727413365712,0,0,0,0,0,0.0657270373610538,0.0397384474440781,0,0.0397384474440781,0.0321989129729743,0,0,0,0.0509474689183968,0,0,0,0,0,0,0.0509474689183968,0.0397384474440781,0.0509474689183968,0.0509474689183968,0.0509474689183968,0,0.0321989129729743,0,0,0,0.0965076580784755,0,0,0,0,0,0,0.0270640742074927,0.764640480095763,0,0.0965076580784755,0,0.0965076580784755,0.0270640742074927,0,0.0509474689183968,0,0,0.0781973600772233,0.0397384474440781,0.123729567373249,0,0,0.0629285857603203,0,0.177606530413329,0,0,0.0235372551175206,0,0.177606530413329,0,0,0.115809750264791,0.0182354032907956,0.0235372551175206,0.0235372551175206,0.0571619052854071,0.0512447821477043,0.0965076580784755,0,0,0,0,0,0,0.0270640742074927,0,0,0,0,0,0.237783809214414,0,0.237783809214414,0.0965076580784755,0,0.0781973600772233,0.0657270373610538,0.237783809214414,0,0.0321989129729743,0,0.0235372551175206,0,0,0.0270640742074927,1,0.130991558825311,0,0,0.0781973600772233,0,0,0.0397384474440781,0.0870855423962131,0,0.0657270373610538,0.0657270373610538,0,0,0,0,0,0,0,0,0,0.123729567373249,0,0,0,0.0571619052854071,0,0,0.0965076580784755,0,0.0571619052854071,0,0.0781973600772233,0,0,0,0,0,0,0,0,0,0.0270640742074927,0.0987853465694616,0,0,0,0,0,0,0.0657270373610538,0.0321989129729743,0,0.0235372551175206,0.0397384474440781,0,0.0512447821477043,0,0,0,0,0,0,0.0657270373610538,0,0,0,0,0,0.0965076580784755,0,0,0.0571619052854071,0,0.0781973600772233,0,0,0,0.153384432711288,0,0,0,0,0.067924107086904,0,0.0397384474440781,0,0.0571619052854071,0,0.0397384474440781,0.0571619052854071,0,0,0.0657270373610538,0.143909427369008,0,0,0.0965076580784755,0,0,0.0397384474440781,0.0781973600772233,0,0.0657270373610538,0.0965076580784755,0,0,0,0,0,0,0,0,0,0,0,0,0,0,0,0,0.0235372551175206,0.0397384474440781,0.0965076580784755,0.153384432711288,0,0.0965076580784755,0,0,0,0
0,0.132392281936114,0,0.0439086453554596,0.0953134799189487,0.16428333703628,0.0439086453554596,0.0545144690325174,0,0,0,0.106635281577545,0.0367574589715877,0.447059868537929,0,0.0545144690325174,0.568206192561607,0.0892681146452845,0.171260350449204,0.0285246310395475,0.0439086453554596,0.0439086453554596,0,0.132392281936114,0.0439086453554596,0.0318790793130669,0.0318790793130669,0.0367574589715877,0,0,0,0,0.0953134799189487,0.0692741039531869,0.0692741039531869,0.106635281577545,0,0,0.106635281577545,0.243646300369823,0,0,0,0.0367574589715877,0,0,0.0865818037575277,0,0,0.0774206211888767,0,0,0.0892681146452845,0,0.0439086453554596,0,0,0,0.0545144690325174,0,0,0.106635281577545,0.0953134799189487,0,0,0.0439086453554596,0.106635281577545,0.0439086453554596,0.0636418083336554,0.0597330873584133,0.0545144690325174,0.324258305205187,0,0,0,0.0865818037575277,0.0545144690325174,0.0545144690325174,0,0.0439086453554596,0,0,0.0439086453554596,0,0.0439086453554596,0.0262054504903287,0.106635281577545,0,0.0892681146452845,0,0.0953134799189487,0.0439086453554596,0,0,0,0,0.0439086453554596,0,0,0,0,0,0,0.0774206211888767,0.0262054504903287,0.0285246310395475,0,0.338802458190567,0,0.0636418083336554,0,0,0,0,0,0.0597330873584133,0,0.106635281577545,0.0892681146452845,0.0892681146452845,0.0892681146452845,0,0.0892681146452845,0.070518967832025,0,0,0,0,0,0,0.0774206211888767,0,0.0953134799189487,0.0545144690325174,0,0.0892681146452845,0,0.0439086453554596,0.0545144690325174,0.106635281577545,0.0439086453554596,0.0439086453554596,0,0,0.0367574589715877,0.0774206211888767,0.106635281577545,0,0.0439086453554596,0.0545144690325174,0.106635281577545,0.0318790793130669,0,0.0953134799189487,0.0892681146452845,0.0262054504903287,0.309650672419722,0.18280333984722,0.0318790793130669,0,0,0.0892681146452845,0.0892681146452845,0,0.0892681146452845,0,0,0,0,0.106635281577545,0.447059868537929,0,0.0367574589715877,0.132392281936114,0.106635281577545,0,0.15104535661434,0,0.365374563445755,0.18280333984722,0.0953134799189487,0,0,0,0,0,0.0774206211888767,0.0439086453554596,0,0.0439086453554596,0.0367574589715877,0,0,0,0.0545144690325174,0,0,0,0,0,0,0.0545144690325174,0.0439086453554596,0.0545144690325174,0.0545144690325174,0.0545144690325174,0,0.0367574589715877,0,0,0,0.106635281577545,0,0,0,0,0,0,0.0318790793130669,0.130991558825311,0,0.106635281577545,0,0.106635281577545,0.0318790793130669,0,0.0545144690325174,0,0,0.16428333703628,0.0439086453554596,0.243646300369823,0,0,0.072687540546285,0,0.18280333984722,0,0,0.0285246310395475,0,0.447059868537929,0,0,0.297510242045281,0.023476107285065,0.0285246310395475,0.0285246310395475,0.0692741039531869,0.0636418083336554,0.324258305205187,0,0,0,0,0,0,0.0318790793130669,0,0,0,0,0,0.15104535661434,0,0.15104535661434,0.106635281577545,0,0.0892681146452845,0.0774206211888767,0.15104535661434,0,0.0367574589715877,0,0.0285246310395475,0,0,0.0318790793130669,0.130991558825311,1,0,0,0.0892681146452845,0,0,0.0439086453554596,0.0959314160080428,0,0.0774206211888767,0.0774206211888767,0,0,0,0,0,0,0,0,0,0.243646300369823,0,0,0,0.0692741039531869,0,0,0.106635281577545,0,0.0692741039531869,0,0.0892681146452845,0,0,0,0,0,0,0,0,0,0.0318790793130669,0.107043163036001,0,0,0,0,0,0,0.0774206211888767,0.0367574589715877,0,0.0285246310395475,0.0439086453554596,0,0.0636418083336554,0,0,0,0,0,0,0.0774206211888767,0,0,0,0,0,0.106635281577545,0,0,0.0692741039531869,0,0.0892681146452845,0,0,0,0.338802458190567,0,0,0,0,0.070518967832025,0,0.0439086453554596,0,0.0692741039531869,0,0.0439086453554596,0.0692741039531869,0,0,0.0774206211888767,0.365374563445755,0,0,0.106635281577545,0,0,0.0439086453554596,0.0892681146452845,0,0.0774206211888767,0.106635281577545,0,0,0,0,0,0,0,0,0,0,0,0,0,0,0,0,0.0285246310395475,0.0439086453554596,0.106635281577545,0.338802458190567,0,0.106635281577545,0,0,0,0
0,0,0,0,0,0,0,0,0,0,0,0,0,0,0,0,0,0,0,0,0,0,0,0,0,0,0,0,0,0,0,0,0,0,0,0,0,0,0,0,0,0,0,0,0,0,0,0,0,0,0,0,0,0,0,0,0,0,0,0,0,0,0,0,0,0,0,0,0,0,0,0,0,0,0,0,0,0,0,0,0,0,0,0,0,0,0,0,0,0,0,0,0,0,0,0,0,0,0,0,0,0,0,0,0,0,0,0,0,0,0,0,0,0,0,0,0,0,0,0,0,0,0,0,0,0,0,0,0,0,0,0,0,0,0,0,0,0,0,0,0,0,0,0,0,0,0,0,0,0,0,0,0,0,0,0,0,0,0,0,0,0,0,0,0,0,0,0,0,0,0,0,0,0,0,0,0,0,0,0,0,0,0,0,0,0,0,0,0,0,0,0,0,0,0,0,0,0,0,0,0,0,0,0,0,0,0,0,0,0,0,0,0,0,0,0,0,0,0,0,0,0,0,0,0,0,0,0,0,0,0,0,0,0,0,0,0,0,0,0,0,0,0,0,0,0,0,0,0,0,0,0,0,0,0,0,0,0,0,0,0,0,0,0,0,0,0,0,0,0,0,0,0,0,0,0,0,0,0,0,1,0,0,0,0,0,0,0,0,0,0,0,0,0,0,0,0,0,0,0,0,0,0,0,0,0,0,0,0,0,0,0,0,0,0,0,0,0,0,0,0,0,0,0,0,0,0,0,0,0,0,0,0,0,0,0,0,0,0,0,0,0,0,0,0,0,0,0,0,0,0,0,0,0,0,0,0,0,0,0,0,0,0,0,0,0,0,0,0,0,0,0,0,0,0,0,0,0,0,0,0,0,0,0,0,0,0,0,0,0,0,0,0,0,0,0,0,0,0,0,0,0,0,0,0,0,0,0,0
0,0,0,0,0,0,0,0,0,0,0,0,0,0,0,0,0,0,0,0,0,0,0,0,0,0,0,0,0,0,0,0,0,0,0,0,0,0,0,0,0,0,0,0,0,0,0,0,0,0,0,0,0,0,0,0,0,0,0,0,0,0,0,0,0,0,0,0,0,0,0,0,0,0,0,0,0,0,0,0,0,0,0,0,0,0,0,0,0,0,0,0,0,0,0,0,0,0,0,0,0,0,0,0,0,0,0,0,0,0,0,0,0,0,0,0,0,0,0,0,0,0,0,0,0,0,0,0,0,0,0,0,0,0,0,0,0,0,0,0,0,0,0,0,0,0,0,0,0,0,0,0,0,0,0,0,0,0,0,0,0,0,0,0,0,0,0,0,0,0,0,0,0,0,0,0,0,0,0,0,0,0,0,0,0,0,0,0,0,0,0,0,0,0,0,0,0,0,0,0,0,0,0,0,0,0,0,0,0,0,0,0,0,0,0,0,0,0,0,0,0,0,0,0,0,0,0,0,0,0,0,0,0,0,0,0,0,0,0,0,0,0,0,0,0,0,0,0,0,0,0,0,0,0,0,0,0,0,0,0,0,0,0,0,0,0,0,0,0,0,0,0,0,0,0,0,0,0,0,0,0,1,0,0,0,0,0,0,0,0,0,0,0,0,0,0,0,0,0,0,0,0,0,0,0,0,0,0,0,0,0,0,0,0,0,0,0,0,0,0,0,0,0,0,0,0,0,0,0,0,0,0,0,0,0,0,0,0,0,0,0,0,0,0,0,0,0,0,0,0,0,0,0,0,0,0,0,0,0,0,0,0,0,0,0,0,0,0,0,0,0,0,0,0,0,0,0,0,0,0,0,0,0,0,0,0,0,0,0,0,0,0,0,0,0,0,0,0,0,0,0,0,0,0,0,0,0,0,0
0,0.148976520421494,0,0.0476199206365212,0.115768709113422,0.093408272931481,0.0476199206365212,0.0613432731147329,0,0,0,0.115648378688694,0.0384622300306098,0.115648378688694,0,0.0613432731147329,0.148976520421494,0.093408272931481,0.200063521369343,0.0280132767810044,0.0476199206365212,0.0476199206365212,0,0.148976520421494,0.0476199206365212,0.0322586368373393,0.0322586368373393,0.0384622300306098,0,0,0,0,0.115768709113422,0.0680322436110106,0.0680322436110106,0.115648378688694,0,0,0.115648378688694,0.148976520421494,0,0,0,0.0384622300306098,0,0,0.0892681146452845,0,0,0.564515588188714,0,0,0.093408272931481,0,0.0476199206365212,0,0,0,0.0613432731147329,0,0,0.115648378688694,0.115768709113422,0,0,0.0476199206365212,0.115648378688694,0.0476199206365212,0.0609274353162256,0.0560080001931739,0.0613432731147329,0.115648378688694,0,0,0,0.0892681146452845,0.0613432731147329,0.0613432731147329,0,0.0476199206365212,0,0,0.0476199206365212,0,0.0476199206365212,0.0250877674831517,0.115648378688694,0,0.093408272931481,0,0.115768709113422,0.0476199206365212,0,0,0,0,0.0476199206365212,0,0,0,0,0,0,0.372579865945962,0.0250877674831517,0.0280132767810044,0,0.347391505530755,0,0.0609274353162256,0,0,0,0,0,0.0560080001931739,0,0.115648378688694,0.093408272931481,0.093408272931481,0.093408272931481,0,0.171902619932726,0.0823790970344355,0,0,0,0,0,0,0.564515588188714,0,0.115768709113422,0.0613432731147329,0,0.093408272931481,0,0.0476199206365212,0.0613432731147329,0.115648378688694,0.0476199206365212,0.0476199206365212,0,0,0.0384622300306098,0.078342403747824,0.115648378688694,0,0.0476199206365212,0.0613432731147329,0.115648378688694,0.0322586368373393,0,0.115768709113422,0.093408272931481,0.0250877674831517,0.078342403747824,0.115648378688694,0.0322586368373393,0,0,0.093408272931481,0.093408272931481,0,0.093408272931481,0,0,0,0,0.115648378688694,0.115648378688694,0,0.0384622300306098,0.148976520421494,0.115648378688694,0,0.093408272931481,0,0.093408272931481,0.115648378688694,0.115768709113422,0,0,0,0,0,0.078342403747824,0.0476199206365212,0,0.0476199206365212,0.0384622300306098,0,0,0,0.0613432731147329,0,0,0,0,0,0,0.0613432731147329,0.0476199206365212,0.0613432731147329,0.0613432731147329,0.0613432731147329,0,0.0384622300306098,0,0,0,0.115648378688694,0,0,0,0,0,0,0.0322586368373393,0.0781973600772233,0,0.115648378688694,0,0.115648378688694,0.0322586368373393,0,0.0613432731147329,0,0,0.093408272931481,0.0476199206365212,0.148976520421494,0,0,0.0724188282515526,0,0.115648378688694,0,0,0.0280132767810044,0,0.115648378688694,0,0,0.0724188282515526,0.0216548926727131,0.0280132767810044,0.0280132767810044,0.0680322436110106,0.0609274353162256,0.115648378688694,0,0,0,0,0,0,0.0322586368373393,0,0,0,0,0,0.093408272931481,0,0.093408272931481,0.115648378688694,0,1,0.078342403747824,0.093408272931481,0,0.0384622300306098,0,0.0280132767810044,0,0,0.0322586368373393,0.0781973600772233,0.0892681146452845,0,0,1,0,0,0.0476199206365212,0.100712305912714,0,0.078342403747824,0.078342403747824,0,0,0,0,0,0,0,0,0,0.148976520421494,0,0,0,0.0680322436110106,0,0,0.115648378688694,0,0.125202196225305,0,1,0,0,0,0,0,0,0,0,0,0.0322586368373393,0.114242844100718,0,0,0,0,0,0,0.078342403747824,0.0384622300306098,0,0.0280132767810044,0.0476199206365212,0,0.0609274353162256,0,0,0,0,0,0,0.564515588188714,0,0,0,0,0,0.115648378688694,0,0,0.323546929785103,0,0.093408272931481,0,0,0,0.347391505530755,0,0,0,0,0.0823790970344355,0,0.0476199206365212,0,0.0680322436110106,0,0.0476199206365212,0.0680322436110106,0,0,0.078342403747824,0.093408272931481,0,0,0.115648378688694,0,0,0.0476199206365212,0.093408272931481,0,0.078342403747824,0.115648378688694,0,0,0,0,0,0,0,0,0,0,0,0,0,0,0,0,0.0280132767810044,0.0476199206365212,0.115648378688694,0.347391505530755,0,0.115648378688694,0,0,0,0
0,0,0,0,0,0,0,0,0,0,0,0,0,0,0,0,0,0,0,0,0,0,0,0,0,0,0,0,0,0,0,0,0,0,0,0,0,0,0,0,0,0,0,0,0,0,0,0,0,0,0,0,0,0,0,0,0,0,0,0,0,0,0,0,0,0,0,0,0,0,0,0,0,0,0,0,0,0,0,0,0,0,0,0,0,0,0,0,0,0,0,0,0,0,0,0,0,0,0,0,0,0,0,0,0,0,0,0,0,0,0,0,0,0,0,0,0,0,0,0,0,0,0,0,0,0,0,0,0,0,0,0,0,0,0,0,0,0,0,0,0,0,0,0,0,0,0,0,0,0,0,0,0,0,0,0,0,0,0,0,0,0,0,0,0,0,0,0,0,0,0,0,0,0,0,0,0,0,0,0,0,0,0,0,0,0,0,0,0,0,0,0,0,0,0,0,0,0,0,0,0,0,0,0,0,0,0,0,0,0,0,0,0,0,0,0,0,0,0,0,0,0,0,0,0,0,0,0,0,0,0,0,0,0,0,0,0,0,0,0,0,0,0,0,0,0,0,0,0,0,0,0,0,0,0,0,0,0,0,0,0,0,0,0,0,0,0,0,0,0,0,0,0,0,0,0,0,0,0,0,0,0,0,1,0,0,0,0,0,0,0,0,0,0,0,0,0,0,0,0,0,0,0,0,0,0,0,0,0,0,0,0,0,0,0,0,0,0,0,0,0,0,0,0,0,0,0,0,0,0,0,0,0,0,0,0,0,0,0,0,0,0,0,0,0,0,0,0,0,0,0,0,0,0,0,0,0,0,0,0,0,0,0,0,0,0,0,0,0,0,0,0,0,0,0,0,0,0,0,0,0,0,0,0,0,0,0,0,0,0,0,0,0,0,0,0,0,0,0,0,0,0,0,0,0,0,0,0,0
0,0,0,0,0,0,0,0,0,0,0,0,0,0,0,0,0,0,0,0,0,0,0,0,0,0,0,0,0,0,0,0,0,0,0,0,0,0,0,0,0,0,0,0,0,0,0,0,0,0,0,0,0,0,0,0,0,0,0,0,0,0,0,0,0,0,0,0,0,0,0,0,0,0,0,0,0,0,0,0,0,0,0,0,0,0,0,0,0,0,0,0,0,0,0,0,0,0,0,0,0,0,0,0,0,0,0,0,0,0,0,0,0,0,0,0,0,0,0,0,0,0,0,0,0,0,0,0,0,0,0,0,0,0,0,0,0,0,0,0,0,0,0,0,0,0,0,0,0,0,0,0,0,0,0,0,0,0,0,0,0,0,0,0,0,0,0,0,0,0,0,0,0,0,0,0,0,0,0,0,0,0,0,0,0,0,0,0,0,0,0,0,0,0,0,0,0,0,0,0,0,0,0,0,0,0,0,0,0,0,0,0,0,0,0,0,0,0,0,0,0,0,0,0,0,0,0,0,0,0,0,0,0,0,0,0,0,0,0,0,0,0,0,0,0,0,0,0,0,0,0,0,0,0,0,0,0,0,0,0,0,0,0,0,0,0,0,0,0,0,0,0,0,0,0,0,0,0,0,0,0,0,0,0,1,0,0,0,0,0,0,0,0,0,0,0,0,0,0,0,0,0,0,0,0,0,0,0,0,0,0,0,0,0,0,0,0,0,0,0,0,0,0,0,0,0,0,0,0,0,0,0,0,0,0,0,0,0,0,0,0,0,0,0,0,0,0,0,0,0,0,0,0,0,0,0,0,0,0,0,0,0,0,0,0,0,0,0,0,0,0,0,0,0,0,0,0,0,0,0,0,0,0,0,0,0,0,0,0,0,0,0,0,0,0,0,0,0,0,0,0,0,0,0,0,0,0,0,0
0,0.0714299464323527,0,0.0571439257166366,0.128249502550101,0.0476199206365212,0.0571439257166366,0.0714299464323527,0,0,0,0.0571439257166366,0.212831890191799,0.0571439257166366,0,0.0714299464323527,0.0714299464323527,0.0476199206365212,0.0933602719681705,0.0367619429090039,0.0571439257166366,0.0571439257166366,0,0.0714299464323527,0.0571439257166366,0.041172338956928,0.041172338956928,0.0476199206365212,0,0,0,0,0.128249502550101,0.0367619429090039,0.0367619429090039,0.0571439257166366,0,0,0.0571439257166366,0.0714299464323527,0,0,0,0.212831890191799,0,0,0.0533176407887724,0,0,0.041172338956928,0,0,0.0476199206365212,0,0.0571439257166366,0,0,0,0.0714299464323527,0,0,0.0571439257166366,0.128249502550101,0,0,0.0571439257166366,0.0571439257166366,0.0571439257166366,0.0337236205744276,0.0316202950567523,0.0714299464323527,0.0571439257166366,0,0,0,0.0439086453554596,0.0714299464323527,0.173472727049999,0,0.138778105311832,0,0,0.138778105311832,0,0.138778105311832,0.0337236205744276,0.0571439257166366,0,0.0476199206365212,0,0.128249502550101,0.138778105311832,0,0,0,0,0.0571439257166366,0,0,0,0,0,0,0.041172338956928,0.0337236205744276,0.0367619429090039,0,0.0545144690325174,0,0.0337236205744276,0,0,0,0,0,0.0316202950567523,0,0.0571439257166366,0.0476199206365212,0.0476199206365212,0.0476199206365212,0,0.0476199206365212,0.0933602719681705,0,0,0,0,0,0,0.041172338956928,0,0.128249502550101,0.0714299464323527,0,0.0476199206365212,0,0.659999251998354,0.0714299464323527,0.0571439257166366,0.0571439257166366,0.0571439257166366,0,0,0.0476199206365212,0.041172338956928,0.0571439257166366,0,0.0571439257166366,0.0714299464323527,0.0571439257166366,0.041172338956928,0,0.128249502550101,0.0476199206365212,0.0337236205744276,0.041172338956928,0.0571439257166366,0.041172338956928,0,0,0.0476199206365212,0.0476199206365212,0,0.0476199206365212,0,0,0,0,0.0571439257166366,0.0571439257166366,0,0.0476199206365212,0.0714299464323527,0.0571439257166366,0,0.0476199206365212,0,0.0476199206365212,0.0571439257166366,0.128249502550101,0,0,0,0,0,0.041172338956928,0.0571439257166366,0,0.0571439257166366,0.0476199206365212,0,0,0,0.173472727049999,0,0,0,0,0,0,0.173472727049999,0.0571439257166366,0.173472727049999,0.173472727049999,0.173472727049999,0,0.212831890191799,0,0,0,0.0571439257166366,0,0,0,0,0,0,0.041172338956928,0.0397384474440781,0,0.0571439257166366,0,0.0571439257166366,0.041172338956928,0,0.173472727049999,0,0,0.0476199206365212,0.659999251998354,0.0714299464323527,0,0,0.0367574589715877,0,0.0571439257166366,0,0,0.0367619429090039,0,0.0571439257166366,0,0,0.0367574589715877,0.0301593188641145,0.0367619429090039,0.0367619429090039,0.0367619429090039,0.0337236205744276,0.0571439257166366,0,0,0,0,0,0,0.041172338956928,0,0,0,0,0,0.0476199206365212,0,0.0476199206365212,0.0571439257166366,0,0.0476199206365212,0.041172338956928,0.0476199206365212,0,0.0476199206365212,0,0.0367619429090039,0,0,0.041172338956928,0.0397384474440781,0.0439086453554596,0,0,0.0476199206365212,0,0,1,0.132392281936114,0,0.041172338956928,0.041172338956928,0,0,0,0,0,0,0,0,0,0.0714299464323527,0,0,0,0.0367619429090039,0,0,0.0571439257166366,0,0.0367619429090039,0,0.0476199206365212,0,0,0,0,0,0,0,0,0,0.041172338956928,0.0545144690325174,0,0,0,0,0,0,0.041172338956928,0.0476199206365212,0,0.0367619429090039,0.421998728397202,0,0.0337236205744276,0,0,0,0,0,0,0.041172338956928,0,0,0,0,0,0.0571439257166366,0,0,0.0367619429090039,0,0.0476199206365212,0,0,0,0.0545144690325174,0,0,0,0,0.0933602719681705,0,0.138778105311832,0,0.0367619429090039,0,0.0571439257166366,0.0367619429090039,0,0,0.041172338956928,0.0476199206365212,0,0,0.0571439257166366,0,0,0.0571439257166366,0.0476199206365212,0,0.041172338956928,0.0571439257166366,0,0,0,0,0,0,0,0,0,0,0,0,0,0,0,0,0.0367619429090039,0.0571439257166366,0.0571439257166366,0.0545144690325174,0,0.0571439257166366,0,0,0,0
0,0.145273455111828,0,0.0545144690325174,0.108384549152341,0.100712305912714,0.0545144690325174,0.0656073668246963,0,0,0,0.118649138482538,0.114242844100718,0.118649138482538,0,0.0656073668246963,0.145273455111828,0.100712305912714,0.332834218555769,0.0384437948047428,0.0545144690325174,0.0545144690325174,0,0.145273455111828,0.0545144690325174,0.0419459661208335,0.0419459661208335,0.0470411711002957,0,0,0,0,0.108384549152341,0.0800775472624232,0.0800775472624232,0.118649138482538,0,0,0.118649138482538,0.145273455111828,0,0,0,0.114242844100718,0,0,0.0959314160080428,0,0,0.0884831883993457,0,0,0.100712305912714,0,0.0545144690325174,0,0,0,0.0656073668246963,0,0,0.118649138482538,0.108384549152341,0,0,0.0545144690325174,0.21027009483971,0.0545144690325174,0.0742676650982407,0.0702364538318479,0.0656073668246963,0.118649138482538,0,0,0,0.0959314160080428,0.0656073668246963,0.293224761930786,0,0.243646300369823,0,0,0.243646300369823,0,0.243646300369823,0.0360231344013513,0.118649138482538,0,0.100712305912714,0,0.108384549152341,0.243646300369823,0,0,0,0,0.0545144690325174,0,0,0,0,0,0,0.0884831883993457,0.0360231344013513,0.0384437948047428,0,0.116943821213321,0,0.0742676650982407,0,0,0,0,0,0.0702364538318479,0,0.118649138482538,0.100712305912714,0.177385355644739,0.100712305912714,0,0.100712305912714,0.0823680641880438,0,0,0,0,0,0,0.0884831883993457,0,0.108384549152341,0.0656073668246963,0,0.100712305912714,0,0.132392281936114,0.0656073668246963,0.118649138482538,0.0545144690325174,0.0545144690325174,0,0,0.0470411711002957,0.0884831883993457,0.118649138482538,0,0.0545144690325174,0.0656073668246963,0.118649138482538,0.0419459661208335,0,0.108384549152341,0.100712305912714,0.0360231344013513,0.0884831883993457,0.118649138482538,0.0419459661208335,0,0,0.100712305912714,0.100712305912714,0,0.100712305912714,0,0,0,0,0.118649138482538,0.118649138482538,0,0.0470411711002957,0.145273455111828,0.118649138482538,0,0.100712305912714,0,0.100712305912714,0.118649138482538,0.108384549152341,0,0,0,0,0,0.0884831883993457,0.0545144690325174,0,0.0545144690325174,0.0470411711002957,0,0,0,0.293224761930786,0,0,0,0,0,0,0.293224761930786,0.0545144690325174,0.293224761930786,0.293224761930786,0.293224761930786,0,0.114242844100718,0,0,0,0.118649138482538,0,0,0,0,0,0,0.0419459661208335,0.0870855423962131,0,0.118649138482538,0,0.118649138482538,0.0419459661208335,0,0.293224761930786,0,0,0.100712305912714,0.132392281936114,0.145273455111828,0,0,0.0816708553175749,0,0.118649138482538,0,0,0.0384437948047428,0,0.118649138482538,0,0,0.0816708553175749,0.0331750465663922,0.0384437948047428,0.0384437948047428,0.0800775472624232,0.0742676650982407,0.118649138482538,0,0,0,0,0,0,0.0419459661208335,0,0,0,0,0,0.100712305912714,0,0.100712305912714,0.118649138482538,0,0.100712305912714,0.0884831883993457,0.100712305912714,0,0.0470411711002957,0,0.0384437948047428,0,0,0.0419459661208335,0.0870855423962131,0.0959314160080428,0,0,0.100712305912714,0,0,0.132392281936114,1,0,0.0884831883993457,0.0884831883993457,0,0,0,0,0,0,0,0,0,0.145273455111828,0,0,0,0.0800775472624232,0,0,0.118649138482538,0,0.0800775472624232,0,0.100712305912714,0,0,0,0,0,0,0,0,0,0.0419459661208335,0.288856627513088,0,0,0,0,0,0,0.0884831883993457,0.0470411711002957,0,0.0384437948047428,0.132392281936114,0,0.0742676650982407,0,0,0,0,0,0,0.0884831883993457,0,0,0,0,0,0.118649138482538,0,0,0.0800775472624232,0,0.100712305912714,0,0,0,0.116943821213321,0,0,0,0,0.0823680641880438,0,0.243646300369823,0,0.0800775472624232,0,0.0545144690325174,0.0800775472624232,0,0,0.0884831883993457,0.100712305912714,0,0,0.118649138482538,0,0,0.0545144690325174,0.100712305912714,0,0.0884831883993457,0.118649138482538,0,0,0,0,0,0,0,0,0,0,0,0,0,0,0,0,0.0384437948047428,0.0545144690325174,0.118649138482538,0.116943821213321,0,0.118649138482538,0,0,0,0
0,0,0,0,0,0,0,0,0,0,0,0,0,0,0,0,0,0,0,0,0,0,0,0,0,0,0,0,0,0,0,0,0,0,0,0,0,0,0,0,0,0,0,0,0,0,0,0,0,0,0,0,0,0,0,0,0,0,0,0,0,0,0,0,0,0,0,0,0,0,0,0,0,0,0,0,0,0,0,0,0,0,0,0,0,0,0,0,0,0,0,0,0,0,0,0,0,0,0,0,0,0,0,0,0,0,0,0,0,0,0,0,0,0,0,0,0,0,0,0,0,0,0,0,0,0,0,0,0,0,0,0,0,0,0,0,0,0,0,0,0,0,0,0,0,0,0,0,0,0,0,0,0,0,0,0,0,0,0,0,0,0,0,0,0,0,0,0,0,0,0,0,0,0,0,0,0,0,0,0,0,0,0,0,0,0,0,0,0,0,0,0,0,0,0,0,0,0,0,0,0,0,0,0,0,0,0,0,0,0,0,0,0,0,0,0,0,0,0,0,0,0,0,0,0,0,0,0,0,0,0,0,0,0,0,0,0,0,0,0,0,0,0,0,0,0,0,0,0,0,0,0,0,0,0,0,0,0,0,0,0,0,0,0,0,0,0,0,0,0,0,0,0,0,0,0,0,0,0,0,0,0,0,0,0,0,0,1,0,0,0,0,0,0,0,0,0,0,0,0,0,0,0,0,0,0,0,0,0,0,0,0,0,0,0,0,0,0,0,0,0,0,0,0,0,0,0,0,0,0,0,0,0,0,0,0,0,0,0,0,0,0,0,0,0,0,0,0,0,0,0,0,0,0,0,0,0,0,0,0,0,0,0,0,0,0,0,0,0,0,0,0,0,0,0,0,0,0,0,0,0,0,0,0,0,0,0,0,0,0,0,0,0,0,0,0,0,0,0,0,0,0,0,0,0,0,0,0,0
0,0.402631596345066,0,0.041172338956928,0.107359912685637,0.078342403747824,0.041172338956928,0.0545213728963117,0,0,0,0.0999899660382537,0.0322586368373393,0.0999899660382537,0,0.0545213728963117,0.132409048462471,0.078342403747824,0.182053533683929,0.0220824020542819,0.041172338956928,0.041172338956928,0,0.132409048462471,0.041172338956928,0.0262176875118606,0.0262176875118606,0.0322586368373393,0,0,0,0,0.107359912685637,0.255046685284169,0.255046685284169,0.0999899660382537,0,0,0.0999899660382537,0.132409048462471,0,0,0,0.0322586368373393,0,0,0.203609553136231,0,0,0.0636715268145186,0,0,0.372579865945962,0,0.041172338956928,0,0,0,0.0545213728963117,0,0,0.0999899660382537,0.107359912685637,0,0,0.041172338956928,0.0999899660382537,0.041172338956928,0.0859560008870281,0.077134283672798,0.0545213728963117,0.0999899660382537,0,0,0,0.235421888921278,0.0545213728963117,0.0545213728963117,0,0.041172338956928,0,0,0.041172338956928,0,0.041172338956928,0.0192321645820291,0.0999899660382537,0,0.078342403747824,0,0.107359912685637,0.041172338956928,0,0,0,0,0.041172338956928,0,0,0,0,0,0,0.0636715268145186,0.0192321645820291,0.0220824020542819,0,0.101868774864881,0,0.0859560008870281,0,0,0,0,0,0.077134283672798,0,0.47553108355459,0.078342403747824,0.078342403747824,0.144176356477088,0,0.078342403747824,0.074963219752206,0,0,0,0,0,0,0.0636715268145186,0,0.107359912685637,0.0545213728963117,0,0.238224860376036,0,0.041172338956928,0.0545213728963117,0.0999899660382537,0.041172338956928,0.041172338956928,0,0,0.0322586368373393,0.0636715268145186,0.0999899660382537,0,0.041172338956928,0.0545213728963117,0.0999899660382537,0.0262176875118606,0,0.107359912685637,0.078342403747824,0.0192321645820291,0.0636715268145186,0.0999899660382537,0.0262176875118606,0,0,0.078342403747824,0.372579865945962,0,0.144176356477088,0,0,0,0,0.0999899660382537,0.0999899660382537,0,0.0322586368373393,0.132409048462471,0.0999899660382537,0,0.078342403747824,0,0.078342403747824,0.0999899660382537,0.107359912685637,0,0,0,0,0,0.302808285044318,0.041172338956928,0,0.041172338956928,0.0322586368373393,0,0,0,0.0545213728963117,0,0,0,0,0,0,0.0545213728963117,0.041172338956928,0.0545213728963117,0.0545213728963117,0.0545213728963117,0,0.0322586368373393,0,0,0,0.0999899660382537,0,0,0,0,0,0,0.0262176875118606,0.0657270373610538,0,0.0999899660382537,0,0.0999899660382537,0.0262176875118606,0,0.0545213728963117,0,0,0.078342403747824,0.041172338956928,0.132409048462471,0,0,0.28972351166686,0,0.0999899660382537,0,0,0.0220824020542819,0,0.0999899660382537,0,0,0.112113627481774,0.0158870107303694,0.0220824020542819,0.0220824020542819,0.255046685284169,0.222127095387026,0.0999899660382537,0,0,0,0,0,0,0.0262176875118606,0,0,0,0,0,0.078342403747824,0,0.078342403747824,0.0999899660382537,0,0.078342403747824,0.0636715268145186,0.078342403747824,0,0.0322586368373393,0,0.0220824020542819,0,0,0.0262176875118606,0.0657270373610538,0.0774206211888767,0,0,0.078342403747824,0,0,0.041172338956928,0.0884831883993457,0,1,0.302808285044318,0,0,0,0,0,0,0,0,0,0.132409048462471,0,0,0,0.255046685284169,0,0,0.0999899660382537,0,0.053628690703256,0,0.078342403747824,0,0,0,0,0,0,0,0,0,0.0262176875118606,0.101868774864881,0,0,0,0,0,0,0.0636715268145186,0.0322586368373393,0,0.0220824020542819,0.041172338956928,0,0.0859560008870281,0,0,0,0,0,0,0.0636715268145186,0,0,0,0,0,0.0999899660382537,0,0,0.053628690703256,0,0.372579865945962,0,0,0,0.101868774864881,0,0,0,0,0.074963219752206,0,0.041172338956928,0,0.255046685284169,0,0.041172338956928,0.255046685284169,0,0,0.0636715268145186,0.078342403747824,0,0,0.0999899660382537,0,0,0.041172338956928,0.372579865945962,0,0.302808285044318,0.0999899660382537,0,0,0,0,0,0,0,0,0,0,0,0,0,0,0,0,0.0220824020542819,0.041172338956928,0.0999899660382537,0.101868774864881,0,0.0999899660382537,0,0,0,0
0,0.402631596345066,0,0.041172338956928,0.107359912685637,0.078342403747824,0.041172338956928,0.0545213728963117,0,0,0,0.0999899660382537,0.0322586368373393,0.0999899660382537,0,0.0545213728963117,0.132409048462471,0.078342403747824,0.182053533683929,0.0220824020542819,0.041172338956928,0.041172338956928,0,0.132409048462471,0.041172338956928,0.0262176875118606,0.0262176875118606,0.0322586368373393,0,0,0,0,0.107359912685637,0.255046685284169,0.255046685284169,0.0999899660382537,0,0,0.0999899660382537,0.132409048462471,0,0,0,0.0322586368373393,0,0,0.203609553136231,0,0,0.0636715268145186,0,0,0.372579865945962,0,0.041172338956928,0,0,0,0.0545213728963117,0,0,0.0999899660382537,0.107359912685637,0,0,0.041172338956928,0.0999899660382537,0.041172338956928,0.0859560008870281,0.077134283672798,0.0545213728963117,0.0999899660382537,0,0,0,0.235421888921278,0.0545213728963117,0.0545213728963117,0,0.041172338956928,0,0,0.041172338956928,0,0.041172338956928,0.0192321645820291,0.0999899660382537,0,0.078342403747824,0,0.107359912685637,0.041172338956928,0,0,0,0,0.041172338956928,0,0,0,0,0,0,0.0636715268145186,0.0192321645820291,0.0220824020542819,0,0.101868774864881,0,0.0859560008870281,0,0,0,0,0,0.077134283672798,0,0.720502458320628,0.078342403747824,0.078342403747824,0.144176356477088,0,0.078342403747824,0.074963219752206,0,0,0,0,0,0,0.0636715268145186,0,0.107359912685637,0.0545213728963117,0,0.238224860376036,0,0.041172338956928,0.0545213728963117,0.0999899660382537,0.041172338956928,0.041172338956928,0,0,0.0322586368373393,0.0636715268145186,0.0999899660382537,0,0.041172338956928,0.0545213728963117,0.0999899660382537,0.0262176875118606,0,0.107359912685637,0.078342403747824,0.0192321645820291,0.0636715268145186,0.0999899660382537,0.0262176875118606,0,0,0.078342403747824,0.372579865945962,0,0.144176356477088,0,0,0,0,0.0999899660382537,0.0999899660382537,0,0.0322586368373393,0.132409048462471,0.0999899660382537,0,0.078342403747824,0,0.078342403747824,0.0999899660382537,0.107359912685637,0,0,0,0,0,0.302808285044318,0.041172338956928,0,0.041172338956928,0.0322586368373393,0,0,0,0.0545213728963117,0,0,0,0,0,0,0.0545213728963117,0.041172338956928,0.0545213728963117,0.0545213728963117,0.0545213728963117,0,0.0322586368373393,0,0,0,0.0999899660382537,0,0,0,0,0,0,0.0262176875118606,0.0657270373610538,0,0.0999899660382537,0,0.0999899660382537,0.0262176875118606,0,0.0545213728963117,0,0,0.078342403747824,0.041172338956928,0.132409048462471,0,0,0.28972351166686,0,0.0999899660382537,0,0,0.0220824020542819,0,0.0999899660382537,0,0,0.112113627481774,0.0158870107303694,0.0220824020542819,0.0220824020542819,0.255046685284169,0.222127095387026,0.0999899660382537,0,0,0,0,0,0,0.0262176875118606,0,0,0,0,0,0.078342403747824,0,0.078342403747824,0.0999899660382537,0,0.078342403747824,0.0636715268145186,0.078342403747824,0,0.0322586368373393,0,0.0220824020542819,0,0,0.0262176875118606,0.0657270373610538,0.0774206211888767,0,0,0.078342403747824,0,0,0.041172338956928,0.0884831883993457,0,0.302808285044318,1,0,0,0,0,0,0,0,0,0,0.132409048462471,0,0,0,0.255046685284169,0,0,0.0999899660382537,0,0.053628690703256,0,0.078342403747824,0,0,0,0,0,0,0,0,0,0.0262176875118606,0.101868774864881,0,0,0,0,0,0,0.0636715268145186,0.0322586368373393,0,0.0220824020542819,0.041172338956928,0,0.0859560008870281,0,0,0,0,0,0,0.0636715268145186,0,0,0,0,0,0.0999899660382537,0,0,0.053628690703256,0,0.372579865945962,0,0,0,0.101868774864881,0,0,0,0,0.074963219752206,0,0.041172338956928,0,0.255046685284169,0,0.041172338956928,0.255046685284169,0,0,0.0636715268145186,0.078342403747824,0,0,0.0999899660382537,0,0,0.041172338956928,0.564515588188714,0,1,0.0999899660382537,0,0,0,0,0,0,0,0,0,0,0,0,0,0,0,0,0.0220824020542819,0.041172338956928,0.0999899660382537,0.101868774864881,0,0.0999899660382537,0,0,0,0
0,0,0,0,0,0,0,0,0,0,0,0,0,0,0,0,0,0,0,0,0,0,0,0,0,0,0,0,0,0,0,0,0,0,0,0,0,0,0,0,0,0,0,0,0,0,0,0,0,0,0,0,0,0,0,0,0,0,0,0,0,0,0,0,0,0,0,0,0,0,0,0,0,0,0,0,0,0,0,0,0,0,0,0,0,0,0,0,0,0,0,0,0,0,0,0,0,0,0,0,0,0,0,0,0,0,0,0,0,0,0,0,0,0,0,0,0,0,0,0,0,0,0,0,0,0,0,0,0,0,0,0,0,0,0,0,0,0,0,0,0,0,0,0,0,0,0,0,0,0,0,0,0,0,0,0,0,0,0,0,0,0,0,0,0,0,0,0,0,0,0,0,0,0,0,0,0,0,0,0,0,0,0,0,0,0,0,0,0,0,0,0,0,0,0,0,0,0,0,0,0,0,0,0,0,0,0,0,0,0,0,0,0,0,0,0,0,0,0,0,0,0,0,0,0,0,0,0,0,0,0,0,0,0,0,0,0,0,0,0,0,0,0,0,0,0,0,0,0,0,0,0,0,0,0,0,0,0,0,0,0,0,0,0,0,0,0,0,0,0,0,0,0,0,0,0,0,0,0,0,0,0,0,0,0,0,0,0,0,0,1,0,0,0,0,0,0,0,0,0,0,0,0,0,0,0,0,0,0,0,0,0,0,0,0,0,0,0,0,0,0,0,0,0,0,0,0,0,0,0,0,0,0,0,0,0,0,0,0,0,0,0,0,0,0,0,0,0,0,0,0,0,0,0,0,0,0,0,0,0,0,0,0,0,0,0,0,0,0,0,0,0,0,0,0,0,0,0,0,0,0,0,0,0,0,0,0,0,0,0,0,0,0,0,0,0,0,0,0,0,0,0,0,0,0,0,0,0,0
0,0,0,0,0,0,0,0,0,0,0,0,0,0,0,0,0,0,0,0,0,0,0,0,0,0,0,0,0,0,0,0,0,0,0,0,0,0,0,0,0,0,0,0,0,0,0,0,0,0,0,0,0,0,0,0,0,0,0,0,0,0,0,0,0,0,0,0,0,0,0,0,0,0,0,0,0,0,0,0,0,0,0,0,0,0,0,0,0,0,0,0,0,0,0,0,0,0,0,0,0,0,0,0,0,0,0,0,0,0,0,0,0,0,0,0,0,0,0,0,0,0,0,0,0,0,0,0,0,0,0,0,0,0,0,0,0,0,0,0,0,0,0,0,0,0,0,0,0,0,0,0,0,0,0,0,0,0,0,0,0,0,0,0,0,0,0,0,0,0,0,0,0,0,0,0,0,0,0,0,0,0,0,0,0,0,0,0,0,0,0,0,0,0,0,0,0,0,0,0,0,0,0,0,0,0,0,0,0,0,0,0,0,0,0,0,0,0,0,0,0,0,0,0,0,0,0,0,0,0,0,0,0,0,0,0,0,0,0,0,0,0,0,0,0,0,0,0,0,0,0,0,0,0,0,0,0,0,0,0,0,0,0,0,0,0,0,0,0,0,0,0,0,0,0,0,0,0,0,0,0,0,0,0,0,0,0,0,0,0,0,1,0,0,0,0,0,0,0,0,0,0,0,0,0,0,0,0,0,0,0,0,0,0,0,0,0,0,0,0,0,0,0,0,0,0,0,0,0,0,0,0,0,0,0,0,0,0,0,0,0,0,0,0,0,0,0,0,0,0,0,0,0,0,0,0,0,0,0,0,0,0,0,0,0,0,0,0,0,0,0,0,0,0,0,0,0,0,0,0,0,0,0,0,0,0,0,0,0,0,0,0,0,0,0,0,0,0,0,0,0,0,0,0,0,0,0,0,0
0,0,0,0,0,0,0,0,0,0,0,0,0,0,0,0,0,0,0,0,0,0,0,0,0,0,0,0,0,0,0,0,0,0,0,0,0,0,0,0,0,0,0,0,0,0,0,0,0,0,0,0,0,0,0,0,0,0,0,0,0,0,0,0,0,0,0,0,0,0,0,0,0,0,0,0,0,0,0,0,0,0,0,0,0,0,0,0,0,0,0,0,0,0,0,0,0,0,0,0,0,0,0,0,0,0,0,0,0,0,0,0,0,0,0,0,0,0,0,0,0,0,0,0,0,0,0,0,0,0,0,0,0,0,0,0,0,0,0,0,0,0,0,0,0,0,0,0,0,0,0,0,0,0,0,0,0,0,0,0,0,0,0,0,0,0,0,0,0,0,0,0,0,0,0,0,0,0,0,0,0,0,0,0,0,0,0,0,0,0,0,0,0,0,0,0,0,0,0,0,0,0,0,0,0,0,0,0,0,0,0,0,0,0,0,0,0,0,0,0,0,0,0,0,0,0,0,0,0,0,0,0,0,0,0,0,0,0,0,0,0,0,0,0,0,0,0,0,0,0,0,0,0,0,0,0,0,0,0,0,0,0,0,0,0,0,0,0,0,0,0,0,0,0,0,0,0,0,0,0,0,0,0,0,0,0,0,0,0,0,0,0,1,0,0,0,0,0,0,0,0,0,0,0,0,0,0,0,0,0,0,0,0,0,0,0,0,0,0,0,0,0,0,0,0,0,0,0,0,0,0,0,0,0,0,0,0,0,0,0,0,0,0,0,0,0,0,0,0,0,0,0,0,0,0,0,0,0,0,0,0,0,0,0,0,0,0,0,0,0,0,0,0,0,0,0,0,0,0,0,0,0,0,0,0,0,0,0,0,0,0,0,0,0,0,0,0,0,0,0,0,0,0,0,0,0,0,0,0
0,0,0,0,0,0,0,0,0,0,0,0,0,0,0,0,0,0,0,0,0,0,0,0,0,0,0,0,0,0,0,0,0,0,0,0,0,0,0,0,0,0,0,0,0,0,0,0,0,0,0,0,0,0,0,0,0,0,0,0,0,0,0,0,0,0,0,0,0,0,0,0,0,0,0,0,0,0,0,0,0,0,0,0,0,0,0,0,0,0,0,0,0,0,0,0,0,0,0,0,0,0,0,0,0,0,0,0,0,0,0,0,0,0,0,0,0,0,0,0,0,0,0,0,0,0,0,0,0,0,0,0,0,0,0,0,0,0,0,0,0,0,0,0,0,0,0,0,0,0,0,0,0,0,0,0,0,0,0,0,0,0,0,0,0,0,0,0,0,0,0,0,0,0,0,0,0,0,0,0,0,0,0,0,0,0,0,0,0,0,0,0,0,0,0,0,0,0,0,0,0,0,0,0,0,0,0,0,0,0,0,0,0,0,0,0,0,0,0,0,0,0,0,0,0,0,0,0,0,0,0,0,0,0,0,0,0,0,0,0,0,0,0,0,0,0,0,0,0,0,0,0,0,0,0,0,0,0,0,0,0,0,0,0,0,0,0,0,0,0,0,0,0,0,0,0,0,0,0,0,0,0,0,0,0,0,0,0,0,0,0,0,0,1,0,0,0,0,0,0,0,0,0,0,0,0,0,0,0,0,0,0,0,0,0,0,0,0,0,0,0,0,0,0,0,0,0,0,0,0,0,0,0,0,0,0,0,0,0,0,0,0,0,0,0,0,0,0,0,0,0,0,0,0,0,0,0,0,0,0,0,0,0,0,0,0,0,0,0,0,0,0,0,0,0,0,0,0,0,0,0,0,0,0,0,0,0,0,0,0,0,0,0,0,0,0,0,0,0,0,0,0,0,0,0,0,0,0,0
0,0,0,0,0,0,0,0,0,0,0,0,0,0,0,0,0,0,0,0,0,0,0,0,0,0,0,0,0,0,0,0,0,0,0,0,0,0,0,0,0,0,0,0,0,0,0,0,0,0,0,0,0,0,0,0,0,0,0,0,0,0,0,0,0,0,0,0,0,0,0,0,0,0,0,0,0,0,0,0,0,0,0,0,0,0,0,0,0,0,0,0,0,0,0,0,0,0,0,0,0,0,0,0,0,0,0,0,0,0,0,0,0,0,0,0,0,0,0,0,0,0,0,0,0,0,0,0,0,0,0,0,0,0,0,0,0,0,0,0,0,0,0,0,0,0,0,0,0,0,0,0,0,0,0,0,0,0,0,0,0,0,0,0,0,0,0,0,0,0,0,0,0,0,0,0,0,0,0,0,0,0,0,0,0,0,0,0,0,0,0,0,0,0,0,0,0,0,0,0,0,0,0,0,0,0,0,0,0,0,0,0,0,0,0,0,0,0,0,0,0,0,0,0,0,0,0,0,0,0,0,0,0,0,0,0,0,0,0,0,0,0,0,0,0,0,0,0,0,0,0,0,0,0,0,0,0,0,0,0,0,0,0,0,0,0,0,0,0,0,0,0,0,0,0,0,0,0,0,0,0,0,0,0,0,0,0,0,0,0,0,0,0,0,1,0,0,0,0,0,0,0,0,0,0,0,0,0,0,0,0,0,0,0,0,0,0,0,0,0,0,0,0,0,0,0,0,0,0,0,0,0,0,0,0,0,0,0,0,0,0,0,0,0,0,0,0,0,0,0,0,0,0,0,0,0,0,0,0,0,0,0,0,0,0,0,0,0,0,0,0,0,0,0,0,0,0,0,0,0,0,0,0,0,0,0,0,0,0,0,0,0,0,0,0,0,0,0,0,0,0,0,0,0,0,0,0,0,0
0,0,0,0,0,0,0,0,0,0,0,0,0,0,0,0,0,0,0,0,0,0,0,0,0,0,0,0,0,0,0,0,0,0,0,0,0,0,0,0,0,0,0,0,0,0,0,0,0,0,0,0,0,0,0,0,0,0,0,0,0,0,0,0,0,0,0,0,0,0,0,0,0,0,0,0,0,0,0,0,0,0,0,0,0,0,0,0,0,0,0,0,0,0,0,0,0,0,0,0,0,0,0,0,0,0,0,0,0,0,0,0,0,0,0,0,0,0,0,0,0,0,0,0,0,0,0,0,0,0,0,0,0,0,0,0,0,0,0,0,0,0,0,0,0,0,0,0,0,0,0,0,0,0,0,0,0,0,0,0,0,0,0,0,0,0,0,0,0,0,0,0,0,0,0,0,0,0,0,0,0,0,0,0,0,0,0,0,0,0,0,0,0,0,0,0,0,0,0,0,0,0,0,0,0,0,0,0,0,0,0,0,0,0,0,0,0,0,0,0,0,0,0,0,0,0,0,0,0,0,0,0,0,0,0,0,0,0,0,0,0,0,0,0,0,0,0,0,0,0,0,0,0,0,0,0,0,0,0,0,0,0,0,0,0,0,0,0,0,0,0,0,0,0,0,0,0,0,0,0,0,0,0,0,0,0,0,0,0,0,0,0,0,0,0,1,0,0,0,0,0,0,0,0,0,0,0,0,0,0,0,0,0,0,0,0,0,0,0,0,0,0,0,0,0,0,0,0,0,0,0,0,0,0,0,0,0,0,0,0,0,0,0,0,0,0,0,0,0,0,0,0,0,0,0,0,0,0,0,0,0,0,0,0,0,0,0,0,0,0,0,0,0,0,0,0,0,0,0,0,0,0,0,0,0,0,0,0,0,0,0,0,0,0,0,0,0,0,0,0,0,0,0,0,0,0,0,0,0
0,0,0,0,0,0,0,0,0,0,0,0,0,0,0,0,0,0,0,0,0,0,0,0,0,0,0,0,0,0,0,0,0,0,0,0,0,0,0,0,0,0,0,0,0,0,0,0,0,0,0,0,0,0,0,0,0,0,0,0,0,0,0,0,0,0,0,0,0,0,0,0,0,0,0,0,0,0,0,0,0,0,0,0,0,0,0,0,0,0,0,0,0,0,0,0,0,0,0,0,0,0,0,0,0,0,0,0,0,0,0,0,0,0,0,0,0,0,0,0,0,0,0,0,0,0,0,0,0,0,0,0,0,0,0,0,0,0,0,0,0,0,0,0,0,0,0,0,0,0,0,0,0,0,0,0,0,0,0,0,0,0,0,0,0,0,0,0,0,0,0,0,0,0,0,0,0,0,0,0,0,0,0,0,0,0,0,0,0,0,0,0,0,0,0,0,0,0,0,0,0,0,0,0,0,0,0,0,0,0,0,0,0,0,0,0,0,0,0,0,0,0,0,0,0,0,0,0,0,0,0,0,0,0,0,0,0,0,0,0,0,0,0,0,0,0,0,0,0,0,0,0,0,0,0,0,0,0,0,0,0,0,0,0,0,0,0,0,0,0,0,0,0,0,0,0,0,0,0,0,0,0,0,0,0,0,0,0,0,0,0,0,0,0,0,0,1,0,0,0,0,0,0,0,0,0,0,0,0,0,0,0,0,0,0,0,0,0,0,0,0,0,0,0,0,0,0,0,0,0,0,0,0,0,0,0,0,0,0,0,0,0,0,0,0,0,0,0,0,0,0,0,0,0,0,0,0,0,0,0,0,0,0,0,0,0,0,0,0,0,0,0,0,0,0,0,0,0,0,0,0,0,0,0,0,0,0,0,0,0,0,0,0,0,0,0,0,0,0,0,0,0,0,0,0,0,0,0,0
0,0,0,0,0,0,0,0,0,0,0,0,0,0,0,0,0,0,0,0,0,0,0,0,0,0,0,0,0,0,0,0,0,0,0,0,0,0,0,0,0,0,0,0,0,0,0,0,0,0,0,0,0,0,0,0,0,0,0,0,0,0,0,0,0,0,0,0,0,0,0,0,0,0,0,0,0,0,0,0,0,0,0,0,0,0,0,0,0,0,0,0,0,0,0,0,0,0,0,0,0,0,0,0,0,0,0,0,0,0,0,0,0,0,0,0,0,0,0,0,0,0,0,0,0,0,0,0,0,0,0,0,0,0,0,0,0,0,0,0,0,0,0,0,0,0,0,0,0,0,0,0,0,0,0,0,0,0,0,0,0,0,0,0,0,0,0,0,0,0,0,0,0,0,0,0,0,0,0,0,0,0,0,0,0,0,0,0,0,0,0,0,0,0,0,0,0,0,0,0,0,0,0,0,0,0,0,0,0,0,0,0,0,0,0,0,0,0,0,0,0,0,0,0,0,0,0,0,0,0,0,0,0,0,0,0,0,0,0,0,0,0,0,0,0,0,0,0,0,0,0,0,0,0,0,0,0,0,0,0,0,0,0,0,0,0,0,0,0,0,0,0,0,0,0,0,0,0,0,0,0,0,0,0,0,0,0,0,0,0,0,0,0,0,0,0,0,1,0,0,0,0,0,0,0,0,0,0,0,0,0,0,0,0,0,0,0,0,0,0,0,0,0,0,0,0,0,0,0,0,0,0,0,0,0,0,0,0,0,0,0,0,0,0,0,0,0,0,0,0,0,0,0,0,0,0,0,0,0,0,0,0,0,0,0,0,0,0,0,0,0,0,0,0,0,0,0,0,0,0,0,0,0,0,0,0,0,0,0,0,0,0,0,0,0,0,0,0,0,0,0,0,0,0,0,0,0,0,0
0,0,0,0,0,0,0,0,0,0,0,0,0,0,0,0,0,0,0,0,0,0,0,0,0,0,0,0,0,0,0,0,0,0,0,0,0,0,0,0,0,0,0,0,0,0,0,0,0,0,0,0,0,0,0,0,0,0,0,0,0,0,0,0,0,0,0,0,0,0,0,0,0,0,0,0,0,0,0,0,0,0,0,0,0,0,0,0,0,0,0,0,0,0,0,0,0,0,0,0,0,0,0,0,0,0,0,0,0,0,0,0,0,0,0,0,0,0,0,0,0,0,0,0,0,0,0,0,0,0,0,0,0,0,0,0,0,0,0,0,0,0,0,0,0,0,0,0,0,0,0,0,0,0,0,0,0,0,0,0,0,0,0,0,0,0,0,0,0,0,0,0,0,0,0,0,0,0,0,0,0,0,0,0,0,0,0,0,0,0,0,0,0,0,0,0,0,0,0,0,0,0,0,0,0,0,0,0,0,0,0,0,0,0,0,0,0,0,0,0,0,0,0,0,0,0,0,0,0,0,0,0,0,0,0,0,0,0,0,0,0,0,0,0,0,0,0,0,0,0,0,0,0,0,0,0,0,0,0,0,0,0,0,0,0,0,0,0,0,0,0,0,0,0,0,0,0,0,0,0,0,0,0,0,0,0,0,0,0,0,0,0,0,0,0,0,0,0,1,0,0,0,0,0,0,0,0,0,0,0,0,0,0,0,0,0,0,0,0,0,0,0,0,0,0,0,0,0,0,0,0,0,0,0,0,0,0,0,0,0,0,0,0,0,0,0,0,0,0,0,0,0,0,0,0,0,0,0,0,0,0,0,0,0,0,0,0,0,0,0,0,0,0,0,0,0,0,0,0,0,0,0,0,0,0,0,0,0,0,0,0,0,0,0,0,0,0,0,0,0,0,0,0,0,0,0,0,0,0
0,0.21027009483971,0,0.0714299464323527,0.147105639620399,0.274166873716867,0.0714299464323527,0.0865818037575277,0,0,0,0.173472727049999,0.0613432731147329,0.173472727049999,0,0.0865818037575277,0.21027009483971,0.148976520421494,0.266881513729481,0.0498579928542293,0.0714299464323527,0.0714299464323527,0,0.21027009483971,0.0714299464323527,0.0545213728963117,0.0545213728963117,0.0613432731147329,0,0,0,0,0.147105639620399,0.1210836969317,0.1210836969317,0.173472727049999,0,0,0.173472727049999,1,0,0,0,0.0613432731147329,0,0,0.132392281936114,0,0,0.132409048462471,0,0,0.148976520421494,0,0.0714299464323527,0,0,0,0.0865818037575277,0,0,0.173472727049999,0.147105639620399,0,0,0.0714299464323527,0.173472727049999,0.0714299464323527,0.113285175146291,0.107888206387495,0.0865818037575277,0.319248127932352,0,0,0,0.132392281936114,0.0865818037575277,0.0865818037575277,0,0.0714299464323527,0,0,0.0714299464323527,0,0.0714299464323527,0.0466468368249435,0.173472727049999,0,0.148976520421494,0,0.147105639620399,0.0714299464323527,0,0,0,0,0.0714299464323527,0,0,0,0,0,0,0.132409048462471,0.0466468368249435,0.0498579928542293,0,0.159332176574263,0,0.113285175146291,0,0,0,0,0,0.107888206387495,0,0.173472727049999,0.148976520421494,0.148976520421494,0.148976520421494,0,0.148976520421494,0.109892388006257,0,0,0,0,0,0,0.132409048462471,0,0.147105639620399,0.0865818037575277,0,0.148976520421494,0,0.0714299464323527,0.0865818037575277,0.173472727049999,0.0714299464323527,0.0714299464323527,0,0,0.0613432731147329,0.132409048462471,0.173472727049999,0,0.0714299464323527,0.0865818037575277,0.173472727049999,0.0545213728963117,0,0.147105639620399,0.148976520421494,0.0466468368249435,0.132409048462471,0.173472727049999,0.0545213728963117,0,0,0.148976520421494,0.148976520421494,0,0.148976520421494,0,0,0,0,0.173472727049999,0.173472727049999,0,0.0613432731147329,0.21027009483971,0.173472727049999,0,0.148976520421494,0,0.148976520421494,0.173472727049999,0.147105639620399,0,0,0,0,0,0.132409048462471,0.0714299464323527,0,0.0714299464323527,0.0613432731147329,0,0,0,0.0865818037575277,0,0,0,0,0,0,0.0865818037575277,0.0714299464323527,0.0865818037575277,0.0865818037575277,0.0865818037575277,0,0.0613432731147329,0,0,0,0.173472727049999,0,0,0,0,0,0,0.0545213728963117,0.123729567373249,0,0.173472727049999,0,0.173472727049999,0.0545213728963117,0,0.0865818037575277,0,0,0.274166873716867,0.0714299464323527,0.386967653528542,0,0,0.114242844100718,0,0.173472727049999,0,0,0.0498579928542293,0,0.173472727049999,0,0,0.114242844100718,0.0428812849891,0.0498579928542293,0.0498579928542293,0.1210836969317,0.113285175146291,0.319248127932352,0,0,0,0,0,0,0.0545213728963117,0,0,0,0,0,0.148976520421494,0,0.148976520421494,0.173472727049999,0,0.148976520421494,0.132409048462471,0.148976520421494,0,0.0613432731147329,0,0.0498579928542293,0,0,0.0545213728963117,0.123729567373249,0.243646300369823,0,0,0.148976520421494,0,0,0.0714299464323527,0.145273455111828,0,0.132409048462471,0.132409048462471,0,0,0,0,0,0,0,0,0,1,0,0,0,0.1210836969317,0,0,0.173472727049999,0,0.1210836969317,0,0.148976520421494,0,0,0,0,0,0,0,0,0,0.0545213728963117,0.159332176574263,0,0,0,0,0,0,0.132409048462471,0.0613432731147329,0,0.0498579928542293,0.0714299464323527,0,0.113285175146291,0,0,0,0,0,0,0.132409048462471,0,0,0,0,0,0.173472727049999,0,0,0.1210836969317,0,0.148976520421494,0,0,0,0.159332176574263,0,0,0,0,0.109892388006257,0,0.0714299464323527,0,0.1210836969317,0,0.0714299464323527,0.1210836969317,0,0,0.132409048462471,0.148976520421494,0,0,0.173472727049999,0,0,0.0714299464323527,0.148976520421494,0,0.132409048462471,0.173472727049999,0,0,0,0,0,0,0,0,0,0,0,0,0,0,0,0,0.0498579928542293,0.0714299464323527,0.173472727049999,0.159332176574263,0,0.173472727049999,0,0,0,0
0,0,0,0,0,0,0,0,0,0,0,0,0,0,0,0,0,0,0,0,0,0,0,0,0,0,0,0,0,0,0,0,0,0,0,0,0,0,0,0,0,0,0,0,0,0,0,0,0,0,0,0,0,0,0,0,0,0,0,0,0,0,0,0,0,0,0,0,0,0,0,0,0,0,0,0,0,0,0,0,0,0,0,0,0,0,0,0,0,0,0,0,0,0,0,0,0,0,0,0,0,0,0,0,0,0,0,0,0,0,0,0,0,0,0,0,0,0,0,0,0,0,0,0,0,0,0,0,0,0,0,0,0,0,0,0,0,0,0,0,0,0,0,0,0,0,0,0,0,0,0,0,0,0,0,0,0,0,0,0,0,0,0,0,0,0,0,0,0,0,0,0,0,0,0,0,0,0,0,0,0,0,0,0,0,0,0,0,0,0,0,0,0,0,0,0,0,0,0,0,0,0,0,0,0,0,0,0,0,0,0,0,0,0,0,0,0,0,0,0,0,0,0,0,0,0,0,0,0,0,0,0,0,0,0,0,0,0,0,0,0,0,0,0,0,0,0,0,0,0,0,0,0,0,0,0,0,0,0,0,0,0,0,0,0,0,0,0,0,0,0,0,0,0,0,0,0,0,0,0,0,0,0,0,0,0,0,0,0,0,0,0,0,0,0,0,0,0,0,0,1,0,0,0,0,0,0,0,0,0,0,0,0,0,0,0,0,0,0,0,0,0,0,0,0,0,0,0,0,0,0,0,0,0,0,0,0,0,0,0,0,0,0,0,0,0,0,0,0,0,0,0,0,0,0,0,0,0,0,0,0,0,0,0,0,0,0,0,0,0,0,0,0,0,0,0,0,0,0,0,0,0,0,0,0,0,0,0,0,0,0,0,0,0,0,0,0,0,0,0,0,0,0,0,0,0,0,0,0
0,0,0,0,0,0,0,0,0,0,0,0,0,0,0,0,0,0,0,0,0,0,0,0,0,0,0,0,0,0,0,0,0,0,0,0,0,0,0,0,0,0,0,0,0,0,0,0,0,0,0,0,0,0,0,0,0,0,0,0,0,0,0,0,0,0,0,0,0,0,0,0,0,0,0,0,0,0,0,0,0,0,0,0,0,0,0,0,0,0,0,0,0,0,0,0,0,0,0,0,0,0,0,0,0,0,0,0,0,0,0,0,0,0,0,0,0,0,0,0,0,0,0,0,0,0,0,0,0,0,0,0,0,0,0,0,0,0,0,0,0,0,0,0,0,0,0,0,0,0,0,0,0,0,0,0,0,0,0,0,0,0,0,0,0,0,0,0,0,0,0,0,0,0,0,0,0,0,0,0,0,0,0,0,0,0,0,0,0,0,0,0,0,0,0,0,0,0,0,0,0,0,0,0,0,0,0,0,0,0,0,0,0,0,0,0,0,0,0,0,0,0,0,0,0,0,0,0,0,0,0,0,0,0,0,0,0,0,0,0,0,0,0,0,0,0,0,0,0,0,0,0,0,0,0,0,0,0,0,0,0,0,0,0,0,0,0,0,0,0,0,0,0,0,0,0,0,0,0,0,0,0,0,0,0,0,0,0,0,0,0,0,0,0,0,0,0,0,0,0,0,1,0,0,0,0,0,0,0,0,0,0,0,0,0,0,0,0,0,0,0,0,0,0,0,0,0,0,0,0,0,0,0,0,0,0,0,0,0,0,0,0,0,0,0,0,0,0,0,0,0,0,0,0,0,0,0,0,0,0,0,0,0,0,0,0,0,0,0,0,0,0,0,0,0,0,0,0,0,0,0,0,0,0,0,0,0,0,0,0,0,0,0,0,0,0,0,0,0,0,0,0,0,0,0,0,0,0,0
0,0,0,0,0,0,0,0,0,0,0,0,0,0,0,0,0,0,0,0,0,0,0,0,0,0,0,0,0,0,0,0,0,0,0,0,0,0,0,0,0,0,0,0,0,0,0,0,0,0,0,0,0,0,0,0,0,0,0,0,0,0,0,0,0,0,0,0,0,0,0,0,0,0,0,0,0,0,0,0,0,0,0,0,0,0,0,0,0,0,0,0,0,0,0,0,0,0,0,0,0,0,0,0,0,0,0,0,0,0,0,0,0,0,0,0,0,0,0,0,0,0,0,0,0,0,0,0,0,0,0,0,0,0,0,0,0,0,0,0,0,0,0,0,0,0,0,0,0,0,0,0,0,0,0,0,0,0,0,0,0,0,0,0,0,0,0,0,0,0,0,0,0,0,0,0,0,0,0,0,0,0,0,0,0,0,0,0,0,0,0,0,0,0,0,0,0,0,0,0,0,0,0,0,0,0,0,0,0,0,0,0,0,0,0,0,0,0,0,0,0,0,0,0,0,0,0,0,0,0,0,0,0,0,0,0,0,0,0,0,0,0,0,0,0,0,0,0,0,0,0,0,0,0,0,0,0,0,0,0,0,0,0,0,0,0,0,0,0,0,0,0,0,0,0,0,0,0,0,0,0,0,0,0,0,0,0,0,0,0,0,0,0,0,0,0,0,0,0,0,0,0,1,0,0,0,0,0,0,0,0,0,0,0,0,0,0,0,0,0,0,0,0,0,0,0,0,0,0,0,0,0,0,0,0,0,0,0,0,0,0,0,0,0,0,0,0,0,0,0,0,0,0,0,0,0,0,0,0,0,0,0,0,0,0,0,0,0,0,0,0,0,0,0,0,0,0,0,0,0,0,0,0,0,0,0,0,0,0,0,0,0,0,0,0,0,0,0,0,0,0,0,0,0,0,0,0,0,0
0,0.368193282506597,0,0.0367619429090039,0.10162667835798,0.0680322436110106,0.0367619429090039,0.0498579928542293,0,0,0,0.0892790042075809,0.0280132767810044,0.0892790042075809,0,0.0498579928542293,0.1210836969317,0.0680322436110106,0.169754473731143,0.0180216412275933,0.0367619429090039,0.0367619429090039,0,0.1210836969317,0.0367619429090039,0.0220824020542819,0.0220824020542819,0.0280132767810044,0,0,0,0,0.10162667835798,0.687384851140685,0.687384851140685,0.0892790042075809,0,0,0.0892790042075809,0.1210836969317,0,0,0,0.0280132767810044,0,0,0.179069247970045,0,0,0.053628690703256,0,0,0.490223176474009,0,0.0367619429090039,0,0,0,0.0498579928542293,0,0,0.0892790042075809,0.10162667835798,0,0,0.0367619429090039,0.0892790042075809,0.0367619429090039,0.0680347132176099,0.0593699320083931,0.0498579928542293,0.0892790042075809,0,0,0,0.21064982630663,0.0498579928542293,0.0498579928542293,0,0.0367619429090039,0,0,0.0367619429090039,0,0.0367619429090039,0.0152223787564515,0.0892790042075809,0,0.0680322436110106,0,0.10162667835798,0.0367619429090039,0,0,0,0,0.0367619429090039,0,0,0,0,0,0,0.053628690703256,0.0152223787564515,0.0180216412275933,0,0.093363501668661,0,0.0680347132176099,0,0,0,0,0,0.0593699320083931,0,0.424592019495871,0.0680322436110106,0.0680322436110106,0.125202196225305,0,0.0680322436110106,0.0698989009481177,0,0,0,0,0,0,0.053628690703256,0,0.10162667835798,0.0498579928542293,0,0.206873557102869,0,0.0367619429090039,0.0498579928542293,0.0892790042075809,0.0367619429090039,0.0367619429090039,0,0,0.0280132767810044,0.053628690703256,0.0892790042075809,0,0.0367619429090039,0.0498579928542293,0.0892790042075809,0.0220824020542819,0,0.10162667835798,0.0680322436110106,0.0152223787564515,0.053628690703256,0.0892790042075809,0.0220824020542819,0,0,0.0680322436110106,0.323546929785103,0,0.125202196225305,0,0,0,0,0.0892790042075809,0.0892790042075809,0,0.0280132767810044,0.1210836969317,0.0892790042075809,0,0.0680322436110106,0,0.0680322436110106,0.0892790042075809,0.10162667835798,0,0,0,0,0,0.255046685284169,0.0367619429090039,0,0.0367619429090039,0.0280132767810044,0,0,0,0.0498579928542293,0,0,0,0,0,0,0.0498579928542293,0.0367619429090039,0.0498579928542293,0.0498579928542293,0.0498579928542293,0,0.0280132767810044,0,0,0,0.0892790042075809,0,0,0,0,0,0,0.0220824020542819,0.0571619052854071,0,0.0892790042075809,0,0.0892790042075809,0.0220824020542819,0,0.0498579928542293,0,0,0.0680322436110106,0.0367619429090039,0.1210836969317,0,0,0.252111291343699,0,0.0892790042075809,0,0,0.0180216412275933,0,0.0892790042075809,0,0,0.0975589148393219,0.0119366441992466,0.0180216412275933,0.0180216412275933,0.468554246939164,0.395774731323091,0.0892790042075809,0,0,0,0,0,0,0.0220824020542819,0,0,0,0,0,0.0680322436110106,0,0.0680322436110106,0.0892790042075809,0,0.0680322436110106,0.053628690703256,0.0680322436110106,0,0.0280132767810044,0,0.0180216412275933,0,0,0.0220824020542819,0.0571619052854071,0.0692741039531869,0,0,0.0680322436110106,0,0,0.0367619429090039,0.0800775472624232,0,0.255046685284169,0.255046685284169,0,0,0,0,0,0,0,0,0,0.1210836969317,0,0,0,1,0,0,0.0892790042075809,0,0.043766842981298,0,0.0680322436110106,0,0,0,0,0,0,0,0,0,0.0220824020542819,0.093363501668661,0,0,0,0,0,0,0.053628690703256,0.0280132767810044,0,0.0180216412275933,0.0367619429090039,0,0.0680347132176099,0,0,0,0,0,0,0.053628690703256,0,0,0,0,0,0.0892790042075809,0,0,0.043766842981298,0,0.490223176474009,0,0,0,0.093363501668661,0,0,0,0,0.0698989009481177,0,0.0367619429090039,0,0.468554246939164,0,0.0367619429090039,0.208145827939354,0,0,0.053628690703256,0.0680322436110106,0,0,0.0892790042075809,0,0,0.0367619429090039,0.323546929785103,0,0.255046685284169,0.0892790042075809,0,0,0,0,0,0,0,0,0,0,0,0,0,0,0,0,0.0180216412275933,0.0367619429090039,0.0892790042075809,0.093363501668661,0,0.0892790042075809,0,0,0,0
0,0,0,0,0,0,0,0,0,0,0,0,0,0,0,0,0,0,0,0,0,0,0,0,0,0,0,0,0,0,0,0,0,0,0,0,0,0,0,0,0,0,0,0,0,0,0,0,0,0,0,0,0,0,0,0,0,0,0,0,0,0,0,0,0,0,0,0,0,0,0,0,0,0,0,0,0,0,0,0,0,0,0,0,0,0,0,0,0,0,0,0,0,0,0,0,0,0,0,0,0,0,0,0,0,0,0,0,0,0,0,0,0,0,0,0,0,0,0,0,0,0,0,0,0,0,0,0,0,0,0,0,0,0,0,0,0,0,0,0,0,0,0,0,0,0,0,0,0,0,0,0,0,0,0,0,0,0,0,0,0,0,0,0,0,0,0,0,0,0,0,0,0,0,0,0,0,0,0,0,0,0,0,0,0,0,0,0,0,0,0,0,0,0,0,0,0,0,0,0,0,0,0,0,0,0,0,0,0,0,0,0,0,0,0,0,0,0,0,0,0,0,0,0,0,0,0,0,0,0,0,0,0,0,0,0,0,0,0,0,0,0,0,0,0,0,0,0,0,0,0,0,0,0,0,0,0,0,0,0,0,0,0,0,0,0,0,0,0,0,0,0,0,0,0,0,0,0,0,0,0,0,0,0,0,0,0,0,0,0,0,0,0,0,0,0,0,0,0,0,0,0,0,0,1,0,0,0,0,0,0,0,0,0,0,0,0,0,0,0,0,0,0,0,0,0,0,0,0,0,0,0,0,0,0,0,0,0,0,0,0,0,0,0,0,0,0,0,0,0,0,0,0,0,0,0,0,0,0,0,0,0,0,0,0,0,0,0,0,0,0,0,0,0,0,0,0,0,0,0,0,0,0,0,0,0,0,0,0,0,0,0,0,0,0,0,0,0,0,0,0,0,0,0,0,0,0,0,0
0,0,0,0,0,0,0,0,0,0,0,0,0,0,0,0,0,0,0,0,0,0,0,0,0,0,0,0,0,0,0,0,0,0,0,0,0,0,0,0,0,0,0,0,0,0,0,0,0,0,0,0,0,0,0,0,0,0,0,0,0,0,0,0,0,0,0,0,0,0,0,0,0,0,0,0,0,0,0,0,0,0,0,0,0,0,0,0,0,0,0,0,0,0,0,0,0,0,0,0,0,0,0,0,0,0,0,0,0,0,0,0,0,0,0,0,0,0,0,0,0,0,0,0,0,0,0,0,0,0,0,0,0,0,0,0,0,0,0,0,0,0,0,0,0,0,0,0,0,0,0,0,0,0,0,0,0,0,0,0,0,0,0,0,0,0,0,0,0,0,0,0,0,0,0,0,0,0,0,0,0,0,0,0,0,0,0,0,0,0,0,0,0,0,0,0,0,0,0,0,0,0,0,0,0,0,0,0,0,0,0,0,0,0,0,0,0,0,0,0,0,0,0,0,0,0,0,0,0,0,0,0,0,0,0,0,0,0,0,0,0,0,0,0,0,0,0,0,0,0,0,0,0,0,0,0,0,0,0,0,0,0,0,0,0,0,0,0,0,0,0,0,0,0,0,0,0,0,0,0,0,0,0,0,0,0,0,0,0,0,0,0,0,0,0,0,0,0,0,0,0,0,0,0,0,1,0,0,0,0,0,0,0,0,0,0,0,0,0,0,0,0,0,0,0,0,0,0,0,0,0,0,0,0,0,0,0,0,0,0,0,0,0,0,0,0,0,0,0,0,0,0,0,0,0,0,0,0,0,0,0,0,0,0,0,0,0,0,0,0,0,0,0,0,0,0,0,0,0,0,0,0,0,0,0,0,0,0,0,0,0,0,0,0,0,0,0,0,0,0,0,0,0,0,0,0,0,0,0
0,0.173472727049999,0,0.0571439257166366,0.128249502550101,0.115648378688694,0.0571439257166366,0.0714299464323527,0,0,0,0.138778105311832,0.0476199206365212,0.138778105311832,0,0.0714299464323527,0.173472727049999,0.115648378688694,0.226732089065557,0.0367619429090039,0.0571439257166366,0.0571439257166366,0,0.173472727049999,0.0571439257166366,0.041172338956928,0.041172338956928,0.0476199206365212,0,0,0,0,0.128249502550101,0.0892790042075809,0.0892790042075809,0.138778105311832,0,0,0.138778105311832,0.173472727049999,0,0,0,0.0476199206365212,0,0,0.106635281577545,0,0,0.0999899660382537,0,0,0.115648378688694,0,0.0571439257166366,0,0,0,0.0714299464323527,0,0,0.138778105311832,0.128249502550101,0,0,0.0571439257166366,0.138778105311832,0.0571439257166366,0.0819002213950383,0.0767921451378269,0.0714299464323527,0.138778105311832,0,0,0,0.106635281577545,0.0714299464323527,0.0714299464323527,0,0.0571439257166366,0,0,0.0571439257166366,0,0.0571439257166366,0.0337236205744276,0.138778105311832,0,0.115648378688694,0,0.128249502550101,0.0571439257166366,0,0,0,0,0.0571439257166366,0,0,0,0,0,0,0.0999899660382537,0.0337236205744276,0.0367619429090039,0,0.132392281936114,0,0.0819002213950383,0,0,0,0,0,0.0767921451378269,0,0.138778105311832,0.115648378688694,0.115648378688694,0.115648378688694,0,0.115648378688694,0.0933602719681705,0,0,0,0,0,0,0.0999899660382537,0,0.128249502550101,0.0714299464323527,0,0.115648378688694,0,0.0571439257166366,0.0714299464323527,0.138778105311832,0.0571439257166366,0.0571439257166366,0,0,0.0476199206365212,0.0999899660382537,0.138778105311832,0,0.0571439257166366,0.0714299464323527,0.138778105311832,0.041172338956928,0,0.128249502550101,0.115648378688694,0.0337236205744276,0.0999899660382537,0.138778105311832,0.041172338956928,0,0,0.115648378688694,0.115648378688694,0,0.115648378688694,0,0,0,0,0.138778105311832,0.138778105311832,0,0.0476199206365212,0.173472727049999,0.138778105311832,0,0.115648378688694,0,0.115648378688694,0.138778105311832,0.128249502550101,0,0,0,0,0,0.0999899660382537,0.0571439257166366,0,0.0571439257166366,0.0476199206365212,0,0,0,0.0714299464323527,0,0,0,0,0,0,0.0714299464323527,0.0571439257166366,0.0714299464323527,0.0714299464323527,0.0714299464323527,0,0.0476199206365212,0,0,0,0.138778105311832,0,0,0,0,0,0,0.041172338956928,0.0965076580784755,0,0.138778105311832,0,0.138778105311832,0.041172338956928,0,0.0714299464323527,0,0,0.115648378688694,0.0571439257166366,0.173472727049999,0,0,0.0892681146452845,0,0.138778105311832,0,0,0.0367619429090039,0,0.138778105311832,0,0,0.0892681146452845,0.0301593188641145,0.0367619429090039,0.0367619429090039,0.0892790042075809,0.0819002213950383,0.138778105311832,0,0,0,0,0,0,0.041172338956928,0,0,0,0,0,0.115648378688694,0,0.115648378688694,0.138778105311832,0,0.115648378688694,0.0999899660382537,0.115648378688694,0,0.0476199206365212,0,0.0367619429090039,0,0,0.041172338956928,0.0965076580784755,0.106635281577545,0,0,0.115648378688694,0,0,0.0571439257166366,0.118649138482538,0,0.0999899660382537,0.0999899660382537,0,0,0,0,0,0,0,0,0,0.173472727049999,0,0,0,0.0892790042075809,0,0,1,0,0.0892790042075809,0,0.115648378688694,0,0,0,0,0,0,0,0,0,0.041172338956928,0.132392281936114,0,0,0,0,0,0,0.0999899660382537,0.0476199206365212,0,0.0367619429090039,0.0571439257166366,0,0.0819002213950383,0,0,0,0,0,0,0.0999899660382537,0,0,0,0,0,0.138778105311832,0,0,0.0892790042075809,0,0.115648378688694,0,0,0,0.132392281936114,0,0,0,0,0.0933602719681705,0,0.0571439257166366,0,0.0892790042075809,0,0.0571439257166366,0.0892790042075809,0,0,0.0999899660382537,0.115648378688694,0,0,0.138778105311832,0,0,0.0571439257166366,0.115648378688694,0,0.0999899660382537,0.138778105311832,0,0,0,0,0,0,0,0,0,0,0,0,0,0,0,0,0.0367619429090039,0.0571439257166366,0.138778105311832,0.132392281936114,0,0.138778105311832,0,0,0,0
0,0,0,0,0,0,0,0,0,0,0,0,0,0,0,0,0,0,0,0,0,0,0,0,0,0,0,0,0,0,0,0,0,0,0,0,0,0,0,0,0,0,0,0,0,0,0,0,0,0,0,0,0,0,0,0,0,0,0,0,0,0,0,0,0,0,0,0,0,0,0,0,0,0,0,0,0,0,0,0,0,0,0,0,0,0,0,0,0,0,0,0,0,0,0,0,0,0,0,0,0,0,0,0,0,0,0,0,0,0,0,0,0,0,0,0,0,0,0,0,0,0,0,0,0,0,0,0,0,0,0,0,0,0,0,0,0,0,0,0,0,0,0,0,0,0,0,0,0,0,0,0,0,0,0,0,0,0,0,0,0,0,0,0,0,0,0,0,0,0,0,0,0,0,0,0,0,0,0,0,0,0,0,0,0,0,0,0,0,0,0,0,0,0,0,0,0,0,0,0,0,0,0,0,0,0,0,0,0,0,0,0,0,0,0,0,0,0,0,0,0,0,0,0,0,0,0,0,0,0,0,0,0,0,0,0,0,0,0,0,0,0,0,0,0,0,0,0,0,0,0,0,0,0,0,0,0,0,0,0,0,0,0,0,0,0,0,0,0,0,0,0,0,0,0,0,0,0,0,0,0,0,0,0,0,0,0,0,0,0,0,0,0,0,0,0,0,0,0,0,0,0,0,0,0,0,0,1,0,0,0,0,0,0,0,0,0,0,0,0,0,0,0,0,0,0,0,0,0,0,0,0,0,0,0,0,0,0,0,0,0,0,0,0,0,0,0,0,0,0,0,0,0,0,0,0,0,0,0,0,0,0,0,0,0,0,0,0,0,0,0,0,0,0,0,0,0,0,0,0,0,0,0,0,0,0,0,0,0,0,0,0,0,0,0,0,0,0,0,0,0,0,0,0,0,0,0,0,0
0,0.1210836969317,0,0.0367619429090039,0.10162667835798,0.0680322436110106,0.0367619429090039,0.0498579928542293,0,0,0,0.0892790042075809,0.0280132767810044,0.0892790042075809,0,0.0498579928542293,0.1210836969317,0.0680322436110106,0.169754473731143,0.0180216412275933,0.0367619429090039,0.0367619429090039,0,0.1210836969317,0.0367619429090039,0.0220824020542819,0.0220824020542819,0.0280132767810044,0,0,0,0,0.10162667835798,0.043766842981298,0.043766842981298,0.0892790042075809,0,0,0.0892790042075809,0.1210836969317,0,0,0,0.0280132767810044,0,0,0.0692741039531869,0,0,0.0986948173446475,0,0,0.0680322436110106,0,0.0367619429090039,0,0,0,0.0498579928542293,0,0,0.0892790042075809,0.10162667835798,0,0,0.0367619429090039,0.0892790042075809,0.0367619429090039,0.0369686341228109,0.0322603740136931,0.0498579928542293,0.0892790042075809,0,0,0,0.0692741039531869,0.0498579928542293,0.0498579928542293,0,0.0367619429090039,0,0,0.0367619429090039,0,0.0367619429090039,0.0152223787564515,0.0892790042075809,0,0.0680322436110106,0,0.10162667835798,0.0367619429090039,0,0,0,0,0.0367619429090039,0,0,0,0,0,0,0.0986948173446475,0.0152223787564515,0.0180216412275933,0,0.171820225759973,0,0.0369686341228109,0,0,0,0,0,0.0322603740136931,0,0.0892790042075809,0.0680322436110106,0.0680322436110106,0.0680322436110106,0,0.490223176474009,0.0698989009481177,0,0,0,0,0,0,0.0986948173446475,0,0.10162667835798,0.0498579928542293,0,0.0680322436110106,0,0.0367619429090039,0.0498579928542293,0.0892790042075809,0.0367619429090039,0.0367619429090039,0,0,0.0280132767810044,0.053628690703256,0.0892790042075809,0,0.0367619429090039,0.0498579928542293,0.0892790042075809,0.0220824020542819,0,0.10162667835798,0.0680322436110106,0.0152223787564515,0.053628690703256,0.0892790042075809,0.0220824020542819,0,0,0.0680322436110106,0.0680322436110106,0,0.0680322436110106,0,0,0,0,0.0892790042075809,0.0892790042075809,0,0.0280132767810044,0.1210836969317,0.0892790042075809,0,0.0680322436110106,0,0.0680322436110106,0.0892790042075809,0.10162667835798,0,0,0,0,0,0.053628690703256,0.0367619429090039,0,0.0367619429090039,0.0280132767810044,0,0,0,0.0498579928542293,0,0,0,0,0,0,0.0498579928542293,0.0367619429090039,0.0498579928542293,0.0498579928542293,0.0498579928542293,0,0.0280132767810044,0,0,0,0.0892790042075809,0,0,0,0,0,0,0.0220824020542819,0.0571619052854071,0,0.0892790042075809,0,0.0892790042075809,0.0220824020542819,0,0.0498579928542293,0,0,0.0680322436110106,0.0367619429090039,0.1210836969317,0,0,0.0530114651410014,0,0.0892790042075809,0,0,0.0180216412275933,0,0.0892790042075809,0,0,0.0530114651410014,0.0119366441992466,0.0180216412275933,0.0180216412275933,0.043766842981298,0.0369686341228109,0.0892790042075809,0,0,0,0,0,0,0.0220824020542819,0,0,0,0,0,0.0680322436110106,0,0.0680322436110106,0.0892790042075809,0,0.125202196225305,0.053628690703256,0.0680322436110106,0,0.0280132767810044,0,0.0180216412275933,0,0,0.0220824020542819,0.0571619052854071,0.0692741039531869,0,0,0.125202196225305,0,0,0.0367619429090039,0.0800775472624232,0,0.053628690703256,0.053628690703256,0,0,0,0,0,0,0,0,0,0.1210836969317,0,0,0,0.043766842981298,0,0,0.0892790042075809,0,1,0,0.125202196225305,0,0,0,0,0,0,0,0,0,0.0220824020542819,0.093363501668661,0,0,0,0,0,0,0.053628690703256,0.0280132767810044,0,0.0180216412275933,0.0367619429090039,0,0.0369686341228109,0,0,0,0,0,0,0.0986948173446475,0,0,0,0,0,0.0892790042075809,0,0,0.0805457026294476,0,0.0680322436110106,0,0,0,0.171820225759973,0,0,0,0,0.0698989009481177,0,0.0367619429090039,0,0.043766842981298,0,0.0367619429090039,0.043766842981298,0,0,0.053628690703256,0.0680322436110106,0,0,0.0892790042075809,0,0,0.0367619429090039,0.0680322436110106,0,0.053628690703256,0.0892790042075809,0,0,0,0,0,0,0,0,0,0,0,0,0,0,0,0,0.0180216412275933,0.0367619429090039,0.0892790042075809,0.171820225759973,0,0.0892790042075809,0,0,0,0
0,0,0,0,0,0,0,0,0,0,0,0,0,0,0,0,0,0,0,0,0,0,0,0,0,0,0,0,0,0,0,0,0,0,0,0,0,0,0,0,0,0,0,0,0,0,0,0,0,0,0,0,0,0,0,0,0,0,0,0,0,0,0,0,0,0,0,0,0,0,0,0,0,0,0,0,0,0,0,0,0,0,0,0,0,0,0,0,0,0,0,0,0,0,0,0,0,0,0,0,0,0,0,0,0,0,0,0,0,0,0,0,0,0,0,0,0,0,0,0,0,0,0,0,0,0,0,0,0,0,0,0,0,0,0,0,0,0,0,0,0,0,0,0,0,0,0,0,0,0,0,0,0,0,0,0,0,0,0,0,0,0,0,0,0,0,0,0,0,0,0,0,0,0,0,0,0,0,0,0,0,0,0,0,0,0,0,0,0,0,0,0,0,0,0,0,0,0,0,0,0,0,0,0,0,0,0,0,0,0,0,0,0,0,0,0,0,0,0,0,0,0,0,0,0,0,0,0,0,0,0,0,0,0,0,0,0,0,0,0,0,0,0,0,0,0,0,0,0,0,0,0,0,0,0,0,0,0,0,0,0,0,0,0,0,0,0,0,0,0,0,0,0,0,0,0,0,0,0,0,0,0,0,0,0,0,0,0,0,0,0,0,0,0,0,0,0,0,0,0,0,0,0,0,0,0,0,0,0,1,0,0,0,0,0,0,0,0,0,0,0,0,0,0,0,0,0,0,0,0,0,0,0,0,0,0,0,0,0,0,0,0,0,0,0,0,0,0,0,0,0,0,0,0,0,0,0,0,0,0,0,0,0,0,0,0,0,0,0,0,0,0,0,0,0,0,0,0,0,0,0,0,0,0,0,0,0,0,0,0,0,0,0,0,0,0,0,0,0,0,0,0,0,0,0,0,0,0,0
0,0.148976520421494,0,0.0476199206365212,0.115768709113422,0.093408272931481,0.0476199206365212,0.0613432731147329,0,0,0,0.115648378688694,0.0384622300306098,0.115648378688694,0,0.0613432731147329,0.148976520421494,0.093408272931481,0.200063521369343,0.0280132767810044,0.0476199206365212,0.0476199206365212,0,0.148976520421494,0.0476199206365212,0.0322586368373393,0.0322586368373393,0.0384622300306098,0,0,0,0,0.115768709113422,0.0680322436110106,0.0680322436110106,0.115648378688694,0,0,0.115648378688694,0.148976520421494,0,0,0,0.0384622300306098,0,0,0.0892681146452845,0,0,0.564515588188714,0,0,0.093408272931481,0,0.0476199206365212,0,0,0,0.0613432731147329,0,0,0.115648378688694,0.115768709113422,0,0,0.0476199206365212,0.115648378688694,0.0476199206365212,0.0609274353162256,0.0560080001931739,0.0613432731147329,0.115648378688694,0,0,0,0.0892681146452845,0.0613432731147329,0.0613432731147329,0,0.0476199206365212,0,0,0.0476199206365212,0,0.0476199206365212,0.0250877674831517,0.115648378688694,0,0.093408272931481,0,0.115768709113422,0.0476199206365212,0,0,0,0,0.0476199206365212,0,0,0,0,0,0,0.372579865945962,0.0250877674831517,0.0280132767810044,0,0.347391505530755,0,0.0609274353162256,0,0,0,0,0,0.0560080001931739,0,0.115648378688694,0.093408272931481,0.093408272931481,0.093408272931481,0,0.171902619932726,0.0823790970344355,0,0,0,0,0,0,0.564515588188714,0,0.115768709113422,0.0613432731147329,0,0.093408272931481,0,0.0476199206365212,0.0613432731147329,0.115648378688694,0.0476199206365212,0.0476199206365212,0,0,0.0384622300306098,0.078342403747824,0.115648378688694,0,0.0476199206365212,0.0613432731147329,0.115648378688694,0.0322586368373393,0,0.115768709113422,0.093408272931481,0.0250877674831517,0.078342403747824,0.115648378688694,0.0322586368373393,0,0,0.093408272931481,0.093408272931481,0,0.093408272931481,0,0,0,0,0.115648378688694,0.115648378688694,0,0.0384622300306098,0.148976520421494,0.115648378688694,0,0.093408272931481,0,0.093408272931481,0.115648378688694,0.115768709113422,0,0,0,0,0,0.078342403747824,0.0476199206365212,0,0.0476199206365212,0.0384622300306098,0,0,0,0.0613432731147329,0,0,0,0,0,0,0.0613432731147329,0.0476199206365212,0.0613432731147329,0.0613432731147329,0.0613432731147329,0,0.0384622300306098,0,0,0,0.115648378688694,0,0,0,0,0,0,0.0322586368373393,0.0781973600772233,0,0.115648378688694,0,0.115648378688694,0.0322586368373393,0,0.0613432731147329,0,0,0.093408272931481,0.0476199206365212,0.148976520421494,0,0,0.0724188282515526,0,0.115648378688694,0,0,0.0280132767810044,0,0.115648378688694,0,0,0.0724188282515526,0.0216548926727131,0.0280132767810044,0.0280132767810044,0.0680322436110106,0.0609274353162256,0.115648378688694,0,0,0,0,0,0,0.0322586368373393,0,0,0,0,0,0.093408272931481,0,0.093408272931481,0.115648378688694,0,1,0.078342403747824,0.093408272931481,0,0.0384622300306098,0,0.0280132767810044,0,0,0.0322586368373393,0.0781973600772233,0.0892681146452845,0,0,1,0,0,0.0476199206365212,0.100712305912714,0,0.078342403747824,0.078342403747824,0,0,0,0,0,0,0,0,0,0.148976520421494,0,0,0,0.0680322436110106,0,0,0.115648378688694,0,0.125202196225305,0,1,0,0,0,0,0,0,0,0,0,0.0322586368373393,0.114242844100718,0,0,0,0,0,0,0.078342403747824,0.0384622300306098,0,0.0280132767810044,0.0476199206365212,0,0.0609274353162256,0,0,0,0,0,0,0.564515588188714,0,0,0,0,0,0.115648378688694,0,0,0.323546929785103,0,0.093408272931481,0,0,0,0.347391505530755,0,0,0,0,0.0823790970344355,0,0.0476199206365212,0,0.0680322436110106,0,0.0476199206365212,0.0680322436110106,0,0,0.078342403747824,0.093408272931481,0,0,0.115648378688694,0,0,0.0476199206365212,0.093408272931481,0,0.078342403747824,0.115648378688694,0,0,0,0,0,0,0,0,0,0,0,0,0,0,0,0,0.0280132767810044,0.0476199206365212,0.115648378688694,0.347391505530755,0,0.115648378688694,0,0,0,0
0,0,0,0,0,0,0,0,0,0,0,0,0,0,0,0,0,0,0,0,0,0,0,0,0,0,0,0,0,0,0,0,0,0,0,0,0,0,0,0,0,0,0,0,0,0,0,0,0,0,0,0,0,0,0,0,0,0,0,0,0,0,0,0,0,0,0,0,0,0,0,0,0,0,0,0,0,0,0,0,0,0,0,0,0,0,0,0,0,0,0,0,0,0,0,0,0,0,0,0,0,0,0,0,0,0,0,0,0,0,0,0,0,0,0,0,0,0,0,0,0,0,0,0,0,0,0,0,0,0,0,0,0,0,0,0,0,0,0,0,0,0,0,0,0,0,0,0,0,0,0,0,0,0,0,0,0,0,0,0,0,0,0,0,0,0,0,0,0,0,0,0,0,0,0,0,0,0,0,0,0,0,0,0,0,0,0,0,0,0,0,0,0,0,0,0,0,0,0,0,0,0,0,0,0,0,0,0,0,0,0,0,0,0,0,0,0,0,0,0,0,0,0,0,0,0,0,0,0,0,0,0,0,0,0,0,0,0,0,0,0,0,0,0,0,0,0,0,0,0,0,0,0,0,0,0,0,0,0,0,0,0,0,0,0,0,0,0,0,0,0,0,0,0,0,0,0,0,0,0,0,0,0,0,0,0,0,0,0,0,0,0,0,0,0,0,0,0,0,0,0,0,0,0,0,0,0,0,0,0,0,1,0,0,0,0,0,0,0,0,0,0,0,0,0,0,0,0,0,0,0,0,0,0,0,0,0,0,0,0,0,0,0,0,0,0,0,0,0,0,0,0,0,0,0,0,0,0,0,0,0,0,0,0,0,0,0,0,0,0,0,0,0,0,0,0,0,0,0,0,0,0,0,0,0,0,0,0,0,0,0,0,0,0,0,0,0,0,0,0,0,0,0,0,0,0,0,0,0
0,0,0,0,0,0,0,0,0,0,0,0,0,0,0,0,0,0,0,0,0,0,0,0,0,0,0,0,0,0,0,0,0,0,0,0,0,0,0,0,0,0,0,0,0,0,0,0,0,0,0,0,0,0,0,0,0,0,0,0,0,0,0,0,0,0,0,0,0,0,0,0,0,0,0,0,0,0,0,0,0,0,0,0,0,0,0,0,0,0,0,0,0,0,0,0,0,0,0,0,0,0,0,0,0,0,0,0,0,0,0,0,0,0,0,0,0,0,0,0,0,0,0,0,0,0,0,0,0,0,0,0,0,0,0,0,0,0,0,0,0,0,0,0,0,0,0,0,0,0,0,0,0,0,0,0,0,0,0,0,0,0,0,0,0,0,0,0,0,0,0,0,0,0,0,0,0,0,0,0,0,0,0,0,0,0,0,0,0,0,0,0,0,0,0,0,0,0,0,0,0,0,0,0,0,0,0,0,0,0,0,0,0,0,0,0,0,0,0,0,0,0,0,0,0,0,0,0,0,0,0,0,0,0,0,0,0,0,0,0,0,0,0,0,0,0,0,0,0,0,0,0,0,0,0,0,0,0,0,0,0,0,0,0,0,0,0,0,0,0,0,0,0,0,0,0,0,0,0,0,0,0,0,0,0,0,0,0,0,0,0,0,0,0,0,0,0,0,0,0,0,0,0,0,0,0,0,0,0,0,0,0,1,0,0,0,0,0,0,0,0,0,0,0,0,0,0,0,0,0,0,0,0,0,0,0,0,0,0,0,0,0,0,0,0,0,0,0,0,0,0,0,0,0,0,0,0,0,0,0,0,0,0,0,0,0,0,0,0,0,0,0,0,0,0,0,0,0,0,0,0,0,0,0,0,0,0,0,0,0,0,0,0,0,0,0,0,0,0,0,0,0,0,0,0,0,0,0,0
0,0,0,0,0,0,0,0,0,0,0,0,0,0,0,0,0,0,0,0,0,0,0,0,0,0,0,0,0,0,0,0,0,0,0,0,0,0,0,0,0,0,0,0,0,0,0,0,0,0,0,0,0,0,0,0,0,0,0,0,0,0,0,0,0,0,0,0,0,0,0,0,0,0,0,0,0,0,0,0,0,0,0,0,0,0,0,0,0,0,0,0,0,0,0,0,0,0,0,0,0,0,0,0,0,0,0,0,0,0,0,0,0,0,0,0,0,0,0,0,0,0,0,0,0,0,0,0,0,0,0,0,0,0,0,0,0,0,0,0,0,0,0,0,0,0,0,0,0,0,0,0,0,0,0,0,0,0,0,0,0,0,0,0,0,0,0,0,0,0,0,0,0,0,0,0,0,0,0,0,0,0,0,0,0,0,0,0,0,0,0,0,0,0,0,0,0,0,0,0,0,0,0,0,0,0,0,0,0,0,0,0,0,0,0,0,0,0,0,0,0,0,0,0,0,0,0,0,0,0,0,0,0,0,0,0,0,0,0,0,0,0,0,0,0,0,0,0,0,0,0,0,0,0,0,0,0,0,0,0,0,0,0,0,0,0,0,0,0,0,0,0,0,0,0,0,0,0,0,0,0,0,0,0,0,0,0,0,0,0,0,0,0,0,0,0,0,0,0,0,0,0,0,0,0,0,0,0,0,0,0,0,0,1,0,0,0,0,0,0,0,0,0,0,0,0,0,0,0,0,0,0,0,0,0,0,0,0,0,0,0,0,0,0,0,0,0,0,0,0,0,0,0,0,0,0,0,0,0,0,0,0,0,0,0,0,0,0,0,0,0,0,0,0,0,0,0,0,0,0,0,0,0,0,0,0,0,0,0,0,0,0,0,0,0,0,0,0,0,0,0,0,0,0,0,0,0,0,0
0,0,0,0,0,0,0,0,0,0,0,0,0,0,0,0,0,0,0,0,0,0,0,0,0,0,0,0,0,0,0,0,0,0,0,0,0,0,0,0,0,0,0,0,0,0,0,0,0,0,0,0,0,0,0,0,0,0,0,0,0,0,0,0,0,0,0,0,0,0,0,0,0,0,0,0,0,0,0,0,0,0,0,0,0,0,0,0,0,0,0,0,0,0,0,0,0,0,0,0,0,0,0,0,0,0,0,0,0,0,0,0,0,0,0,0,0,0,0,0,0,0,0,0,0,0,0,0,0,0,0,0,0,0,0,0,0,0,0,0,0,0,0,0,0,0,0,0,0,0,0,0,0,0,0,0,0,0,0,0,0,0,0,0,0,0,0,0,0,0,0,0,0,0,0,0,0,0,0,0,0,0,0,0,0,0,0,0,0,0,0,0,0,0,0,0,0,0,0,0,0,0,0,0,0,0,0,0,0,0,0,0,0,0,0,0,0,0,0,0,0,0,0,0,0,0,0,0,0,0,0,0,0,0,0,0,0,0,0,0,0,0,0,0,0,0,0,0,0,0,0,0,0,0,0,0,0,0,0,0,0,0,0,0,0,0,0,0,0,0,0,0,0,0,0,0,0,0,0,0,0,0,0,0,0,0,0,0,0,0,0,0,0,0,0,0,0,0,0,0,0,0,0,0,0,0,0,0,0,0,0,0,0,0,1,0,0,0,0,0,0,0,0,0,0,0,0,0,0,0,0,0,0,0,0,0,0,0,0,0,0,0,0,0,0,0,0,0,0,0,0,0,0,0,0,0,0,0,0,0,0,0,0,0,0,0,0,0,0,0,0,0,0,0,0,0,0,0,0,0,0,0,0,0,0,0,0,0,0,0,0,0,0,0,0,0,0,0,0,0,0,0,0,0,0,0,0,0,0
0,0,0,0,0,0,0,0,0,0,0,0,0,0,0,0,0,0,0,0,0,0,0,0,0,0,0,0,0,0,0,0,0,0,0,0,0,0,0,0,0,0,0,0,0,0,0,0,0,0,0,0,0,0,0,0,0,0,0,0,0,0,0,0,0,0,0,0,0,0,0,0,0,0,0,0,0,0,0,0,0,0,0,0,0,0,0,0,0,0,0,0,0,0,0,0,0,0,0,0,0,0,0,0,0,0,0,0,0,0,0,0,0,0,0,0,0,0,0,0,0,0,0,0,0,0,0,0,0,0,0,0,0,0,0,0,0,0,0,0,0,0,0,0,0,0,0,0,0,0,0,0,0,0,0,0,0,0,0,0,0,0,0,0,0,0,0,0,0,0,0,0,0,0,0,0,0,0,0,0,0,0,0,0,0,0,0,0,0,0,0,0,0,0,0,0,0,0,0,0,0,0,0,0,0,0,0,0,0,0,0,0,0,0,0,0,0,0,0,0,0,0,0,0,0,0,0,0,0,0,0,0,0,0,0,0,0,0,0,0,0,0,0,0,0,0,0,0,0,0,0,0,0,0,0,0,0,0,0,0,0,0,0,0,0,0,0,0,0,0,0,0,0,0,0,0,0,0,0,0,0,0,0,0,0,0,0,0,0,0,0,0,0,0,0,0,0,0,0,0,0,0,0,0,0,0,0,0,0,0,0,0,0,0,0,1,0,0,0,0,0,0,0,0,0,0,0,0,0,0,0,0,0,0,0,0,0,0,0,0,0,0,0,0,0,0,0,0,0,0,0,0,0,0,0,0,0,0,0,0,0,0,0,0,0,0,0,0,0,0,0,0,0,0,0,0,0,0,0,0,0,0,0,0,0,0,0,0,0,0,0,0,0,0,0,0,0,0,0,0,0,0,0,0,0,0,0,0,0
0,0,0,0,0,0,0,0,0,0,0,0,0,0,0,0,0,0,0,0,0,0,0,0,0,0,0,0,0,0,0,0,0,0,0,0,0,0,0,0,0,0,0,0,0,0,0,0,0,0,0,0,0,0,0,0,0,0,0,0,0,0,0,0,0,0,0,0,0,0,0,0,0,0,0,0,0,0,0,0,0,0,0,0,0,0,0,0,0,0,0,0,0,0,0,0,0,0,0,0,0,0,0,0,0,0,0,0,0,0,0,0,0,0,0,0,0,0,0,0,0,0,0,0,0,0,0,0,0,0,0,0,0,0,0,0,0,0,0,0,0,0,0,0,0,0,0,0,0,0,0,0,0,0,0,0,0,0,0,0,0,0,0,0,0,0,0,0,0,0,0,0,0,0,0,0,0,0,0,0,0,0,0,0,0,0,0,0,0,0,0,0,0,0,0,0,0,0,0,0,0,0,0,0,0,0,0,0,0,0,0,0,0,0,0,0,0,0,0,0,0,0,0,0,0,0,0,0,0,0,0,0,0,0,0,0,0,0,0,0,0,0,0,0,0,0,0,0,0,0,0,0,0,0,0,0,0,0,0,0,0,0,0,0,0,0,0,0,0,0,0,0,0,0,0,0,0,0,0,0,0,0,0,0,0,0,0,0,0,0,0,0,0,0,0,0,0,0,0,0,0,0,0,0,0,0,0,0,0,0,0,0,0,0,0,0,1,0,0,0,0,0,0,0,0,0,0,0,0,0,0,0,0,0,0,0,0,0,0,0,0,0,0,0,0,0,0,0,0,0,0,0,0,0,0,0,0,0,0,0,0,0,0,0,0,0,0,0,0,0,0,0,0,0,0,0,0,0,0,0,0,0,0,0,0,0,0,0,0,0,0,0,0,0,0,0,0,0,0,0,0,0,0,0,0,0,0,0,0
0,0,0,0,0,0,0,0,0,0,0,0,0,0,0,0,0,0,0,0,0,0,0,0,0,0,0,0,0,0,0,0,0,0,0,0,0,0,0,0,0,0,0,0,0,0,0,0,0,0,0,0,0,0,0,0,0,0,0,0,0,0,0,0,0,0,0,0,0,0,0,0,0,0,0,0,0,0,0,0,0,0,0,0,0,0,0,0,0,0,0,0,0,0,0,0,0,0,0,0,0,0,0,0,0,0,0,0,0,0,0,0,0,0,0,0,0,0,0,0,0,0,0,0,0,0,0,0,0,0,0,0,0,0,0,0,0,0,0,0,0,0,0,0,0,0,0,0,0,0,0,0,0,0,0,0,0,0,0,0,0,0,0,0,0,0,0,0,0,0,0,0,0,0,0,0,0,0,0,0,0,0,0,0,0,0,0,0,0,0,0,0,0,0,0,0,0,0,0,0,0,0,0,0,0,0,0,0,0,0,0,0,0,0,0,0,0,0,0,0,0,0,0,0,0,0,0,0,0,0,0,0,0,0,0,0,0,0,0,0,0,0,0,0,0,0,0,0,0,0,0,0,0,0,0,0,0,0,0,0,0,0,0,0,0,0,0,0,0,0,0,0,0,0,0,0,0,0,0,0,0,0,0,0,0,0,0,0,0,0,0,0,0,0,0,0,0,0,0,0,0,0,0,0,0,0,0,0,0,0,0,0,0,0,0,0,0,1,0,0,0,0,0,0,0,0,0,0,0,0,0,0,0,0,0,0,0,0,0,0,0,0,0,0,0,0,0,0,0,0,0,0,0,0,0,0,0,0,0,0,0,0,0,0,0,0,0,0,0,0,0,0,0,0,0,0,0,0,0,0,0,0,0,0,0,0,0,0,0,0,0,0,0,0,0,0,0,0,0,0,0,0,0,0,0,0,0,0,0
0,0,0,0,0,0,0,0,0,0,0,0,0,0,0,0,0,0,0,0,0,0,0,0,0,0,0,0,0,0,0,0,0,0,0,0,0,0,0,0,0,0,0,0,0,0,0,0,0,0,0,0,0,0,0,0,0,0,0,0,0,0,0,0,0,0,0,0,0,0,0,0,0,0,0,0,0,0,0,0,0,0,0,0,0,0,0,0,0,0,0,0,0,0,0,0,0,0,0,0,0,0,0,0,0,0,0,0,0,0,0,0,0,0,0,0,0,0,0,0,0,0,0,0,0,0,0,0,0,0,0,0,0,0,0,0,0,0,0,0,0,0,0,0,0,0,0,0,0,0,0,0,0,0,0,0,0,0,0,0,0,0,0,0,0,0,0,0,0,0,0,0,0,0,0,0,0,0,0,0,0,0,0,0,0,0,0,0,0,0,0,0,0,0,0,0,0,0,0,0,0,0,0,0,0,0,0,0,0,0,0,0,0,0,0,0,0,0,0,0,0,0,0,0,0,0,0,0,0,0,0,0,0,0,0,0,0,0,0,0,0,0,0,0,0,0,0,0,0,0,0,0,0,0,0,0,0,0,0,0,0,0,0,0,0,0,0,0,0,0,0,0,0,0,0,0,0,0,0,0,0,0,0,0,0,0,0,0,0,0,0,0,0,0,0,0,0,0,0,0,0,0,0,0,0,0,0,0,0,0,0,0,0,0,0,0,0,0,1,0,0,0,0,0,0,0,0,0,0,0,0,0,0,0,0,0,0,0,0,0,0,0,0,0,0,0,0,0,0,0,0,0,0,0,0,0,0,0,0,0,0,0,0,0,0,0,0,0,0,0,0,0,0,0,0,0,0,0,0,0,0,0,0,0,0,0,0,0,0,0,0,0,0,0,0,0,0,0,0,0,0,0,0,0,0,0,0,0,0
0,0,0,0,0,0,0,0,0,0,0,0,0,0,0,0,0,0,0,0,0,0,0,0,0,0,0,0,0,0,0,0,0,0,0,0,0,0,0,0,0,0,0,0,0,0,0,0,0,0,0,0,0,0,0,0,0,0,0,0,0,0,0,0,0,0,0,0,0,0,0,0,0,0,0,0,0,0,0,0,0,0,0,0,0,0,0,0,0,0,0,0,0,0,0,0,0,0,0,0,0,0,0,0,0,0,0,0,0,0,0,0,0,0,0,0,0,0,0,0,0,0,0,0,0,0,0,0,0,0,0,0,0,0,0,0,0,0,0,0,0,0,0,0,0,0,0,0,0,0,0,0,0,0,0,0,0,0,0,0,0,0,0,0,0,0,0,0,0,0,0,0,0,0,0,0,0,0,0,0,0,0,0,0,0,0,0,0,0,0,0,0,0,0,0,0,0,0,0,0,0,0,0,0,0,0,0,0,0,0,0,0,0,0,0,0,0,0,0,0,0,0,0,0,0,0,0,0,0,0,0,0,0,0,0,0,0,0,0,0,0,0,0,0,0,0,0,0,0,0,0,0,0,0,0,0,0,0,0,0,0,0,0,0,0,0,0,0,0,0,0,0,0,0,0,0,0,0,0,0,0,0,0,0,0,0,0,0,0,0,0,0,0,0,0,0,0,0,0,0,0,0,0,0,0,0,0,0,0,0,0,0,0,0,0,0,0,0,0,1,0,0,0,0,0,0,0,0,0,0,0,0,0,0,0,0,0,0,0,0,0,0,0,0,0,0,0,0,0,0,0,0,0,0,0,0,0,0,0,0,0,0,0,0,0,0,0,0,0,0,0,0,0,0,0,0,0,0,0,0,0,0,0,0,0,0,0,0,0,0,0,0,0,0,0,0,0,0,0,0,0,0,0,0,0,0,0,0,0
0,0.0545213728963117,0,0.041172338956928,0.107359912685637,0.0322586368373393,0.041172338956928,0.0545213728963117,0,0,0,0.041172338956928,0.0322586368373393,0.041172338956928,0,0.0545213728963117,0.0545213728963117,0.0322586368373393,0.074963219752206,0.053628690703256,0.0999899660382537,0.041172338956928,0,0.0545213728963117,0.0999899660382537,0.0636715268145186,0.0636715268145186,0.0322586368373393,0,0,0,0,0.107359912685637,0.0220824020542819,0.0220824020542819,0.041172338956928,0,0,0.041172338956928,0.0545213728963117,0,0,0,0.0322586368373393,0,0,0.0410485172746393,0,0,0.0262176875118606,0,0,0.0322586368373393,0,0.0999899660382537,0,0,0,0.0545213728963117,0,0,0.041172338956928,0.107359912685637,0,0,0.0999899660382537,0.041172338956928,0.041172338956928,0.0192321645820291,0.0172583557076123,0.132409048462471,0.041172338956928,0,0,0,0.0318790793130669,0.0545213728963117,0.0545213728963117,0,0.041172338956928,0,0,0.041172338956928,0,0.041172338956928,0.0467066854134993,0.041172338956928,0,0.0322586368373393,0,0.107359912685637,0.041172338956928,0,0,0,0,0.041172338956928,0,0,0,0,0,0,0.0262176875118606,0.0467066854134993,0.053628690703256,0,0.0419459661208335,0,0.0192321645820291,0,0,0,0,0,0.0172583557076123,0,0.041172338956928,0.0322586368373393,0.0322586368373393,0.0322586368373393,0,0.0322586368373393,0.074963219752206,0,0,0,0,0,0,0.0262176875118606,0,0.107359912685637,0.0545213728963117,0,0.0322586368373393,0,0.041172338956928,0.243677156414128,0.041172338956928,0.041172338956928,0.041172338956928,0,0,0.078342403747824,0.0262176875118606,0.041172338956928,0,0.041172338956928,0.0545213728963117,0.041172338956928,0.0636715268145186,0,0.107359912685637,0.0322586368373393,0.0467066854134993,0.0262176875118606,0.041172338956928,0.0636715268145186,0,0,0.0322586368373393,0.0322586368373393,0,0.0322586368373393,0,0,0,0,0.041172338956928,0.041172338956928,0,0.078342403747824,0.0545213728963117,0.041172338956928,0,0.0322586368373393,0,0.0322586368373393,0.041172338956928,0.107359912685637,0,0,0,0,0,0.0262176875118606,0.041172338956928,0,0.0999899660382537,0.0322586368373393,0,0,0,0.0545213728963117,0,0,0,0,0,0,0.0545213728963117,0.041172338956928,0.0545213728963117,0.0545213728963117,0.0545213728963117,0,0.0322586368373393,0,0,0,0.041172338956928,0,0,0,0,0,0,0.0636715268145186,0.0270640742074927,0,0.041172338956928,0,0.041172338956928,0.0636715268145186,0,0.0545213728963117,0,0,0.0322586368373393,0.041172338956928,0.0545213728963117,0,0,0.0250847842310818,0,0.041172338956928,0,0,0.053628690703256,0,0.041172338956928,0,0,0.0250847842310818,0.0385827403451829,0.053628690703256,0.053628690703256,0.0220824020542819,0.0192321645820291,0.041172338956928,0,0,0,0,0,0,0.0636715268145186,0,0,0,0,0,0.0322586368373393,0,0.0322586368373393,0.041172338956928,0,0.0322586368373393,0.0262176875118606,0.0322586368373393,0,0.078342403747824,0,0.053628690703256,0,0,0.0636715268145186,0.0270640742074927,0.0318790793130669,0,0,0.0322586368373393,0,0,0.041172338956928,0.0419459661208335,0,0.0262176875118606,0.0262176875118606,0,0,0,0,0,0,0,0,0,0.0545213728963117,0,0,0,0.0220824020542819,0,0,0.041172338956928,0,0.0220824020542819,0,0.0322586368373393,0,0,0,0,0,0,0,0,0,1,0.0419459661208335,0,0,0,0,0,0,0.0262176875118606,0.078342403747824,0,0.053628690703256,0.041172338956928,0,0.0192321645820291,0,0,0,0,0,0,0.0262176875118606,0,0,0,0,0,0.041172338956928,0,0,0.0220824020542819,0,0.0322586368373393,0,0,0,0.0419459661208335,0,0,0,0,0.074963219752206,0,0.041172338956928,0,0.0220824020542819,0,0.0999899660382537,0.0220824020542819,0,0,0.0262176875118606,0.0322586368373393,0,0,0.041172338956928,0,0,0.041172338956928,0.0322586368373393,0,0.0262176875118606,0.041172338956928,0,0,0,0,0,0,0,0,0,0,0,0,0,0,0,0,0.053628690703256,0.0999899660382537,0.041172338956928,0.0419459661208335,0,0.041172338956928,0,0,0,0
0,0.159332176574263,0,0.0545144690325174,0.108384549152341,0.114242844100718,0.0545144690325174,0.0656073668246963,0,0,0,0.132392281936114,0.0470411711002957,0.132392281936114,0,0.0656073668246963,0.159332176574263,0.114242844100718,0.368134817493502,0.0384437948047428,0.0545144690325174,0.0545144690325174,0,0.159332176574263,0.0545144690325174,0.0419459661208335,0.0419459661208335,0.0470411711002957,0,0,0,0,0.108384549152341,0.093363501668661,0.093363501668661,0.132392281936114,0,0,0.132392281936114,0.159332176574263,0,0,0,0.0470411711002957,0,0,0.107043163036001,0,0,0.101868774864881,0,0,0.114242844100718,0,0.0545144690325174,0,0,0,0.0656073668246963,0,0,0.132392281936114,0.108384549152341,0,0,0.0545144690325174,0.243646300369823,0.0545144690325174,0.0874847549747102,0.0834057617636217,0.0656073668246963,0.132392281936114,0,0,0,0.107043163036001,0.0656073668246963,0.0656073668246963,0,0.0545144690325174,0,0,0.0545144690325174,0,0.0545144690325174,0.0360231344013513,0.132392281936114,0,0.114242844100718,0,0.108384549152341,0.0545144690325174,0,0,0,0,0.0545144690325174,0,0,0,0,0,0,0.101868774864881,0.0360231344013513,0.0384437948047428,0,0.128260965201707,0,0.0874847549747102,0,0,0,0,0,0.0834057617636217,0,0.132392281936114,0.114242844100718,0.210245234101322,0.114242844100718,0,0.114242844100718,0.0823680641880438,0,0,0,0,0,0,0.101868774864881,0,0.108384549152341,0.0656073668246963,0,0.114242844100718,0,0.0545144690325174,0.0656073668246963,0.132392281936114,0.0545144690325174,0.0545144690325174,0,0,0.0470411711002957,0.101868774864881,0.132392281936114,0,0.0545144690325174,0.0656073668246963,0.132392281936114,0.0419459661208335,0,0.108384549152341,0.114242844100718,0.0360231344013513,0.101868774864881,0.132392281936114,0.0419459661208335,0,0,0.114242844100718,0.114242844100718,0,0.114242844100718,0,0,0,0,0.132392281936114,0.132392281936114,0,0.0470411711002957,0.159332176574263,0.132392281936114,0,0.114242844100718,0,0.114242844100718,0.132392281936114,0.108384549152341,0,0,0,0,0,0.101868774864881,0.0545144690325174,0,0.0545144690325174,0.0470411711002957,0,0,0,0.0656073668246963,0,0,0,0,0,0,0.0656073668246963,0.0545144690325174,0.0656073668246963,0.0656073668246963,0.0656073668246963,0,0.0470411711002957,0,0,0,0.132392281936114,0,0,0,0,0,0,0.0419459661208335,0.0987853465694616,0,0.132392281936114,0,0.132392281936114,0.0419459661208335,0,0.0656073668246963,0,0,0.114242844100718,0.0545144690325174,0.159332176574263,0,0,0.0926432048900211,0,0.132392281936114,0,0,0.0384437948047428,0,0.132392281936114,0,0,0.0926432048900211,0.0331750465663922,0.0384437948047428,0.0384437948047428,0.093363501668661,0.0874847549747102,0.132392281936114,0,0,0,0,0,0,0.0419459661208335,0,0,0,0,0,0.114242844100718,0,0.114242844100718,0.132392281936114,0,0.114242844100718,0.101868774864881,0.114242844100718,0,0.0470411711002957,0,0.0384437948047428,0,0,0.0419459661208335,0.0987853465694616,0.107043163036001,0,0,0.114242844100718,0,0,0.0545144690325174,0.288856627513088,0,0.101868774864881,0.101868774864881,0,0,0,0,0,0,0,0,0,0.159332176574263,0,0,0,0.093363501668661,0,0,0.132392281936114,0,0.093363501668661,0,0.114242844100718,0,0,0,0,0,0,0,0,0,0.0419459661208335,1,0,0,0,0,0,0,0.101868774864881,0.0470411711002957,0,0.0384437948047428,0.0545144690325174,0,0.0874847549747102,0,0,0,0,0,0,0.101868774864881,0,0,0,0,0,0.132392281936114,0,0,0.093363501668661,0,0.114242844100718,0,0,0,0.128260965201707,0,0,0,0,0.0823680641880438,0,0.0545144690325174,0,0.093363501668661,0,0.0545144690325174,0.093363501668661,0,0,0.101868774864881,0.114242844100718,0,0,0.132392281936114,0,0,0.0545144690325174,0.114242844100718,0,0.101868774864881,0.132392281936114,0,0,0,0,0,0,0,0,0,0,0,0,0,0,0,0,0.0384437948047428,0.0545144690325174,0.132392281936114,0.128260965201707,0,0.132392281936114,0,0,0,0
0,0,0,0,0,0,0,0,0,0,0,0,0,0,0,0,0,0,0,0,0,0,0,0,0,0,0,0,0,0,0,0,0,0,0,0,0,0,0,0,0,0,0,0,0,0,0,0,0,0,0,0,0,0,0,0,0,0,0,0,0,0,0,0,0,0,0,0,0,0,0,0,0,0,0,0,0,0,0,0,0,0,0,0,0,0,0,0,0,0,0,0,0,0,0,0,0,0,0,0,0,0,0,0,0,0,0,0,0,0,0,0,0,0,0,0,0,0,0,0,0,0,0,0,0,0,0,0,0,0,0,0,0,0,0,0,0,0,0,0,0,0,0,0,0,0,0,0,0,0,0,0,0,0,0,0,0,0,0,0,0,0,0,0,0,0,0,0,0,0,0,0,0,0,0,0,0,0,0,0,0,0,0,0,0,0,0,0,0,0,0,0,0,0,0,0,0,0,0,0,0,0,0,0,0,0,0,0,0,0,0,0,0,0,0,0,0,0,0,0,0,0,0,0,0,0,0,0,0,0,0,0,0,0,0,0,0,0,0,0,0,0,0,0,0,0,0,0,0,0,0,0,0,0,0,0,0,0,0,0,0,0,0,0,0,0,0,0,0,0,0,0,0,0,0,0,0,0,0,0,0,0,0,0,0,0,0,0,0,0,0,0,0,0,0,0,0,0,0,0,0,0,0,0,0,0,0,0,0,0,0,0,0,0,0,0,0,0,0,0,0,0,1,0,0,0,0,0,0,0,0,0,0,0,0,0,0,0,0,0,0,0,0,0,0,0,0,0,0,0,0,0,0,0,0,0,0,0,0,0,0,0,0,0,0,0,0,0,0,0,0,0,0,0,0,0,0,0,0,0,0,0,0,0,0,0,0,0,0,0,0,0,0,0,0,0,0,0,0,0,0,0,0,0,0,0,0,0,0
0,0,0,0,0,0,0,0,0,0,0,0,0,0,0,0,0,0,0,0,0,0,0,0,0,0,0,0,0,0,0,0,0,0,0,0,0,0,0,0,0,0,0,0,0,0,0,0,0,0,0,0,0,0,0,0,0,0,0,0,0,0,0,0,0,0,0,0,0,0,0,0,0,0,0,0,0,0,0,0,0,0,0,0,0,0,0,0,0,0,0,0,0,0,0,0,0,0,0,0,0,0,0,0,0,0,0,0,0,0,0,0,0,0,0,0,0,0,0,0,0,0,0,0,0,0,0,0,0,0,0,0,0,0,0,0,0,0,0,0,0,0,0,0,0,0,0,0,0,0,0,0,0,0,0,0,0,0,0,0,0,0,0,0,0,0,0,0,0,0,0,0,0,0,0,0,0,0,0,0,0,0,0,0,0,0,0,0,0,0,0,0,0,0,0,0,0,0,0,0,0,0,0,0,0,0,0,0,0,0,0,0,0,0,0,0,0,0,0,0,0,0,0,0,0,0,0,0,0,0,0,0,0,0,0,0,0,0,0,0,0,0,0,0,0,0,0,0,0,0,0,0,0,0,0,0,0,0,0,0,0,0,0,0,0,0,0,0,0,0,0,0,0,0,0,0,0,0,0,0,0,0,0,0,0,0,0,0,0,0,0,0,0,0,0,0,0,0,0,0,0,0,0,0,0,0,0,0,0,0,0,0,0,0,0,0,0,0,0,0,0,0,0,1,0,0,0,0,0,0,0,0,0,0,0,0,0,0,0,0,0,0,0,0,0,0,0,0,0,0,0,0,0,0,0,0,0,0,0,0,0,0,0,0,0,0,0,0,0,0,0,0,0,0,0,0,0,0,0,0,0,0,0,0,0,0,0,0,0,0,0,0,0,0,0,0,0,0,0,0,0,0,0,0,0,0,0,0,0
0,0,0,0,0,0,0,0,0,0,0,0,0,0,0,0,0,0,0,0,0,0,0,0,0,0,0,0,0,0,0,0,0,0,0,0,0,0,0,0,0,0,0,0,0,0,0,0,0,0,0,0,0,0,0,0,0,0,0,0,0,0,0,0,0,0,0,0,0,0,0,0,0,0,0,0,0,0,0,0,0,0,0,0,0,0,0,0,0,0,0,0,0,0,0,0,0,0,0,0,0,0,0,0,0,0,0,0,0,0,0,0,0,0,0,0,0,0,0,0,0,0,0,0,0,0,0,0,0,0,0,0,0,0,0,0,0,0,0,0,0,0,0,0,0,0,0,0,0,0,0,0,0,0,0,0,0,0,0,0,0,0,0,0,0,0,0,0,0,0,0,0,0,0,0,0,0,0,0,0,0,0,0,0,0,0,0,0,0,0,0,0,0,0,0,0,0,0,0,0,0,0,0,0,0,0,0,0,0,0,0,0,0,0,0,0,0,0,0,0,0,0,0,0,0,0,0,0,0,0,0,0,0,0,0,0,0,0,0,0,0,0,0,0,0,0,0,0,0,0,0,0,0,0,0,0,0,0,0,0,0,0,0,0,0,0,0,0,0,0,0,0,0,0,0,0,0,0,0,0,0,0,0,0,0,0,0,0,0,0,0,0,0,0,0,0,0,0,0,0,0,0,0,0,0,0,0,0,0,0,0,0,0,0,0,0,0,0,0,0,0,0,0,0,1,0,0,0,0,0,0,0,0,0,0,0,0,0,0,0,0,0,0,0,0,0,0,0,0,0,0,0,0,0,0,0,0,0,0,0,0,0,0,0,0,0,0,0,0,0,0,0,0,0,0,0,0,0,0,0,0,0,0,0,0,0,0,0,0,0,0,0,0,0,0,0,0,0,0,0,0,0,0,0,0,0,0,0,0
0,0,0,0,0,0,0,0,0,0,0,0,0,0,0,0,0,0,0,0,0,0,0,0,0,0,0,0,0,0,0,0,0,0,0,0,0,0,0,0,0,0,0,0,0,0,0,0,0,0,0,0,0,0,0,0,0,0,0,0,0,0,0,0,0,0,0,0,0,0,0,0,0,0,0,0,0,0,0,0,0,0,0,0,0,0,0,0,0,0,0,0,0,0,0,0,0,0,0,0,0,0,0,0,0,0,0,0,0,0,0,0,0,0,0,0,0,0,0,0,0,0,0,0,0,0,0,0,0,0,0,0,0,0,0,0,0,0,0,0,0,0,0,0,0,0,0,0,0,0,0,0,0,0,0,0,0,0,0,0,0,0,0,0,0,0,0,0,0,0,0,0,0,0,0,0,0,0,0,0,0,0,0,0,0,0,0,0,0,0,0,0,0,0,0,0,0,0,0,0,0,0,0,0,0,0,0,0,0,0,0,0,0,0,0,0,0,0,0,0,0,0,0,0,0,0,0,0,0,0,0,0,0,0,0,0,0,0,0,0,0,0,0,0,0,0,0,0,0,0,0,0,0,0,0,0,0,0,0,0,0,0,0,0,0,0,0,0,0,0,0,0,0,0,0,0,0,0,0,0,0,0,0,0,0,0,0,0,0,0,0,0,0,0,0,0,0,0,0,0,0,0,0,0,0,0,0,0,0,0,0,0,0,0,0,0,0,0,0,0,0,0,0,0,0,1,0,0,0,0,0,0,0,0,0,0,0,0,0,0,0,0,0,0,0,0,0,0,0,0,0,0,0,0,0,0,0,0,0,0,0,0,0,0,0,0,0,0,0,0,0,0,0,0,0,0,0,0,0,0,0,0,0,0,0,0,0,0,0,0,0,0,0,0,0,0,0,0,0,0,0,0,0,0,0,0,0,0,0
0,0,0,0,0,0,0,0,0,0,0,0,0,0,0,0,0,0,0,0,0,0,0,0,0,0,0,0,0,0,0,0,0,0,0,0,0,0,0,0,0,0,0,0,0,0,0,0,0,0,0,0,0,0,0,0,0,0,0,0,0,0,0,0,0,0,0,0,0,0,0,0,0,0,0,0,0,0,0,0,0,0,0,0,0,0,0,0,0,0,0,0,0,0,0,0,0,0,0,0,0,0,0,0,0,0,0,0,0,0,0,0,0,0,0,0,0,0,0,0,0,0,0,0,0,0,0,0,0,0,0,0,0,0,0,0,0,0,0,0,0,0,0,0,0,0,0,0,0,0,0,0,0,0,0,0,0,0,0,0,0,0,0,0,0,0,0,0,0,0,0,0,0,0,0,0,0,0,0,0,0,0,0,0,0,0,0,0,0,0,0,0,0,0,0,0,0,0,0,0,0,0,0,0,0,0,0,0,0,0,0,0,0,0,0,0,0,0,0,0,0,0,0,0,0,0,0,0,0,0,0,0,0,0,0,0,0,0,0,0,0,0,0,0,0,0,0,0,0,0,0,0,0,0,0,0,0,0,0,0,0,0,0,0,0,0,0,0,0,0,0,0,0,0,0,0,0,0,0,0,0,0,0,0,0,0,0,0,0,0,0,0,0,0,0,0,0,0,0,0,0,0,0,0,0,0,0,0,0,0,0,0,0,0,0,0,0,0,0,0,0,0,0,0,0,0,1,0,0,0,0,0,0,0,0,0,0,0,0,0,0,0,0,0,0,0,0,0,0,0,0,0,0,0,0,0,0,0,0,0,0,0,0,0,0,0,0,0,0,0,0,0,0,0,0,0,0,0,0,0,0,0,0,0,0,0,0,0,0,0,0,0,0,0,0,0,0,0,0,0,0,0,0,0,0,0,0,0,0
0,0,0,0,0,0,0,0,0,0,0,0,0,0,0,0,0,0,0,0,0,0,0,0,0,0,0,0,0,0,0,0,0,0,0,0,0,0,0,0,0,0,0,0,0,0,0,0,0,0,0,0,0,0,0,0,0,0,0,0,0,0,0,0,0,0,0,0,0,0,0,0,0,0,0,0,0,0,0,0,0,0,0,0,0,0,0,0,0,0,0,0,0,0,0,0,0,0,0,0,0,0,0,0,0,0,0,0,0,0,0,0,0,0,0,0,0,0,0,0,0,0,0,0,0,0,0,0,0,0,0,0,0,0,0,0,0,0,0,0,0,0,0,0,0,0,0,0,0,0,0,0,0,0,0,0,0,0,0,0,0,0,0,0,0,0,0,0,0,0,0,0,0,0,0,0,0,0,0,0,0,0,0,0,0,0,0,0,0,0,0,0,0,0,0,0,0,0,0,0,0,0,0,0,0,0,0,0,0,0,0,0,0,0,0,0,0,0,0,0,0,0,0,0,0,0,0,0,0,0,0,0,0,0,0,0,0,0,0,0,0,0,0,0,0,0,0,0,0,0,0,0,0,0,0,0,0,0,0,0,0,0,0,0,0,0,0,0,0,0,0,0,0,0,0,0,0,0,0,0,0,0,0,0,0,0,0,0,0,0,0,0,0,0,0,0,0,0,0,0,0,0,0,0,0,0,0,0,0,0,0,0,0,0,0,0,0,0,0,0,0,0,0,0,0,0,0,1,0,0,0,0,0,0,0,0,0,0,0,0,0,0,0,0,0,0,0,0,0,0,0,0,0,0,0,0,0,0,0,0,0,0,0,0,0,0,0,0,0,0,0,0,0,0,0,0,0,0,0,0,0,0,0,0,0,0,0,0,0,0,0,0,0,0,0,0,0,0,0,0,0,0,0,0,0,0,0,0,0
0,0.132409048462471,0,0.041172338956928,0.107359912685637,0.078342403747824,0.041172338956928,0.0545213728963117,0,0,0,0.0999899660382537,0.0322586368373393,0.0999899660382537,0,0.0545213728963117,0.132409048462471,0.078342403747824,0.182053533683929,0.0220824020542819,0.041172338956928,0.041172338956928,0,0.132409048462471,0.041172338956928,0.0262176875118606,0.0262176875118606,0.0322586368373393,0,0,0,0,0.107359912685637,0.053628690703256,0.053628690703256,0.0999899660382537,0,0,0.0999899660382537,0.132409048462471,0,0,0,0.0322586368373393,0,0,0.0774206211888767,0,0,0.0636715268145186,0,0,0.078342403747824,0,0.041172338956928,0,0,0,0.0545213728963117,0,0,0.0999899660382537,0.107359912685637,0,0,0.041172338956928,0.0999899660382537,0.041172338956928,0.0467066854134993,0.04191314957563,0.0545213728963117,0.0999899660382537,0,0,0,0.0774206211888767,0.0545213728963117,0.0545213728963117,0,0.041172338956928,0,0,0.041172338956928,0,0.041172338956928,0.0192321645820291,0.0999899660382537,0,0.372579865945962,0,0.107359912685637,0.041172338956928,0,0,0,0,0.041172338956928,0,0,0,0,0,0,0.0636715268145186,0.0192321645820291,0.0220824020542819,0,0.101868774864881,0,0.0467066854134993,0,0,0,0,0,0.04191314957563,0,0.0999899660382537,0.144176356477088,0.078342403747824,0.078342403747824,0,0.078342403747824,0.074963219752206,0,0,0,0,0,0,0.0636715268145186,0,0.107359912685637,0.0545213728963117,0,0.078342403747824,0,0.041172338956928,0.0545213728963117,0.0999899660382537,0.041172338956928,0.041172338956928,0,0,0.0322586368373393,0.117177011532601,0.304051121218363,0,0.041172338956928,0.0545213728963117,0.0999899660382537,0.0262176875118606,0,0.107359912685637,0.238224860376036,0.0192321645820291,0.0636715268145186,0.0999899660382537,0.0262176875118606,0,0,0.372579865945962,0.078342403747824,0,0.078342403747824,0,0,0,0,0.304051121218363,0.0999899660382537,0,0.0322586368373393,0.243677156414128,0.0999899660382537,0,0.078342403747824,0,0.078342403747824,0.0999899660382537,0.107359912685637,0,0,0,0,0,0.0636715268145186,0.041172338956928,0,0.041172338956928,0.0322586368373393,0,0,0,0.0545213728963117,0,0,0,0,0,0,0.0545213728963117,0.041172338956928,0.0545213728963117,0.0545213728963117,0.0545213728963117,0,0.0322586368373393,0,0,0,0.184015147583005,0,0,0,0,0,0,0.0262176875118606,0.0657270373610538,0,0.0999899660382537,0,0.184015147583005,0.0262176875118606,0,0.0545213728963117,0,0,0.078342403747824,0.041172338956928,0.132409048462471,0,0,0.438975515183739,0,0.0999899660382537,0,0,0.0220824020542819,0,0.0999899660382537,0,0,0.0609201902754844,0.0158870107303694,0.0220824020542819,0.0220824020542819,0.053628690703256,0.0467066854134993,0.0999899660382537,0,0,0,0,0,0,0.0262176875118606,0,0,0,0,0,0.078342403747824,0,0.078342403747824,0.0999899660382537,0,0.078342403747824,0.117177011532601,0.078342403747824,0,0.0322586368373393,0,0.0220824020542819,0,0,0.0262176875118606,0.0657270373610538,0.0774206211888767,0,0,0.078342403747824,0,0,0.041172338956928,0.0884831883993457,0,0.0636715268145186,0.0636715268145186,0,0,0,0,0,0,0,0,0,0.132409048462471,0,0,0,0.053628690703256,0,0,0.0999899660382537,0,0.053628690703256,0,0.078342403747824,0,0,0,0,0,0,0,0,0,0.0262176875118606,0.101868774864881,0,0,0,0,0,0,1,0.0322586368373393,0,0.0220824020542819,0.041172338956928,0,0.0467066854134993,0,0,0,0,0,0,0.0636715268145186,0,0,0,0,0,0.0999899660382537,0,0,0.053628690703256,0,0.078342403747824,0,0,0,0.101868774864881,0,0,0,0,0.074963219752206,0,0.041172338956928,0,0.053628690703256,0,0.041172338956928,0.053628690703256,0,0,0.0636715268145186,0.078342403747824,0,0,0.184015147583005,0,0,0.041172338956928,0.078342403747824,0,0.0636715268145186,0.184015147583005,0,0,0,0,0,0,0,0,0,0,0,0,0,0,0,0,0.0220824020542819,0.041172338956928,0.47553108355459,0.101868774864881,0,0.184015147583005,0,0,0,0
0,0.0613432731147329,0,0.0476199206365212,0.115768709113422,0.0384622300306098,0.0476199206365212,0.0613432731147329,0,0,0,0.0476199206365212,0.0384622300306098,0.0476199206365212,0,0.0613432731147329,0.0613432731147329,0.0384622300306098,0.0823790970344355,0.206873557102869,0.351665478053376,0.0476199206365212,0,0.0613432731147329,0.351665478053376,0.238224860376036,0.238224860376036,0.0384622300306098,0,0,0,0,0.115768709113422,0.0280132767810044,0.0280132767810044,0.0476199206365212,0,0,0.0476199206365212,0.0613432731147329,0,0,0,0.0384622300306098,0,0,0.046024045266946,0,0,0.0322586368373393,0,0,0.0384622300306098,0,0.351665478053376,0,0,0,0.0613432731147329,0,0,0.0476199206365212,0.115768709113422,0,0,0.351665478053376,0.0476199206365212,0.0476199206365212,0.0250877674831517,0.023062117726601,0.274166873716867,0.0476199206365212,0,0,0,0.0367574589715877,0.0613432731147329,0.0613432731147329,0,0.0476199206365212,0,0,0.0476199206365212,0,0.0476199206365212,0.185269140043217,0.0476199206365212,0,0.0384622300306098,0,0.115768709113422,0.0476199206365212,0,0,0,0,0.0476199206365212,0,0,0,0,0,0,0.0322586368373393,0.185269140043217,0.206873557102869,0,0.0470411711002957,0,0.0250877674831517,0,0,0,0,0,0.023062117726601,0,0.0476199206365212,0.0384622300306098,0.0384622300306098,0.0384622300306098,0,0.0384622300306098,0.0823790970344355,0,0,0,0,0,0,0.0322586368373393,0,0.115768709113422,0.0613432731147329,0,0.0384622300306098,0,0.0476199206365212,0.148976520421494,0.0476199206365212,0.0476199206365212,0.0476199206365212,0,0,1,0.0322586368373393,0.0476199206365212,0,0.0476199206365212,0.0613432731147329,0.0476199206365212,0.238224860376036,0,0.115768709113422,0.0384622300306098,0.185269140043217,0.0322586368373393,0.0476199206365212,0.238224860376036,0,0,0.0384622300306098,0.0384622300306098,0,0.0384622300306098,0,0,0,0,0.0476199206365212,0.0476199206365212,0,0.284037401363075,0.0613432731147329,0.0476199206365212,0,0.0384622300306098,0,0.0384622300306098,0.0476199206365212,0.115768709113422,0,0,0,0,0,0.0322586368373393,0.0476199206365212,0,0.351665478053376,0.0384622300306098,0,0,0,0.0613432731147329,0,0,0,0,0,0,0.0613432731147329,0.0476199206365212,0.0613432731147329,0.0613432731147329,0.0613432731147329,0,0.0384622300306098,0,0,0,0.0476199206365212,0,0,0,0,0,0,0.144176356477088,0.0321989129729743,0,0.0476199206365212,0,0.0476199206365212,0.238224860376036,0,0.0613432731147329,0,0,0.0384622300306098,0.0476199206365212,0.0613432731147329,0,0,0.0298195175153452,0,0.0476199206365212,0,0,0.206873557102869,0,0.0476199206365212,0,0,0.0298195175153452,0.159917910029103,0.206873557102869,0.206873557102869,0.0280132767810044,0.0250877674831517,0.0476199206365212,0,0,0,0,0,0,0.238224860376036,0,0,0,0,0,0.0384622300306098,0,0.0384622300306098,0.0476199206365212,0,0.0384622300306098,0.0322586368373393,0.0384622300306098,0,0.284037401363075,0,0.206873557102869,0,0,0.564515588188714,0.0321989129729743,0.0367574589715877,0,0,0.0384622300306098,0,0,0.0476199206365212,0.0470411711002957,0,0.0322586368373393,0.0322586368373393,0,0,0,0,0,0,0,0,0,0.0613432731147329,0,0,0,0.0280132767810044,0,0,0.0476199206365212,0,0.0280132767810044,0,0.0384622300306098,0,0,0,0,0,0,0,0,0,0.078342403747824,0.0470411711002957,0,0,0,0,0,0,0.0322586368373393,1,0,0.206873557102869,0.0476199206365212,0,0.0250877674831517,0,0,0,0,0,0,0.0322586368373393,0,0,0,0,0,0.0476199206365212,0,0,0.0280132767810044,0,0.0384622300306098,0,0,0,0.0470411711002957,0,0,0,0,0.0823790970344355,0,0.0476199206365212,0,0.0280132767810044,0,0.351665478053376,0.0280132767810044,0,0,0.0322586368373393,0.0384622300306098,0,0,0.0476199206365212,0,0,0.0476199206365212,0.0384622300306098,0,0.0322586368373393,0.0476199206365212,0,0,0,0,0,0,0,0,0,0,0,0,0,0,0,0,0.206873557102869,0.351665478053376,0.0476199206365212,0.0470411711002957,0,0.0476199206365212,0,0,0,0
0,0,0,0,0,0,0,0,0,0,0,0,0,0,0,0,0,0,0,0,0,0,0,0,0,0,0,0,0,0,0,0,0,0,0,0,0,0,0,0,0,0,0,0,0,0,0,0,0,0,0,0,0,0,0,0,0,0,0,0,0,0,0,0,0,0,0,0,0,0,0,0,0,0,0,0,0,0,0,0,0,0,0,0,0,0,0,0,0,0,0,0,0,0,0,0,0,0,0,0,0,0,0,0,0,0,0,0,0,0,0,0,0,0,0,0,0,0,0,0,0,0,0,0,0,0,0,0,0,0,0,0,0,0,0,0,0,0,0,0,0,0,0,0,0,0,0,0,0,0,0,0,0,0,0,0,0,0,0,0,0,0,0,0,0,0,0,0,0,0,0,0,0,0,0,0,0,0,0,0,0,0,0,0,0,0,0,0,0,0,0,0,0,0,0,0,0,0,0,0,0,0,0,0,0,0,0,0,0,0,0,0,0,0,0,0,0,0,0,0,0,0,0,0,0,0,0,0,0,0,0,0,0,0,0,0,0,0,0,0,0,0,0,0,0,0,0,0,0,0,0,0,0,0,0,0,0,0,0,0,0,0,0,0,0,0,0,0,0,0,0,0,0,0,0,0,0,0,0,0,0,0,0,0,0,0,0,0,0,0,0,0,0,0,0,0,0,0,0,0,0,0,0,0,0,0,0,0,0,0,0,0,0,0,0,0,0,0,0,0,0,0,0,0,0,0,0,0,0,0,1,0,0,0,0,0,0,0,0,0,0,0,0,0,0,0,0,0,0,0,0,0,0,0,0,0,0,0,0,0,0,0,0,0,0,0,0,0,0,0,0,0,0,0,0,0,0,0,0,0,0,0,0,0,0,0,0,0,0,0,0,0,0,0,0,0,0,0,0,0,0,0,0,0,0,0,0,0,0
0,0.0498579928542293,0,0.0367619429090039,0.10162667835798,0.0280132767810044,0.0367619429090039,0.0498579928542293,0,0,0,0.0367619429090039,0.0280132767810044,0.0367619429090039,0,0.0498579928542293,0.0498579928542293,0.0280132767810044,0.0698989009481177,0.468554246939164,0.271481053610807,0.0367619429090039,0,0.0498579928542293,0.271481053610807,0.163074998260921,0.163074998260921,0.0280132767810044,0,0,0,0,0.10162667835798,0.0180216412275933,0.0180216412275933,0.0367619429090039,0,0,0.0367619429090039,0.0498579928542293,0,0,0,0.0280132767810044,0,0,0.0376272683247983,0,0,0.0220824020542819,0,0,0.0280132767810044,0,0.271481053610807,0,0,0,0.0498579928542293,0,0,0.0367619429090039,0.10162667835798,0,0,0.271481053610807,0.0367619429090039,0.0367619429090039,0.0152223787564515,0.013283683417403,0.222834702756658,0.0367619429090039,0,0,0,0.0285246310395475,0.0498579928542293,0.0498579928542293,0,0.0367619429090039,0,0,0.0367619429090039,0,0.0367619429090039,0.11241482621018,0.0367619429090039,0,0.0280132767810044,0,0.10162667835798,0.0367619429090039,0,0,0,0,0.0367619429090039,0,0,0,0,0,0,0.0220824020542819,0.580614852075153,0.468554246939164,0,0.0384437948047428,0,0.0152223787564515,0,0,0,0,0,0.013283683417403,0,0.0367619429090039,0.0280132767810044,0.0280132767810044,0.0280132767810044,0,0.0280132767810044,0.0698989009481177,0,0,0,0,0,0,0.0220824020542819,0,0.10162667835798,0.0498579928542293,0,0.0280132767810044,0,0.0367619429090039,0.1210836969317,0.0367619429090039,0.0367619429090039,0.0367619429090039,0,0,0.206873557102869,0.0220824020542819,0.0367619429090039,0,0.0367619429090039,0.0498579928542293,0.0367619429090039,0.163074998260921,0,0.10162667835798,0.0280132767810044,0.266386646796648,0.0220824020542819,0.0367619429090039,0.163074998260921,0,0,0.0280132767810044,0.0280132767810044,0,0.0280132767810044,0,0,0,0,0.0367619429090039,0.0367619429090039,0,0.206873557102869,0.0498579928542293,0.0367619429090039,0,0.0280132767810044,0,0.0280132767810044,0.0367619429090039,0.10162667835798,0,0,0,0,0,0.0220824020542819,0.0367619429090039,0,0.271481053610807,0.0280132767810044,0,0,0,0.0498579928542293,0,0,0,0,0,0,0.0498579928542293,0.0367619429090039,0.0498579928542293,0.0498579928542293,0.0498579928542293,0,0.0280132767810044,0,0,0,0.0367619429090039,0,0,0,0,0,0,0.0986948173446475,0.0235372551175206,0,0.0367619429090039,0,0.0367619429090039,0.386434809603095,0,0.0498579928542293,0,0,0.0280132767810044,0.0367619429090039,0.0498579928542293,0,0,0.0218282503521771,0,0.0367619429090039,0,0,0.468554246939164,0,0.0367619429090039,0,0,0.0218282503521771,0.208887367284453,0.315372823998099,0.315372823998099,0.0180216412275933,0.0152223787564515,0.0367619429090039,0,0,0,0,0,0,0.163074998260921,0,0,0,0,0,0.0280132767810044,0,0.0280132767810044,0.0367619429090039,0,0.0280132767810044,0.0220824020542819,0.0280132767810044,0,0.323546929785103,0,0.133086930698233,0,0,0.163074998260921,0.0235372551175206,0.0285246310395475,0,0,0.0280132767810044,0,0,0.0367619429090039,0.0384437948047428,0,0.0220824020542819,0.0220824020542819,0,0,0,0,0,0,0,0,0,0.0498579928542293,0,0,0,0.0180216412275933,0,0,0.0367619429090039,0,0.0180216412275933,0,0.0280132767810044,0,0,0,0,0,0,0,0,0,0.053628690703256,0.0384437948047428,0,0,0,0,0,0,0.0220824020542819,0.206873557102869,0,1,0.0367619429090039,0,0.0152223787564515,0,0,0,0,0,0,0.0220824020542819,0,0,0,0,0,0.0367619429090039,0,0,0.0180216412275933,0,0.0280132767810044,0,0,0,0.0384437948047428,0,0,0,0,0.0698989009481177,0,0.0367619429090039,0,0.0180216412275933,0,0.271481053610807,0.0180216412275933,0,0,0.0220824020542819,0.0280132767810044,0,0,0.0367619429090039,0,0,0.0367619429090039,0.0280132767810044,0,0.0220824020542819,0.0367619429090039,0,0,0,0,0,0,0,0,0,0,0,0,0,0,0,0,0.687384851140685,0.271481053610807,0.0367619429090039,0.0384437948047428,0,0.0367619429090039,0,0,0,0
0,0.0714299464323527,0,0.0571439257166366,0.128249502550101,0.0476199206365212,0.0571439257166366,0.0714299464323527,0,0,0,0.0571439257166366,0.212831890191799,0.0571439257166366,0,0.0714299464323527,0.0714299464323527,0.0476199206365212,0.0933602719681705,0.0367619429090039,0.0571439257166366,0.0571439257166366,0,0.0714299464323527,0.0571439257166366,0.041172338956928,0.041172338956928,0.0476199206365212,0,0,0,0,0.128249502550101,0.0367619429090039,0.0367619429090039,0.0571439257166366,0,0,0.0571439257166366,0.0714299464323527,0,0,0,0.212831890191799,0,0,0.0533176407887724,0,0,0.041172338956928,0,0,0.0476199206365212,0,0.0571439257166366,0,0,0,0.0714299464323527,0,0,0.0571439257166366,0.128249502550101,0,0,0.0571439257166366,0.0571439257166366,0.0571439257166366,0.0337236205744276,0.0316202950567523,0.0714299464323527,0.0571439257166366,0,0,0,0.0439086453554596,0.0714299464323527,0.173472727049999,0,0.138778105311832,0,0,0.138778105311832,0,0.138778105311832,0.0337236205744276,0.0571439257166366,0,0.0476199206365212,0,0.128249502550101,0.138778105311832,0,0,0,0,0.0571439257166366,0,0,0,0,0,0,0.041172338956928,0.0337236205744276,0.0367619429090039,0,0.0545144690325174,0,0.0337236205744276,0,0,0,0,0,0.0316202950567523,0,0.0571439257166366,0.0476199206365212,0.0476199206365212,0.0476199206365212,0,0.0476199206365212,0.0933602719681705,0,0,0,0,0,0,0.041172338956928,0,0.128249502550101,0.0714299464323527,0,0.0476199206365212,0,0.421998728397202,0.0714299464323527,0.0571439257166366,0.0571439257166366,0.0571439257166366,0,0,0.0476199206365212,0.041172338956928,0.0571439257166366,0,0.0571439257166366,0.0714299464323527,0.0571439257166366,0.041172338956928,0,0.128249502550101,0.0476199206365212,0.0337236205744276,0.041172338956928,0.0571439257166366,0.041172338956928,0,0,0.0476199206365212,0.0476199206365212,0,0.0476199206365212,0,0,0,0,0.0571439257166366,0.0571439257166366,0,0.0476199206365212,0.0714299464323527,0.0571439257166366,0,0.0476199206365212,0,0.0476199206365212,0.0571439257166366,0.128249502550101,0,0,0,0,0,0.041172338956928,0.0571439257166366,0,0.0571439257166366,0.0476199206365212,0,0,0,0.173472727049999,0,0,0,0,0,0,0.173472727049999,0.0571439257166366,0.173472727049999,0.173472727049999,0.173472727049999,0,0.212831890191799,0,0,0,0.0571439257166366,0,0,0,0,0,0,0.041172338956928,0.0397384474440781,0,0.0571439257166366,0,0.0571439257166366,0.041172338956928,0,0.173472727049999,0,0,0.0476199206365212,0.421998728397202,0.0714299464323527,0,0,0.0367574589715877,0,0.0571439257166366,0,0,0.0367619429090039,0,0.0571439257166366,0,0,0.0367574589715877,0.0301593188641145,0.0367619429090039,0.0367619429090039,0.0367619429090039,0.0337236205744276,0.0571439257166366,0,0,0,0,0,0,0.041172338956928,0,0,0,0,0,0.0476199206365212,0,0.0476199206365212,0.0571439257166366,0,0.0476199206365212,0.041172338956928,0.0476199206365212,0,0.0476199206365212,0,0.0367619429090039,0,0,0.041172338956928,0.0397384474440781,0.0439086453554596,0,0,0.0476199206365212,0,0,0.421998728397202,0.132392281936114,0,0.041172338956928,0.041172338956928,0,0,0,0,0,0,0,0,0,0.0714299464323527,0,0,0,0.0367619429090039,0,0,0.0571439257166366,0,0.0367619429090039,0,0.0476199206365212,0,0,0,0,0,0,0,0,0,0.041172338956928,0.0545144690325174,0,0,0,0,0,0,0.041172338956928,0.0476199206365212,0,0.0367619429090039,1,0,0.0337236205744276,0,0,0,0,0,0,0.041172338956928,0,0,0,0,0,0.0571439257166366,0,0,0.0367619429090039,0,0.0476199206365212,0,0,0,0.0545144690325174,0,0,0,0,0.0933602719681705,0,0.138778105311832,0,0.0367619429090039,0,0.0571439257166366,0.0367619429090039,0,0,0.041172338956928,0.0476199206365212,0,0,0.0571439257166366,0,0,0.0571439257166366,0.0476199206365212,0,0.041172338956928,0.0571439257166366,0,0,0,0,0,0,0,0,0,0,0,0,0,0,0,0,0.0367619429090039,0.0571439257166366,0.0571439257166366,0.0545144690325174,0,0.0571439257166366,0,0,0,0
0,0,0,0,0,0,0,0,0,0,0,0,0,0,0,0,0,0,0,0,0,0,0,0,0,0,0,0,0,0,0,0,0,0,0,0,0,0,0,0,0,0,0,0,0,0,0,0,0,0,0,0,0,0,0,0,0,0,0,0,0,0,0,0,0,0,0,0,0,0,0,0,0,0,0,0,0,0,0,0,0,0,0,0,0,0,0,0,0,0,0,0,0,0,0,0,0,0,0,0,0,0,0,0,0,0,0,0,0,0,0,0,0,0,0,0,0,0,0,0,0,0,0,0,0,0,0,0,0,0,0,0,0,0,0,0,0,0,0,0,0,0,0,0,0,0,0,0,0,0,0,0,0,0,0,0,0,0,0,0,0,0,0,0,0,0,0,0,0,0,0,0,0,0,0,0,0,0,0,0,0,0,0,0,0,0,0,0,0,0,0,0,0,0,0,0,0,0,0,0,0,0,0,0,0,0,0,0,0,0,0,0,0,0,0,0,0,0,0,0,0,0,0,0,0,0,0,0,0,0,0,0,0,0,0,0,0,0,0,0,0,0,0,0,0,0,0,0,0,0,0,0,0,0,0,0,0,0,0,0,0,0,0,0,0,0,0,0,0,0,0,0,0,0,0,0,0,0,0,0,0,0,0,0,0,0,0,0,0,0,0,0,0,0,0,0,0,0,0,0,0,0,0,0,0,0,0,0,0,0,0,0,0,0,0,0,0,0,0,0,0,0,0,0,0,0,0,0,0,0,0,0,0,1,0,0,0,0,0,0,0,0,0,0,0,0,0,0,0,0,0,0,0,0,0,0,0,0,0,0,0,0,0,0,0,0,0,0,0,0,0,0,0,0,0,0,0,0,0,0,0,0,0,0,0,0,0,0,0,0,0,0,0,0,0,0,0,0,0,0,0,0,0,0,0,0,0,0,0
0,0.208482801319646,0,0.0337236205744276,0.0976858574475728,0.0609274353162256,0.0337236205744276,0.0466468368249435,0,0,0,0.0819002213950383,0.0250877674831517,0.0819002213950383,0,0.0466468368249435,0.113285175146291,0.0609274353162256,0.161291303605171,0.0152223787564515,0.0337236205744276,0.0337236205744276,0,0.113285175146291,0.0337236205744276,0.0192321645820291,0.0192321645820291,0.0250877674831517,0,0,0,0,0.0976858574475728,0.0680347132176099,0.0680347132176099,0.0819002213950383,0,0,0.0819002213950383,0.113285175146291,0,0,0,0.0250877674831517,0,0,0.10418452955258,0,0,0.0467066854134993,0,0,0.112126960792045,0,0.0337236205744276,0,0,0,0.0466468368249435,0,0,0.0819002213950383,0.0976858574475728,0,0,0.0337236205744276,0.0819002213950383,0.0337236205744276,1,0.846309838331681,0.0466468368249435,0.0819002213950383,0,0,0,0.117122319538408,0.0466468368249435,0.0466468368249435,0,0.0337236205744276,0,0,0.0337236205744276,0,0.0337236205744276,0.0124579894676926,0.0819002213950383,0,0.0609274353162256,0,0.0976858574475728,0.0337236205744276,0,0,0,0,0.0337236205744276,0,0,0,0,0,0,0.0467066854134993,0.0124579894676926,0.0152223787564515,0,0.0874847549747102,0,0.323901902146027,0,0,0,0,0,0.0778607205818629,0,0.150723936853054,0.0609274353162256,0.0609274353162256,0.185269140043217,0,0.0609274353162256,0.0664140661903645,0,0,0,0,0,0,0.0467066854134993,0,0.0976858574475728,0.0466468368249435,0,0.112126960792045,0,0.0337236205744276,0.0466468368249435,0.0819002213950383,0.0337236205744276,0.0337236205744276,0,0,0.0250877674831517,0.0467066854134993,0.0819002213950383,0,0.0337236205744276,0.0466468368249435,0.0819002213950383,0.0192321645820291,0,0.0976858574475728,0.0609274353162256,0.0124579894676926,0.0467066854134993,0.0819002213950383,0.0192321645820291,0,0,0.0609274353162256,0.112126960792045,0,0.112126960792045,0,0,0,0,0.0819002213950383,0.0819002213950383,0,0.0250877674831517,0.113285175146291,0.0819002213950383,0,0.0609274353162256,0,0.0609274353162256,0.0819002213950383,0.0976858574475728,0,0,0,0,0,0.0859560008870281,0.0337236205744276,0,0.0337236205744276,0.0250877674831517,0,0,0,0.0466468368249435,0,0,0,0,0,0,0.0466468368249435,0.0337236205744276,0.0466468368249435,0.0466468368249435,0.0466468368249435,0,0.0250877674831517,0,0,0,0.0819002213950383,0,0,0,0,0,0,0.0192321645820291,0.0512447821477043,0,0.0819002213950383,0,0.0819002213950383,0.0192321645820291,0,0.0466468368249435,0,0,0.0609274353162256,0.0337236205744276,0.113285175146291,0,0,0.0874943253370645,0,0.0819002213950383,0,0,0.0152223787564515,0,0.0819002213950383,0,0,0.0874943253370645,0.00921291141318637,0.0152223787564515,0.0152223787564515,0.0680347132176099,0.0556795855800954,0.0819002213950383,0,0,0,0,0,0,0.0192321645820291,0,0,0,0,0,0.0609274353162256,0,0.0609274353162256,0.0819002213950383,0,0.0609274353162256,0.0467066854134993,0.0609274353162256,0,0.0250877674831517,0,0.0152223787564515,0,0,0.0192321645820291,0.0512447821477043,0.0636418083336554,0,0,0.0609274353162256,0,0,0.0337236205744276,0.0742676650982407,0,0.0859560008870281,0.0859560008870281,0,0,0,0,0,0,0,0,0,0.113285175146291,0,0,0,0.0680347132176099,0,0,0.0819002213950383,0,0.0369686341228109,0,0.0609274353162256,0,0,0,0,0,0,0,0,0,0.0192321645820291,0.0874847549747102,0,0,0,0,0,0,0.0467066854134993,0.0250877674831517,0,0.0152223787564515,0.0337236205744276,0,1,0,0,0,0,0,0,0.0467066854134993,0,0,0,0,0,0.0819002213950383,0,0,0.0369686341228109,0,0.112126960792045,0,0,0,0.0874847549747102,0,0,0,0,0.0664140661903645,0,0.0337236205744276,0,0.0680347132176099,0,0.0337236205744276,0.0680347132176099,0,0,0.0467066854134993,0.0609274353162256,0,0,0.0819002213950383,0,0,0.0337236205744276,0.112126960792045,0,0.0859560008870281,0.0819002213950383,0,0,0,0,0,0,0,0,0,0,0,0,0,0,0,0,0.0152223787564515,0.0337236205744276,0.0819002213950383,0.0874847549747102,0,0.0819002213950383,0,0,0,0
0,0,0,0,0,0,0,0,0,0,0,0,0,0,0,0,0,0,0,0,0,0,0,0,0,0,0,0,0,0,0,0,0,0,0,0,0,0,0,0,0,0,0,0,0,0,0,0,0,0,0,0,0,0,0,0,0,0,0,0,0,0,0,0,0,0,0,0,0,0,0,0,0,0,0,0,0,0,0,0,0,0,0,0,0,0,0,0,0,0,0,0,0,0,0,0,0,0,0,0,0,0,0,0,0,0,0,0,0,0,0,0,0,0,0,0,0,0,0,0,0,0,0,0,0,0,0,0,0,0,0,0,0,0,0,0,0,0,0,0,0,0,0,0,0,0,0,0,0,0,0,0,0,0,0,0,0,0,0,0,0,0,0,0,0,0,0,0,0,0,0,0,0,0,0,0,0,0,0,0,0,0,0,0,0,0,0,0,0,0,0,0,0,0,0,0,0,0,0,0,0,0,0,0,0,0,0,0,0,0,0,0,0,0,0,0,0,0,0,0,0,0,0,0,0,0,0,0,0,0,0,0,0,0,0,0,0,0,0,0,0,0,0,0,0,0,0,0,0,0,0,0,0,0,0,0,0,0,0,0,0,0,0,0,0,0,0,0,0,0,0,0,0,0,0,0,0,0,0,0,0,0,0,0,0,0,0,0,0,0,0,0,0,0,0,0,0,0,0,0,0,0,0,0,0,0,0,0,0,0,0,0,0,0,0,0,0,0,0,0,0,0,0,0,0,0,0,0,0,0,0,0,0,0,0,1,0,0,0,0,0,0,0,0,0,0,0,0,0,0,0,0,0,0,0,0,0,0,0,0,0,0,0,0,0,0,0,0,0,0,0,0,0,0,0,0,0,0,0,0,0,0,0,0,0,0,0,0,0,0,0,0,0,0,0,0,0,0,0,0,0,0,0,0,0,0,0,0,0
0,0,0,0,0,0,0,0,0,0,0,0,0,0,0,0,0,0,0,0,0,0,0,0,0,0,0,0,0,0,0,0,0,0,0,0,0,0,0,0,0,0,0,0,0,0,0,0,0,0,0,0,0,0,0,0,0,0,0,0,0,0,0,0,0,0,0,0,0,0,0,0,0,0,0,0,0,0,0,0,0,0,0,0,0,0,0,0,0,0,0,0,0,0,0,0,0,0,0,0,0,0,0,0,0,0,0,0,0,0,0,0,0,0,0,0,0,0,0,0,0,0,0,0,0,0,0,0,0,0,0,0,0,0,0,0,0,0,0,0,0,0,0,0,0,0,0,0,0,0,0,0,0,0,0,0,0,0,0,0,0,0,0,0,0,0,0,0,0,0,0,0,0,0,0,0,0,0,0,0,0,0,0,0,0,0,0,0,0,0,0,0,0,0,0,0,0,0,0,0,0,0,0,0,0,0,0,0,0,0,0,0,0,0,0,0,0,0,0,0,0,0,0,0,0,0,0,0,0,0,0,0,0,0,0,0,0,0,0,0,0,0,0,0,0,0,0,0,0,0,0,0,0,0,0,0,0,0,0,0,0,0,0,0,0,0,0,0,0,0,0,0,0,0,0,0,0,0,0,0,0,0,0,0,0,0,0,0,0,0,0,0,0,0,0,0,0,0,0,0,0,0,0,0,0,0,0,0,0,0,0,0,0,0,0,0,0,0,0,0,0,0,0,0,0,0,0,0,0,0,0,0,0,0,0,0,1,0,0,0,0,0,0,0,0,0,0,0,0,0,0,0,0,0,0,0,0,0,0,0,0,0,0,0,0,0,0,0,0,0,0,0,0,0,0,0,0,0,0,0,0,0,0,0,0,0,0,0,0,0,0,0,0,0,0,0,0,0,0,0,0,0,0,0,0,0,0,0,0
0,0,0,0,0,0,0,0,0,0,0,0,0,0,0,0,0,0,0,0,0,0,0,0,0,0,0,0,0,0,0,0,0,0,0,0,0,0,0,0,0,0,0,0,0,0,0,0,0,0,0,0,0,0,0,0,0,0,0,0,0,0,0,0,0,0,0,0,0,0,0,0,0,0,0,0,0,0,0,0,0,0,0,0,0,0,0,0,0,0,0,0,0,0,0,0,0,0,0,0,0,0,0,0,0,0,0,0,0,0,0,0,0,0,0,0,0,0,0,0,0,0,0,0,0,0,0,0,0,0,0,0,0,0,0,0,0,0,0,0,0,0,0,0,0,0,0,0,0,0,0,0,0,0,0,0,0,0,0,0,0,0,0,0,0,0,0,0,0,0,0,0,0,0,0,0,0,0,0,0,0,0,0,0,0,0,0,0,0,0,0,0,0,0,0,0,0,0,0,0,0,0,0,0,0,0,0,0,0,0,0,0,0,0,0,0,0,0,0,0,0,0,0,0,0,0,0,0,0,0,0,0,0,0,0,0,0,0,0,0,0,0,0,0,0,0,0,0,0,0,0,0,0,0,0,0,0,0,0,0,0,0,0,0,0,0,0,0,0,0,0,0,0,0,0,0,0,0,0,0,0,0,0,0,0,0,0,0,0,0,0,0,0,0,0,0,0,0,0,0,0,0,0,0,0,0,0,0,0,0,0,0,0,0,0,0,0,0,0,0,0,0,0,0,0,0,0,0,0,0,0,0,0,0,0,0,0,1,0,0,0,0,0,0,0,0,0,0,0,0,0,0,0,0,0,0,0,0,0,0,0,0,0,0,0,0,0,0,0,0,0,0,0,0,0,0,0,0,0,0,0,0,0,0,0,0,0,0,0,0,0,0,0,0,0,0,0,0,0,0,0,0,0,0,0,0,0,0,0
0,0,0,0,0,0,0,0,0,0,0,0,0,0,0,0,0,0,0,0,0,0,0,0,0,0,0,0,0,0,0,0,0,0,0,0,0,0,0,0,0,0,0,0,0,0,0,0,0,0,0,0,0,0,0,0,0,0,0,0,0,0,0,0,0,0,0,0,0,0,0,0,0,0,0,0,0,0,0,0,0,0,0,0,0,0,0,0,0,0,0,0,0,0,0,0,0,0,0,0,0,0,0,0,0,0,0,0,0,0,0,0,0,0,0,0,0,0,0,0,0,0,0,0,0,0,0,0,0,0,0,0,0,0,0,0,0,0,0,0,0,0,0,0,0,0,0,0,0,0,0,0,0,0,0,0,0,0,0,0,0,0,0,0,0,0,0,0,0,0,0,0,0,0,0,0,0,0,0,0,0,0,0,0,0,0,0,0,0,0,0,0,0,0,0,0,0,0,0,0,0,0,0,0,0,0,0,0,0,0,0,0,0,0,0,0,0,0,0,0,0,0,0,0,0,0,0,0,0,0,0,0,0,0,0,0,0,0,0,0,0,0,0,0,0,0,0,0,0,0,0,0,0,0,0,0,0,0,0,0,0,0,0,0,0,0,0,0,0,0,0,0,0,0,0,0,0,0,0,0,0,0,0,0,0,0,0,0,0,0,0,0,0,0,0,0,0,0,0,0,0,0,0,0,0,0,0,0,0,0,0,0,0,0,0,0,0,0,0,0,0,0,0,0,0,0,0,0,0,0,0,0,0,0,0,0,0,0,1,0,0,0,0,0,0,0,0,0,0,0,0,0,0,0,0,0,0,0,0,0,0,0,0,0,0,0,0,0,0,0,0,0,0,0,0,0,0,0,0,0,0,0,0,0,0,0,0,0,0,0,0,0,0,0,0,0,0,0,0,0,0,0,0,0,0,0,0,0,0
0,0,0,0,0,0,0,0,0,0,0,0,0,0,0,0,0,0,0,0,0,0,0,0,0,0,0,0,0,0,0,0,0,0,0,0,0,0,0,0,0,0,0,0,0,0,0,0,0,0,0,0,0,0,0,0,0,0,0,0,0,0,0,0,0,0,0,0,0,0,0,0,0,0,0,0,0,0,0,0,0,0,0,0,0,0,0,0,0,0,0,0,0,0,0,0,0,0,0,0,0,0,0,0,0,0,0,0,0,0,0,0,0,0,0,0,0,0,0,0,0,0,0,0,0,0,0,0,0,0,0,0,0,0,0,0,0,0,0,0,0,0,0,0,0,0,0,0,0,0,0,0,0,0,0,0,0,0,0,0,0,0,0,0,0,0,0,0,0,0,0,0,0,0,0,0,0,0,0,0,0,0,0,0,0,0,0,0,0,0,0,0,0,0,0,0,0,0,0,0,0,0,0,0,0,0,0,0,0,0,0,0,0,0,0,0,0,0,0,0,0,0,0,0,0,0,0,0,0,0,0,0,0,0,0,0,0,0,0,0,0,0,0,0,0,0,0,0,0,0,0,0,0,0,0,0,0,0,0,0,0,0,0,0,0,0,0,0,0,0,0,0,0,0,0,0,0,0,0,0,0,0,0,0,0,0,0,0,0,0,0,0,0,0,0,0,0,0,0,0,0,0,0,0,0,0,0,0,0,0,0,0,0,0,0,0,0,0,0,0,0,0,0,0,0,0,0,0,0,0,0,0,0,0,0,0,0,0,0,1,0,0,0,0,0,0,0,0,0,0,0,0,0,0,0,0,0,0,0,0,0,0,0,0,0,0,0,0,0,0,0,0,0,0,0,0,0,0,0,0,0,0,0,0,0,0,0,0,0,0,0,0,0,0,0,0,0,0,0,0,0,0,0,0,0,0,0,0,0
0,0,0,0,0,0,0,0,0,0,0,0,0,0,0,0,0,0,0,0,0,0,0,0,0,0,0,0,0,0,0,0,0,0,0,0,0,0,0,0,0,0,0,0,0,0,0,0,0,0,0,0,0,0,0,0,0,0,0,0,0,0,0,0,0,0,0,0,0,0,0,0,0,0,0,0,0,0,0,0,0,0,0,0,0,0,0,0,0,0,0,0,0,0,0,0,0,0,0,0,0,0,0,0,0,0,0,0,0,0,0,0,0,0,0,0,0,0,0,0,0,0,0,0,0,0,0,0,0,0,0,0,0,0,0,0,0,0,0,0,0,0,0,0,0,0,0,0,0,0,0,0,0,0,0,0,0,0,0,0,0,0,0,0,0,0,0,0,0,0,0,0,0,0,0,0,0,0,0,0,0,0,0,0,0,0,0,0,0,0,0,0,0,0,0,0,0,0,0,0,0,0,0,0,0,0,0,0,0,0,0,0,0,0,0,0,0,0,0,0,0,0,0,0,0,0,0,0,0,0,0,0,0,0,0,0,0,0,0,0,0,0,0,0,0,0,0,0,0,0,0,0,0,0,0,0,0,0,0,0,0,0,0,0,0,0,0,0,0,0,0,0,0,0,0,0,0,0,0,0,0,0,0,0,0,0,0,0,0,0,0,0,0,0,0,0,0,0,0,0,0,0,0,0,0,0,0,0,0,0,0,0,0,0,0,0,0,0,0,0,0,0,0,0,0,0,0,0,0,0,0,0,0,0,0,0,0,0,0,0,1,0,0,0,0,0,0,0,0,0,0,0,0,0,0,0,0,0,0,0,0,0,0,0,0,0,0,0,0,0,0,0,0,0,0,0,0,0,0,0,0,0,0,0,0,0,0,0,0,0,0,0,0,0,0,0,0,0,0,0,0,0,0,0,0,0,0,0,0
0,0.132409048462471,0,0.041172338956928,0.107359912685637,0.078342403747824,0.041172338956928,0.0545213728963117,0,0,0,0.0999899660382537,0.0322586368373393,0.0999899660382537,0,0.0545213728963117,0.132409048462471,0.078342403747824,0.182053533683929,0.0220824020542819,0.041172338956928,0.041172338956928,0,0.132409048462471,0.041172338956928,0.0262176875118606,0.0262176875118606,0.0322586368373393,0,0,0,0,0.107359912685637,0.053628690703256,0.053628690703256,0.0999899660382537,0,0,0.0999899660382537,0.132409048462471,0,0,0,0.0322586368373393,0,0,0.0774206211888767,0,0,0.458800951860886,0,0,0.078342403747824,0,0.041172338956928,0,0,0,0.0545213728963117,0,0,0.0999899660382537,0.107359912685637,0,0,0.041172338956928,0.0999899660382537,0.041172338956928,0.0467066854134993,0.04191314957563,0.0545213728963117,0.0999899660382537,0,0,0,0.0774206211888767,0.0545213728963117,0.0545213728963117,0,0.041172338956928,0,0,0.041172338956928,0,0.041172338956928,0.0192321645820291,0.0999899660382537,0,0.078342403747824,0,0.107359912685637,0.041172338956928,0,0,0,0,0.041172338956928,0,0,0,0,0,0,0.302808285044318,0.0192321645820291,0.0220824020542819,0,0.309764233772802,0,0.0467066854134993,0,0,0,0,0,0.04191314957563,0,0.0999899660382537,0.078342403747824,0.078342403747824,0.078342403747824,0,0.144176356477088,0.074963219752206,0,0,0,0,0,0,0.458800951860886,0,0.107359912685637,0.0545213728963117,0,0.078342403747824,0,0.041172338956928,0.0545213728963117,0.0999899660382537,0.041172338956928,0.041172338956928,0,0,0.0322586368373393,0.0636715268145186,0.0999899660382537,0,0.041172338956928,0.0545213728963117,0.0999899660382537,0.0262176875118606,0,0.107359912685637,0.078342403747824,0.0192321645820291,0.0636715268145186,0.0999899660382537,0.0262176875118606,0,0,0.078342403747824,0.078342403747824,0,0.078342403747824,0,0,0,0,0.0999899660382537,0.0999899660382537,0,0.0322586368373393,0.132409048462471,0.0999899660382537,0,0.078342403747824,0,0.078342403747824,0.0999899660382537,0.107359912685637,0,0,0,0,0,0.0636715268145186,0.041172338956928,0,0.041172338956928,0.0322586368373393,0,0,0,0.0545213728963117,0,0,0,0,0,0,0.0545213728963117,0.041172338956928,0.0545213728963117,0.0545213728963117,0.0545213728963117,0,0.0322586368373393,0,0,0,0.0999899660382537,0,0,0,0,0,0,0.0262176875118606,0.0657270373610538,0,0.0999899660382537,0,0.0999899660382537,0.0262176875118606,0,0.0545213728963117,0,0,0.078342403747824,0.041172338956928,0.132409048462471,0,0,0.0609201902754844,0,0.0999899660382537,0,0,0.0220824020542819,0,0.0999899660382537,0,0,0.0609201902754844,0.0158870107303694,0.0220824020542819,0.0220824020542819,0.053628690703256,0.0467066854134993,0.0999899660382537,0,0,0,0,0,0,0.0262176875118606,0,0,0,0,0,0.078342403747824,0,0.078342403747824,0.0999899660382537,0,0.564515588188714,0.0636715268145186,0.078342403747824,0,0.0322586368373393,0,0.0220824020542819,0,0,0.0262176875118606,0.0657270373610538,0.0774206211888767,0,0,0.564515588188714,0,0,0.041172338956928,0.0884831883993457,0,0.0636715268145186,0.0636715268145186,0,0,0,0,0,0,0,0,0,0.132409048462471,0,0,0,0.053628690703256,0,0,0.0999899660382537,0,0.0986948173446475,0,0.564515588188714,0,0,0,0,0,0,0,0,0,0.0262176875118606,0.101868774864881,0,0,0,0,0,0,0.0636715268145186,0.0322586368373393,0,0.0220824020542819,0.041172338956928,0,0.0467066854134993,0,0,0,0,0,0,1,0,0,0,0,0,0.0999899660382537,0,0,0.255046685284169,0,0.078342403747824,0,0,0,0.309764233772802,0,0,0,0,0.074963219752206,0,0.041172338956928,0,0.053628690703256,0,0.041172338956928,0.053628690703256,0,0,0.0636715268145186,0.078342403747824,0,0,0.0999899660382537,0,0,0.041172338956928,0.078342403747824,0,0.0636715268145186,0.0999899660382537,0,0,0,0,0,0,0,0,0,0,0,0,0,0,0,0,0.0220824020542819,0.041172338956928,0.0999899660382537,0.309764233772802,0,0.0999899660382537,0,0,0,0
0,0,0,0,0,0,0,0,0,0,0,0,0,0,0,0,0,0,0,0,0,0,0,0,0,0,0,0,0,0,0,0,0,0,0,0,0,0,0,0,0,0,0,0,0,0,0,0,0,0,0,0,0,0,0,0,0,0,0,0,0,0,0,0,0,0,0,0,0,0,0,0,0,0,0,0,0,0,0,0,0,0,0,0,0,0,0,0,0,0,0,0,0,0,0,0,0,0,0,0,0,0,0,0,0,0,0,0,0,0,0,0,0,0,0,0,0,0,0,0,0,0,0,0,0,0,0,0,0,0,0,0,0,0,0,0,0,0,0,0,0,0,0,0,0,0,0,0,0,0,0,0,0,0,0,0,0,0,0,0,0,0,0,0,0,0,0,0,0,0,0,0,0,0,0,0,0,0,0,0,0,0,0,0,0,0,0,0,0,0,0,0,0,0,0,0,0,0,0,0,0,0,0,0,0,0,0,0,0,0,0,0,0,0,0,0,0,0,0,0,0,0,0,0,0,0,0,0,0,0,0,0,0,0,0,0,0,0,0,0,0,0,0,0,0,0,0,0,0,0,0,0,0,0,0,0,0,0,0,0,0,0,0,0,0,0,0,0,0,0,0,0,0,0,0,0,0,0,0,0,0,0,0,0,0,0,0,0,0,0,0,0,0,0,0,0,0,0,0,0,0,0,0,0,0,0,0,0,0,0,0,0,0,0,0,0,0,0,0,0,0,0,0,0,0,0,0,0,0,0,0,0,0,0,0,0,0,0,0,0,0,0,1,0,0,0,0,0,0,0,0,0,0,0,0,0,0,0,0,0,0,0,0,0,0,0,0,0,0,0,0,0,0,0,0,0,0,0,0,0,0,0,0,0,0,0,0,0,0,0,0,0,0,0,0,0,0,0,0,0,0,0,0,0,0,0,0,0,0
0,0,0,0,0,0,0,0,0,0,0,0,0,0,0,0,0,0,0,0,0,0,0,0,0,0,0,0,0,0,0,0,0,0,0,0,0,0,0,0,0,0,0,0,0,0,0,0,0,0,0,0,0,0,0,0,0,0,0,0,0,0,0,0,0,0,0,0,0,0,0,0,0,0,0,0,0,0,0,0,0,0,0,0,0,0,0,0,0,0,0,0,0,0,0,0,0,0,0,0,0,0,0,0,0,0,0,0,0,0,0,0,0,0,0,0,0,0,0,0,0,0,0,0,0,0,0,0,0,0,0,0,0,0,0,0,0,0,0,0,0,0,0,0,0,0,0,0,0,0,0,0,0,0,0,0,0,0,0,0,0,0,0,0,0,0,0,0,0,0,0,0,0,0,0,0,0,0,0,0,0,0,0,0,0,0,0,0,0,0,0,0,0,0,0,0,0,0,0,0,0,0,0,0,0,0,0,0,0,0,0,0,0,0,0,0,0,0,0,0,0,0,0,0,0,0,0,0,0,0,0,0,0,0,0,0,0,0,0,0,0,0,0,0,0,0,0,0,0,0,0,0,0,0,0,0,0,0,0,0,0,0,0,0,0,0,0,0,0,0,0,0,0,0,0,0,0,0,0,0,0,0,0,0,0,0,0,0,0,0,0,0,0,0,0,0,0,0,0,0,0,0,0,0,0,0,0,0,0,0,0,0,0,0,0,0,0,0,0,0,0,0,0,0,0,0,0,0,0,0,0,0,0,0,0,0,0,0,0,0,0,0,0,1,0,0,0,0,0,0,0,0,0,0,0,0,0,0,0,0,0,0,0,0,0,0,0,0,0,0,0,0,0,0,0,0,0,0,0,0,0,0,0,0,0,0,0,0,0,0,0,0,0,0,0,0,0,0,0,0,0,0,0,0,0,0,0,0,0
0,0,0,0,0,0,0,0,0,0,0,0,0,0,0,0,0,0,0,0,0,0,0,0,0,0,0,0,0,0,0,0,0,0,0,0,0,0,0,0,0,0,0,0,0,0,0,0,0,0,0,0,0,0,0,0,0,0,0,0,0,0,0,0,0,0,0,0,0,0,0,0,0,0,0,0,0,0,0,0,0,0,0,0,0,0,0,0,0,0,0,0,0,0,0,0,0,0,0,0,0,0,0,0,0,0,0,0,0,0,0,0,0,0,0,0,0,0,0,0,0,0,0,0,0,0,0,0,0,0,0,0,0,0,0,0,0,0,0,0,0,0,0,0,0,0,0,0,0,0,0,0,0,0,0,0,0,0,0,0,0,0,0,0,0,0,0,0,0,0,0,0,0,0,0,0,0,0,0,0,0,0,0,0,0,0,0,0,0,0,0,0,0,0,0,0,0,0,0,0,0,0,0,0,0,0,0,0,0,0,0,0,0,0,0,0,0,0,0,0,0,0,0,0,0,0,0,0,0,0,0,0,0,0,0,0,0,0,0,0,0,0,0,0,0,0,0,0,0,0,0,0,0,0,0,0,0,0,0,0,0,0,0,0,0,0,0,0,0,0,0,0,0,0,0,0,0,0,0,0,0,0,0,0,0,0,0,0,0,0,0,0,0,0,0,0,0,0,0,0,0,0,0,0,0,0,0,0,0,0,0,0,0,0,0,0,0,0,0,0,0,0,0,0,0,0,0,0,0,0,0,0,0,0,0,0,0,0,0,0,0,0,0,0,1,0,0,0,0,0,0,0,0,0,0,0,0,0,0,0,0,0,0,0,0,0,0,0,0,0,0,0,0,0,0,0,0,0,0,0,0,0,0,0,0,0,0,0,0,0,0,0,0,0,0,0,0,0,0,0,0,0,0,0,0,0,0,0,0
0,0,0,0,0,0,0,0,0,0,0,0,0,0,0,0,0,0,0,0,0,0,0,0,0,0,0,0,0,0,0,0,0,0,0,0,0,0,0,0,0,0,0,0,0,0,0,0,0,0,0,0,0,0,0,0,0,0,0,0,0,0,0,0,0,0,0,0,0,0,0,0,0,0,0,0,0,0,0,0,0,0,0,0,0,0,0,0,0,0,0,0,0,0,0,0,0,0,0,0,0,0,0,0,0,0,0,0,0,0,0,0,0,0,0,0,0,0,0,0,0,0,0,0,0,0,0,0,0,0,0,0,0,0,0,0,0,0,0,0,0,0,0,0,0,0,0,0,0,0,0,0,0,0,0,0,0,0,0,0,0,0,0,0,0,0,0,0,0,0,0,0,0,0,0,0,0,0,0,0,0,0,0,0,0,0,0,0,0,0,0,0,0,0,0,0,0,0,0,0,0,0,0,0,0,0,0,0,0,0,0,0,0,0,0,0,0,0,0,0,0,0,0,0,0,0,0,0,0,0,0,0,0,0,0,0,0,0,0,0,0,0,0,0,0,0,0,0,0,0,0,0,0,0,0,0,0,0,0,0,0,0,0,0,0,0,0,0,0,0,0,0,0,0,0,0,0,0,0,0,0,0,0,0,0,0,0,0,0,0,0,0,0,0,0,0,0,0,0,0,0,0,0,0,0,0,0,0,0,0,0,0,0,0,0,0,0,0,0,0,0,0,0,0,0,0,0,0,0,0,0,0,0,0,0,0,0,0,0,0,0,0,0,0,0,1,0,0,0,0,0,0,0,0,0,0,0,0,0,0,0,0,0,0,0,0,0,0,0,0,0,0,0,0,0,0,0,0,0,0,0,0,0,0,0,0,0,0,0,0,0,0,0,0,0,0,0,0,0,0,0,0,0,0,0,0,0,0,0
0,0,0,0,0,0,0,0,0,0,0,0,0,0,0,0,0,0,0,0,0,0,0,0,0,0,0,0,0,0,0,0,0,0,0,0,0,0,0,0,0,0,0,0,0,0,0,0,0,0,0,0,0,0,0,0,0,0,0,0,0,0,0,0,0,0,0,0,0,0,0,0,0,0,0,0,0,0,0,0,0,0,0,0,0,0,0,0,0,0,0,0,0,0,0,0,0,0,0,0,0,0,0,0,0,0,0,0,0,0,0,0,0,0,0,0,0,0,0,0,0,0,0,0,0,0,0,0,0,0,0,0,0,0,0,0,0,0,0,0,0,0,0,0,0,0,0,0,0,0,0,0,0,0,0,0,0,0,0,0,0,0,0,0,0,0,0,0,0,0,0,0,0,0,0,0,0,0,0,0,0,0,0,0,0,0,0,0,0,0,0,0,0,0,0,0,0,0,0,0,0,0,0,0,0,0,0,0,0,0,0,0,0,0,0,0,0,0,0,0,0,0,0,0,0,0,0,0,0,0,0,0,0,0,0,0,0,0,0,0,0,0,0,0,0,0,0,0,0,0,0,0,0,0,0,0,0,0,0,0,0,0,0,0,0,0,0,0,0,0,0,0,0,0,0,0,0,0,0,0,0,0,0,0,0,0,0,0,0,0,0,0,0,0,0,0,0,0,0,0,0,0,0,0,0,0,0,0,0,0,0,0,0,0,0,0,0,0,0,0,0,0,0,0,0,0,0,0,0,0,0,0,0,0,0,0,0,0,0,0,0,0,0,0,0,0,1,0,0,0,0,0,0,0,0,0,0,0,0,0,0,0,0,0,0,0,0,0,0,0,0,0,0,0,0,0,0,0,0,0,0,0,0,0,0,0,0,0,0,0,0,0,0,0,0,0,0,0,0,0,0,0,0,0,0,0,0,0,0
0,0.173472727049999,0,0.0571439257166366,0.128249502550101,0.115648378688694,0.0571439257166366,0.0714299464323527,0,0,0,0.421998728397202,0.0476199206365212,0.138778105311832,0,0.0714299464323527,0.173472727049999,0.212831890191799,0.226732089065557,0.0367619429090039,0.0571439257166366,0.0571439257166366,0,0.527498700621427,0.0571439257166366,0.041172338956928,0.041172338956928,0.0476199206365212,0,0,0,0,0.128249502550101,0.0892790042075809,0.0892790042075809,0.421998728397202,0,0,0.659999251998354,0.173472727049999,0,0,0,0.0476199206365212,0,0,0.106635281577545,0,0,0.0999899660382537,0,0,0.115648378688694,0,0.0571439257166366,0,0,0,0.0714299464323527,0,0,0.138778105311832,0.128249502550101,0,0,0.0571439257166366,0.138778105311832,0.0571439257166366,0.0819002213950383,0.0767921451378269,0.0714299464323527,0.138778105311832,0,0,0,0.106635281577545,0.0714299464323527,0.0714299464323527,0,0.0571439257166366,0,0,0.0571439257166366,0,0.0571439257166366,0.0337236205744276,0.421998728397202,0,0.115648378688694,0,0.128249502550101,0.0571439257166366,0,0,0,0,0.0571439257166366,0,0,0,0,0,0,0.0999899660382537,0.0337236205744276,0.0367619429090039,0,0.132392281936114,0,0.0819002213950383,0,0,0,0,0,0.0767921451378269,0,0.138778105311832,0.115648378688694,0.115648378688694,0.115648378688694,0,0.115648378688694,0.0933602719681705,0,0,0,0,0,0,0.0999899660382537,0,0.128249502550101,0.0714299464323527,0,0.115648378688694,0,0.0571439257166366,0.0714299464323527,0.421998728397202,0.0571439257166366,0.0571439257166366,0,0,0.0476199206365212,0.0999899660382537,0.138778105311832,0,0.0571439257166366,0.0714299464323527,0.421998728397202,0.041172338956928,0,0.128249502550101,0.115648378688694,0.0337236205744276,0.0999899660382537,0.138778105311832,0.041172338956928,0,0,0.115648378688694,0.115648378688694,0,0.115648378688694,0,0,0,0,0.138778105311832,0.138778105311832,0,0.0476199206365212,0.173472727049999,0.421998728397202,0,0.115648378688694,0,0.115648378688694,0.138778105311832,0.128249502550101,0,0,0,0,0,0.0999899660382537,0.0571439257166366,0,0.0571439257166366,0.0476199206365212,0,0,0,0.0714299464323527,0,0,0,0,0,0,0.0714299464323527,0.0571439257166366,0.0714299464323527,0.0714299464323527,0.0714299464323527,0,0.0476199206365212,0,0,0,0.138778105311832,0,0,0,0,0,0,0.041172338956928,0.0965076580784755,0,0.138778105311832,0,0.138778105311832,0.041172338956928,0,0.0714299464323527,0,0,0.115648378688694,0.0571439257166366,0.173472727049999,0,0,0.0892681146452845,0,0.138778105311832,0,0,0.0367619429090039,0,0.138778105311832,0,0,0.0892681146452845,0.0301593188641145,0.0367619429090039,0.0367619429090039,0.0892790042075809,0.0819002213950383,0.138778105311832,0,0,0,0,0,0,0.041172338956928,0,0,0,0,0,0.115648378688694,0,0.115648378688694,0.138778105311832,0,0.115648378688694,0.0999899660382537,0.115648378688694,0,0.0476199206365212,0,0.0367619429090039,0,0,0.041172338956928,0.0965076580784755,0.106635281577545,0,0,0.115648378688694,0,0,0.0571439257166366,0.118649138482538,0,0.0999899660382537,0.0999899660382537,0,0,0,0,0,0,0,0,0,0.173472727049999,0,0,0,0.0892790042075809,0,0,0.138778105311832,0,0.0892790042075809,0,0.115648378688694,0,0,0,0,0,0,0,0,0,0.041172338956928,0.132392281936114,0,0,0,0,0,0,0.0999899660382537,0.0476199206365212,0,0.0367619429090039,0.0571439257166366,0,0.0819002213950383,0,0,0,0,0,0,0.0999899660382537,0,0,0,0,0,1,0,0,0.0892790042075809,0,0.115648378688694,0,0,0,0.132392281936114,0,0,0,0,0.0933602719681705,0,0.0571439257166366,0,0.0892790042075809,0,0.0571439257166366,0.0892790042075809,0,0,0.0999899660382537,0.115648378688694,0,0,0.138778105311832,0,0,0.0571439257166366,0.115648378688694,0,0.0999899660382537,0.138778105311832,0,0,0,0,0,0,0,0,0,0,0,0,0,0,0,0,0.0367619429090039,0.0571439257166366,0.138778105311832,0.132392281936114,0,0.138778105311832,0,0,0,0
0,0,0,0,0,0,0,0,0,0,0,0,0,0,0,0,0,0,0,0,0,0,0,0,0,0,0,0,0,0,0,0,0,0,0,0,0,0,0,0,0,0,0,0,0,0,0,0,0,0,0,0,0,0,0,0,0,0,0,0,0,0,0,0,0,0,0,0,0,0,0,0,0,0,0,0,0,0,0,0,0,0,0,0,0,0,0,0,0,0,0,0,0,0,0,0,0,0,0,0,0,0,0,0,0,0,0,0,0,0,0,0,0,0,0,0,0,0,0,0,0,0,0,0,0,0,0,0,0,0,0,0,0,0,0,0,0,0,0,0,0,0,0,0,0,0,0,0,0,0,0,0,0,0,0,0,0,0,0,0,0,0,0,0,0,0,0,0,0,0,0,0,0,0,0,0,0,0,0,0,0,0,0,0,0,0,0,0,0,0,0,0,0,0,0,0,0,0,0,0,0,0,0,0,0,0,0,0,0,0,0,0,0,0,0,0,0,0,0,0,0,0,0,0,0,0,0,0,0,0,0,0,0,0,0,0,0,0,0,0,0,0,0,0,0,0,0,0,0,0,0,0,0,0,0,0,0,0,0,0,0,0,0,0,0,0,0,0,0,0,0,0,0,0,0,0,0,0,0,0,0,0,0,0,0,0,0,0,0,0,0,0,0,0,0,0,0,0,0,0,0,0,0,0,0,0,0,0,0,0,0,0,0,0,0,0,0,0,0,0,0,0,0,0,0,0,0,0,0,0,0,0,0,0,0,0,0,0,0,0,0,0,0,0,0,0,0,0,1,0,0,0,0,0,0,0,0,0,0,0,0,0,0,0,0,0,0,0,0,0,0,0,0,0,0,0,0,0,0,0,0,0,0,0,0,0,0,0,0,0,0,0,0,0,0,0,0,0,0,0,0,0,0,0,0,0,0,0,0
0,0,0,0,0,0,0,0,0,0,0,0,0,0,0,0,0,0,0,0,0,0,0,0,0,0,0,0,0,0,0,0,0,0,0,0,0,0,0,0,0,0,0,0,0,0,0,0,0,0,0,0,0,0,0,0,0,0,0,0,0,0,0,0,0,0,0,0,0,0,0,0,0,0,0,0,0,0,0,0,0,0,0,0,0,0,0,0,0,0,0,0,0,0,0,0,0,0,0,0,0,0,0,0,0,0,0,0,0,0,0,0,0,0,0,0,0,0,0,0,0,0,0,0,0,0,0,0,0,0,0,0,0,0,0,0,0,0,0,0,0,0,0,0,0,0,0,0,0,0,0,0,0,0,0,0,0,0,0,0,0,0,0,0,0,0,0,0,0,0,0,0,0,0,0,0,0,0,0,0,0,0,0,0,0,0,0,0,0,0,0,0,0,0,0,0,0,0,0,0,0,0,0,0,0,0,0,0,0,0,0,0,0,0,0,0,0,0,0,0,0,0,0,0,0,0,0,0,0,0,0,0,0,0,0,0,0,0,0,0,0,0,0,0,0,0,0,0,0,0,0,0,0,0,0,0,0,0,0,0,0,0,0,0,0,0,0,0,0,0,0,0,0,0,0,0,0,0,0,0,0,0,0,0,0,0,0,0,0,0,0,0,0,0,0,0,0,0,0,0,0,0,0,0,0,0,0,0,0,0,0,0,0,0,0,0,0,0,0,0,0,0,0,0,0,0,0,0,0,0,0,0,0,0,0,0,0,0,0,0,0,0,0,0,0,0,0,0,0,1,0,0,0,0,0,0,0,0,0,0,0,0,0,0,0,0,0,0,0,0,0,0,0,0,0,0,0,0,0,0,0,0,0,0,0,0,0,0,0,0,0,0,0,0,0,0,0,0,0,0,0,0,0,0,0,0,0,0,0
0,0.1210836969317,0,0.0367619429090039,0.10162667835798,0.0680322436110106,0.0367619429090039,0.0498579928542293,0,0,0,0.0892790042075809,0.0280132767810044,0.0892790042075809,0,0.0498579928542293,0.1210836969317,0.0680322436110106,0.169754473731143,0.0180216412275933,0.0367619429090039,0.0367619429090039,0,0.1210836969317,0.0367619429090039,0.0220824020542819,0.0220824020542819,0.0280132767810044,0,0,0,0,0.10162667835798,0.043766842981298,0.043766842981298,0.0892790042075809,0,0,0.0892790042075809,0.1210836969317,0,0,0,0.0280132767810044,0,0,0.0692741039531869,0,0,0.255046685284169,0,0,0.0680322436110106,0,0.0367619429090039,0,0,0,0.0498579928542293,0,0,0.0892790042075809,0.10162667835798,0,0,0.0367619429090039,0.0892790042075809,0.0367619429090039,0.0369686341228109,0.0322603740136931,0.0498579928542293,0.0892790042075809,0,0,0,0.0692741039531869,0.0498579928542293,0.0498579928542293,0,0.0367619429090039,0,0,0.0367619429090039,0,0.0367619429090039,0.0152223787564515,0.0892790042075809,0,0.0680322436110106,0,0.10162667835798,0.0367619429090039,0,0,0,0,0.0367619429090039,0,0,0,0,0,0,0.255046685284169,0.0152223787564515,0.0180216412275933,0,0.283901260176132,0,0.0369686341228109,0,0,0,0,0,0.0322603740136931,0,0.0892790042075809,0.0680322436110106,0.0680322436110106,0.0680322436110106,0,0.125202196225305,0.0698989009481177,0,0,0,0,0,0,0.255046685284169,0,0.10162667835798,0.0498579928542293,0,0.0680322436110106,0,0.0367619429090039,0.0498579928542293,0.0892790042075809,0.0367619429090039,0.0367619429090039,0,0,0.0280132767810044,0.053628690703256,0.0892790042075809,0,0.0367619429090039,0.0498579928542293,0.0892790042075809,0.0220824020542819,0,0.10162667835798,0.0680322436110106,0.0152223787564515,0.053628690703256,0.0892790042075809,0.0220824020542819,0,0,0.0680322436110106,0.0680322436110106,0,0.0680322436110106,0,0,0,0,0.0892790042075809,0.0892790042075809,0,0.0280132767810044,0.1210836969317,0.0892790042075809,0,0.0680322436110106,0,0.0680322436110106,0.0892790042075809,0.10162667835798,0,0,0,0,0,0.053628690703256,0.0367619429090039,0,0.0367619429090039,0.0280132767810044,0,0,0,0.0498579928542293,0,0,0,0,0,0,0.0498579928542293,0.0367619429090039,0.0498579928542293,0.0498579928542293,0.0498579928542293,0,0.0280132767810044,0,0,0,0.0892790042075809,0,0,0,0,0,0,0.0220824020542819,0.0571619052854071,0,0.0892790042075809,0,0.0892790042075809,0.0220824020542819,0,0.0498579928542293,0,0,0.0680322436110106,0.0367619429090039,0.1210836969317,0,0,0.0530114651410014,0,0.0892790042075809,0,0,0.0180216412275933,0,0.0892790042075809,0,0,0.0530114651410014,0.0119366441992466,0.0180216412275933,0.0180216412275933,0.043766842981298,0.0369686341228109,0.0892790042075809,0,0,0,0,0,0,0.0220824020542819,0,0,0,0,0,0.0680322436110106,0,0.0680322436110106,0.0892790042075809,0,0.323546929785103,0.053628690703256,0.0680322436110106,0,0.0280132767810044,0,0.0180216412275933,0,0,0.0220824020542819,0.0571619052854071,0.0692741039531869,0,0,0.323546929785103,0,0,0.0367619429090039,0.0800775472624232,0,0.053628690703256,0.053628690703256,0,0,0,0,0,0,0,0,0,0.1210836969317,0,0,0,0.043766842981298,0,0,0.0892790042075809,0,0.0805457026294476,0,0.323546929785103,0,0,0,0,0,0,0,0,0,0.0220824020542819,0.093363501668661,0,0,0,0,0,0,0.053628690703256,0.0280132767810044,0,0.0180216412275933,0.0367619429090039,0,0.0369686341228109,0,0,0,0,0,0,0.255046685284169,0,0,0,0,0,0.0892790042075809,0,0,1,0,0.0680322436110106,0,0,0,0.283901260176132,0,0,0,0,0.0698989009481177,0,0.0367619429090039,0,0.043766842981298,0,0.0367619429090039,0.043766842981298,0,0,0.053628690703256,0.0680322436110106,0,0,0.0892790042075809,0,0,0.0367619429090039,0.0680322436110106,0,0.053628690703256,0.0892790042075809,0,0,0,0,0,0,0,0,0,0,0,0,0,0,0,0,0.0180216412275933,0.0367619429090039,0.0892790042075809,0.283901260176132,0,0.0892790042075809,0,0,0,0
0,0,0,0,0,0,0,0,0,0,0,0,0,0,0,0,0,0,0,0,0,0,0,0,0,0,0,0,0,0,0,0,0,0,0,0,0,0,0,0,0,0,0,0,0,0,0,0,0,0,0,0,0,0,0,0,0,0,0,0,0,0,0,0,0,0,0,0,0,0,0,0,0,0,0,0,0,0,0,0,0,0,0,0,0,0,0,0,0,0,0,0,0,0,0,0,0,0,0,0,0,0,0,0,0,0,0,0,0,0,0,0,0,0,0,0,0,0,0,0,0,0,0,0,0,0,0,0,0,0,0,0,0,0,0,0,0,0,0,0,0,0,0,0,0,0,0,0,0,0,0,0,0,0,0,0,0,0,0,0,0,0,0,0,0,0,0,0,0,0,0,0,0,0,0,0,0,0,0,0,0,0,0,0,0,0,0,0,0,0,0,0,0,0,0,0,0,0,0,0,0,0,0,0,0,0,0,0,0,0,0,0,0,0,0,0,0,0,0,0,0,0,0,0,0,0,0,0,0,0,0,0,0,0,0,0,0,0,0,0,0,0,0,0,0,0,0,0,0,0,0,0,0,0,0,0,0,0,0,0,0,0,0,0,0,0,0,0,0,0,0,0,0,0,0,0,0,0,0,0,0,0,0,0,0,0,0,0,0,0,0,0,0,0,0,0,0,0,0,0,0,0,0,0,0,0,0,0,0,0,0,0,0,0,0,0,0,0,0,0,0,0,0,0,0,0,0,0,0,0,0,0,0,0,0,0,0,0,0,0,0,0,0,0,0,0,0,0,0,0,0,1,0,0,0,0,0,0,0,0,0,0,0,0,0,0,0,0,0,0,0,0,0,0,0,0,0,0,0,0,0,0,0,0,0,0,0,0,0,0,0,0,0,0,0,0,0,0,0,0,0,0,0,0,0,0,0,0,0
0,0.453010235567401,0,0.0476199206365212,0.115768709113422,0.093408272931481,0.0476199206365212,0.0613432731147329,0,0,0,0.115648378688694,0.0384622300306098,0.115648378688694,0,0.0613432731147329,0.148976520421494,0.093408272931481,0.200063521369343,0.0280132767810044,0.0476199206365212,0.0476199206365212,0,0.148976520421494,0.0476199206365212,0.0322586368373393,0.0322586368373393,0.0384622300306098,0,0,0,0,0.115768709113422,0.490223176474009,0.490223176474009,0.115648378688694,0,0,0.115648378688694,0.148976520421494,0,0,0,0.0384622300306098,0,0,0.239298559427275,0,0,0.078342403747824,0,0,0.673076438978573,0,0.0476199206365212,0,0,0,0.0613432731147329,0,0,0.115648378688694,0.115768709113422,0,0,0.0476199206365212,0.115648378688694,0.0476199206365212,0.112126960792045,0.103073546573992,0.0613432731147329,0.115648378688694,0,0,0,0.271447940451988,0.0613432731147329,0.0613432731147329,0,0.0476199206365212,0,0,0.0476199206365212,0,0.0476199206365212,0.0250877674831517,0.115648378688694,0,0.093408272931481,0,0.115768709113422,0.0476199206365212,0,0,0,0,0.0476199206365212,0,0,0,0,0,0,0.078342403747824,0.0250877674831517,0.0280132767810044,0,0.114242844100718,0,0.112126960792045,0,0,0,0,0,0.103073546573992,0,0.549999174998487,0.093408272931481,0.093408272931481,0.171902619932726,0,0.093408272931481,0.0823790970344355,0,0,0,0,0,0,0.078342403747824,0,0.115768709113422,0.0613432731147329,0,0.284037401363075,0,0.0476199206365212,0.0613432731147329,0.115648378688694,0.0476199206365212,0.0476199206365212,0,0,0.0384622300306098,0.078342403747824,0.115648378688694,0,0.0476199206365212,0.0613432731147329,0.115648378688694,0.0322586368373393,0,0.115768709113422,0.093408272931481,0.0250877674831517,0.078342403747824,0.115648378688694,0.0322586368373393,0,0,0.093408272931481,0.444229946263574,0,0.171902619932726,0,0,0,0,0.115648378688694,0.115648378688694,0,0.0384622300306098,0.148976520421494,0.115648378688694,0,0.093408272931481,0,0.093408272931481,0.115648378688694,0.115768709113422,0,0,0,0,0,0.372579865945962,0.0476199206365212,0,0.0476199206365212,0.0384622300306098,0,0,0,0.0613432731147329,0,0,0,0,0,0,0.0613432731147329,0.0476199206365212,0.0613432731147329,0.0613432731147329,0.0613432731147329,0,0.0384622300306098,0,0,0,0.115648378688694,0,0,0,0,0,0,0.0322586368373393,0.0781973600772233,0,0.115648378688694,0,0.115648378688694,0.0322586368373393,0,0.0613432731147329,0,0,0.093408272931481,0.0476199206365212,0.148976520421494,0,0,0.34440859650897,0,0.115648378688694,0,0,0.0280132767810044,0,0.115648378688694,0,0,0.133274986446135,0.0216548926727131,0.0280132767810044,0.0280132767810044,0.490223176474009,0.439027721118709,0.115648378688694,0,0,0,0,0,0,0.0322586368373393,0,0,0,0,0,0.093408272931481,0,0.093408272931481,0.115648378688694,0,0.093408272931481,0.078342403747824,0.093408272931481,0,0.0384622300306098,0,0.0280132767810044,0,0,0.0322586368373393,0.0781973600772233,0.0892681146452845,0,0,0.093408272931481,0,0,0.0476199206365212,0.100712305912714,0,0.372579865945962,0.372579865945962,0,0,0,0,0,0,0,0,0,0.148976520421494,0,0,0,0.490223176474009,0,0,0.115648378688694,0,0.0680322436110106,0,0.093408272931481,0,0,0,0,0,0,0,0,0,0.0322586368373393,0.114242844100718,0,0,0,0,0,0,0.078342403747824,0.0384622300306098,0,0.0280132767810044,0.0476199206365212,0,0.112126960792045,0,0,0,0,0,0,0.078342403747824,0,0,0,0,0,0.115648378688694,0,0,0.0680322436110106,0,1,0,0,0,0.114242844100718,0,0,0,0,0.0823790970344355,0,0.0476199206365212,0,0.490223176474009,0,0.0476199206365212,0.323546929785103,0,0,0.078342403747824,0.093408272931481,0,0,0.115648378688694,0,0,0.0476199206365212,0.444229946263574,0,0.372579865945962,0.115648378688694,0,0,0,0,0,0,0,0,0,0,0,0,0,0,0,0,0.0280132767810044,0.0476199206365212,0.115648378688694,0.114242844100718,0,0.115648378688694,0,0,0,0
0,0,0,0,0,0,0,0,0,0,0,0,0,0,0,0,0,0,0,0,0,0,0,0,0,0,0,0,0,0,0,0,0,0,0,0,0,0,0,0,0,0,0,0,0,0,0,0,0,0,0,0,0,0,0,0,0,0,0,0,0,0,0,0,0,0,0,0,0,0,0,0,0,0,0,0,0,0,0,0,0,0,0,0,0,0,0,0,0,0,0,0,0,0,0,0,0,0,0,0,0,0,0,0,0,0,0,0,0,0,0,0,0,0,0,0,0,0,0,0,0,0,0,0,0,0,0,0,0,0,0,0,0,0,0,0,0,0,0,0,0,0,0,0,0,0,0,0,0,0,0,0,0,0,0,0,0,0,0,0,0,0,0,0,0,0,0,0,0,0,0,0,0,0,0,0,0,0,0,0,0,0,0,0,0,0,0,0,0,0,0,0,0,0,0,0,0,0,0,0,0,0,0,0,0,0,0,0,0,0,0,0,0,0,0,0,0,0,0,0,0,0,0,0,0,0,0,0,0,0,0,0,0,0,0,0,0,0,0,0,0,0,0,0,0,0,0,0,0,0,0,0,0,0,0,0,0,0,0,0,0,0,0,0,0,0,0,0,0,0,0,0,0,0,0,0,0,0,0,0,0,0,0,0,0,0,0,0,0,0,0,0,0,0,0,0,0,0,0,0,0,0,0,0,0,0,0,0,0,0,0,0,0,0,0,0,0,0,0,0,0,0,0,0,0,0,0,0,0,0,0,0,0,0,0,0,0,0,0,0,0,0,0,0,0,0,0,0,0,0,0,0,0,1,0,0,0,0,0,0,0,0,0,0,0,0,0,0,0,0,0,0,0,0,0,0,0,0,0,0,0,0,0,0,0,0,0,0,0,0,0,0,0,0,0,0,0,0,0,0,0,0,0,0,0,0,0,0,0
0,0,0,0,0,0,0,0,0,0,0,0,0,0,0,0,0,0,0,0,0,0,0,0,0,0,0,0,0,0,0,0,0,0,0,0,0,0,0,0,0,0,0,0,0,0,0,0,0,0,0,0,0,0,0,0,0,0,0,0,0,0,0,0,0,0,0,0,0,0,0,0,0,0,0,0,0,0,0,0,0,0,0,0,0,0,0,0,0,0,0,0,0,0,0,0,0,0,0,0,0,0,0,0,0,0,0,0,0,0,0,0,0,0,0,0,0,0,0,0,0,0,0,0,0,0,0,0,0,0,0,0,0,0,0,0,0,0,0,0,0,0,0,0,0,0,0,0,0,0,0,0,0,0,0,0,0,0,0,0,0,0,0,0,0,0,0,0,0,0,0,0,0,0,0,0,0,0,0,0,0,0,0,0,0,0,0,0,0,0,0,0,0,0,0,0,0,0,0,0,0,0,0,0,0,0,0,0,0,0,0,0,0,0,0,0,0,0,0,0,0,0,0,0,0,0,0,0,0,0,0,0,0,0,0,0,0,0,0,0,0,0,0,0,0,0,0,0,0,0,0,0,0,0,0,0,0,0,0,0,0,0,0,0,0,0,0,0,0,0,0,0,0,0,0,0,0,0,0,0,0,0,0,0,0,0,0,0,0,0,0,0,0,0,0,0,0,0,0,0,0,0,0,0,0,0,0,0,0,0,0,0,0,0,0,0,0,0,0,0,0,0,0,0,0,0,0,0,0,0,0,0,0,0,0,0,0,0,0,0,0,0,0,0,0,0,0,0,0,0,0,0,0,0,1,0,0,0,0,0,0,0,0,0,0,0,0,0,0,0,0,0,0,0,0,0,0,0,0,0,0,0,0,0,0,0,0,0,0,0,0,0,0,0,0,0,0,0,0,0,0,0,0,0,0,0,0,0,0
0,0,0,0,0,0,0,0,0,0,0,0,0,0,0,0,0,0,0,0,0,0,0,0,0,0,0,0,0,0,0,0,0,0,0,0,0,0,0,0,0,0,0,0,0,0,0,0,0,0,0,0,0,0,0,0,0,0,0,0,0,0,0,0,0,0,0,0,0,0,0,0,0,0,0,0,0,0,0,0,0,0,0,0,0,0,0,0,0,0,0,0,0,0,0,0,0,0,0,0,0,0,0,0,0,0,0,0,0,0,0,0,0,0,0,0,0,0,0,0,0,0,0,0,0,0,0,0,0,0,0,0,0,0,0,0,0,0,0,0,0,0,0,0,0,0,0,0,0,0,0,0,0,0,0,0,0,0,0,0,0,0,0,0,0,0,0,0,0,0,0,0,0,0,0,0,0,0,0,0,0,0,0,0,0,0,0,0,0,0,0,0,0,0,0,0,0,0,0,0,0,0,0,0,0,0,0,0,0,0,0,0,0,0,0,0,0,0,0,0,0,0,0,0,0,0,0,0,0,0,0,0,0,0,0,0,0,0,0,0,0,0,0,0,0,0,0,0,0,0,0,0,0,0,0,0,0,0,0,0,0,0,0,0,0,0,0,0,0,0,0,0,0,0,0,0,0,0,0,0,0,0,0,0,0,0,0,0,0,0,0,0,0,0,0,0,0,0,0,0,0,0,0,0,0,0,0,0,0,0,0,0,0,0,0,0,0,0,0,0,0,0,0,0,0,0,0,0,0,0,0,0,0,0,0,0,0,0,0,0,0,0,0,0,0,0,0,0,0,0,0,0,0,0,0,1,0,0,0,0,0,0,0,0,0,0,0,0,0,0,0,0,0,0,0,0,0,0,0,0,0,0,0,0,0,0,0,0,0,0,0,0,0,0,0,0,0,0,0,0,0,0,0,0,0,0,0,0,0
0,0.159332176574263,0,0.0545144690325174,0.108384549152341,0.114242844100718,0.0545144690325174,0.0656073668246963,0,0,0,0.132392281936114,0.0470411711002957,0.480458425321575,0,0.0656073668246963,0.605153498285355,0.114242844100718,0.200036727313821,0.0384437948047428,0.0545144690325174,0.0545144690325174,0,0.159332176574263,0.0545144690325174,0.0419459661208335,0.0419459661208335,0.0470411711002957,0,0,0,0,0.108384549152341,0.093363501668661,0.093363501668661,0.132392281936114,0,0,0.132392281936114,0.159332176574263,0,0,0,0.0470411711002957,0,0,0.107043163036001,0,0,0.309764233772802,0,0,0.114242844100718,0,0.0545144690325174,0,0,0,0.0656073668246963,0,0,0.132392281936114,0.108384549152341,0,0,0.0545144690325174,0.132392281936114,0.0545144690325174,0.0874847549747102,0.0834057617636217,0.0656073668246963,0.132392281936114,0,0,0,0.107043163036001,0.0656073668246963,0.0656073668246963,0,0.0545144690325174,0,0,0.0545144690325174,0,0.0545144690325174,0.0360231344013513,0.132392281936114,0,0.114242844100718,0,0.108384549152341,0.0545144690325174,0,0,0,0,0.0545144690325174,0,0,0,0,0,0,0.309764233772802,0.0360231344013513,0.0384437948047428,0,1,0,0.0874847549747102,0,0,0,0,0,0.0834057617636217,0,0.132392281936114,0.114242844100718,0.114242844100718,0.114242844100718,0,0.210245234101322,0.0823680641880438,0,0,0,0,0,0,0.309764233772802,0,0.108384549152341,0.0656073668246963,0,0.114242844100718,0,0.0545144690325174,0.0656073668246963,0.132392281936114,0.0545144690325174,0.0545144690325174,0,0,0.0470411711002957,0.101868774864881,0.132392281936114,0,0.0545144690325174,0.0656073668246963,0.132392281936114,0.0419459661208335,0,0.108384549152341,0.114242844100718,0.0360231344013513,0.339176100632449,0.21027009483971,0.0419459661208335,0,0,0.114242844100718,0.114242844100718,0,0.114242844100718,0,0,0,0,0.132392281936114,0.480458425321575,0,0.0470411711002957,0.159332176574263,0.132392281936114,0,0.177385355644739,0,0.396451212021955,0.21027009483971,0.108384549152341,0,0,0,0,0,0.101868774864881,0.0545144690325174,0,0.0545144690325174,0.0470411711002957,0,0,0,0.0656073668246963,0,0,0,0,0,0,0.0656073668246963,0.0545144690325174,0.0656073668246963,0.0656073668246963,0.0656073668246963,0,0.0470411711002957,0,0,0,0.132392281936114,0,0,0,0,0,0,0.0419459661208335,0.153384432711288,0,0.132392281936114,0,0.132392281936114,0.0419459661208335,0,0.0656073668246963,0,0,0.114242844100718,0.0545144690325174,0.159332176574263,0,0,0.0926432048900211,0,0.21027009483971,0,0,0.0384437948047428,0,0.480458425321575,0,0,0.321495067401043,0.0331750465663922,0.0384437948047428,0.0384437948047428,0.093363501668661,0.0874847549747102,0.132392281936114,0,0,0,0,0,0,0.0419459661208335,0,0,0,0,0,0.177385355644739,0,0.177385355644739,0.132392281936114,0,0.347391505530755,0.101868774864881,0.177385355644739,0,0.0470411711002957,0,0.0384437948047428,0,0,0.0419459661208335,0.153384432711288,0.338802458190567,0,0,0.347391505530755,0,0,0.0545144690325174,0.116943821213321,0,0.101868774864881,0.101868774864881,0,0,0,0,0,0,0,0,0,0.159332176574263,0,0,0,0.093363501668661,0,0,0.132392281936114,0,0.171820225759973,0,0.347391505530755,0,0,0,0,0,0,0,0,0,0.0419459661208335,0.128260965201707,0,0,0,0,0,0,0.101868774864881,0.0470411711002957,0,0.0384437948047428,0.0545144690325174,0,0.0874847549747102,0,0,0,0,0,0,0.309764233772802,0,0,0,0,0,0.132392281936114,0,0,0.283901260176132,0,0.114242844100718,0,0,0,1,0,0,0,0,0.0823680641880438,0,0.0545144690325174,0,0.093363501668661,0,0.0545144690325174,0.093363501668661,0,0,0.101868774864881,0.396451212021955,0,0,0.132392281936114,0,0,0.0545144690325174,0.114242844100718,0,0.101868774864881,0.132392281936114,0,0,0,0,0,0,0,0,0,0,0,0,0,0,0,0,0.0384437948047428,0.0545144690325174,0.132392281936114,1,0,0.132392281936114,0,0,0,0
0,0,0,0,0,0,0,0,0,0,0,0,0,0,0,0,0,0,0,0,0,0,0,0,0,0,0,0,0,0,0,0,0,0,0,0,0,0,0,0,0,0,0,0,0,0,0,0,0,0,0,0,0,0,0,0,0,0,0,0,0,0,0,0,0,0,0,0,0,0,0,0,0,0,0,0,0,0,0,0,0,0,0,0,0,0,0,0,0,0,0,0,0,0,0,0,0,0,0,0,0,0,0,0,0,0,0,0,0,0,0,0,0,0,0,0,0,0,0,0,0,0,0,0,0,0,0,0,0,0,0,0,0,0,0,0,0,0,0,0,0,0,0,0,0,0,0,0,0,0,0,0,0,0,0,0,0,0,0,0,0,0,0,0,0,0,0,0,0,0,0,0,0,0,0,0,0,0,0,0,0,0,0,0,0,0,0,0,0,0,0,0,0,0,0,0,0,0,0,0,0,0,0,0,0,0,0,0,0,0,0,0,0,0,0,0,0,0,0,0,0,0,0,0,0,0,0,0,0,0,0,0,0,0,0,0,0,0,0,0,0,0,0,0,0,0,0,0,0,0,0,0,0,0,0,0,0,0,0,0,0,0,0,0,0,0,0,0,0,0,0,0,0,0,0,0,0,0,0,0,0,0,0,0,0,0,0,0,0,0,0,0,0,0,0,0,0,0,0,0,0,0,0,0,0,0,0,0,0,0,0,0,0,0,0,0,0,0,0,0,0,0,0,0,0,0,0,0,0,0,0,0,0,0,0,0,0,0,0,0,0,0,0,0,0,0,0,0,0,0,0,0,0,0,0,0,0,1,0,0,0,0,0,0,0,0,0,0,0,0,0,0,0,0,0,0,0,0,0,0,0,0,0,0,0,0,0,0,0,0,0,0,0,0,0,0,0,0,0,0,0,0,0,0,0,0,0,0,0
0,0,0,0,0,0,0,0,0,0,0,0,0,0,0,0,0,0,0,0,0,0,0,0,0,0,0,0,0,0,0,0,0,0,0,0,0,0,0,0,0,0,0,0,0,0,0,0,0,0,0,0,0,0,0,0,0,0,0,0,0,0,0,0,0,0,0,0,0,0,0,0,0,0,0,0,0,0,0,0,0,0,0,0,0,0,0,0,0,0,0,0,0,0,0,0,0,0,0,0,0,0,0,0,0,0,0,0,0,0,0,0,0,0,0,0,0,0,0,0,0,0,0,0,0,0,0,0,0,0,0,0,0,0,0,0,0,0,0,0,0,0,0,0,0,0,0,0,0,0,0,0,0,0,0,0,0,0,0,0,0,0,0,0,0,0,0,0,0,0,0,0,0,0,0,0,0,0,0,0,0,0,0,0,0,0,0,0,0,0,0,0,0,0,0,0,0,0,0,0,0,0,0,0,0,0,0,0,0,0,0,0,0,0,0,0,0,0,0,0,0,0,0,0,0,0,0,0,0,0,0,0,0,0,0,0,0,0,0,0,0,0,0,0,0,0,0,0,0,0,0,0,0,0,0,0,0,0,0,0,0,0,0,0,0,0,0,0,0,0,0,0,0,0,0,0,0,0,0,0,0,0,0,0,0,0,0,0,0,0,0,0,0,0,0,0,0,0,0,0,0,0,0,0,0,0,0,0,0,0,0,0,0,0,0,0,0,0,0,0,0,0,0,0,0,0,0,0,0,0,0,0,0,0,0,0,0,0,0,0,0,0,0,0,0,0,0,0,0,0,0,0,0,0,0,0,0,0,1,0,0,0,0,0,0,0,0,0,0,0,0,0,0,0,0,0,0,0,0,0,0,0,0,0,0,0,0,0,0,0,0,0,0,0,0,0,0,0,0,0,0,0,0,0,0,0,0,0,0
0,0,0,0,0,0,0,0,0,0,0,0,0,0,0,0,0,0,0,0,0,0,0,0,0,0,0,0,0,0,0,0,0,0,0,0,0,0,0,0,0,0,0,0,0,0,0,0,0,0,0,0,0,0,0,0,0,0,0,0,0,0,0,0,0,0,0,0,0,0,0,0,0,0,0,0,0,0,0,0,0,0,0,0,0,0,0,0,0,0,0,0,0,0,0,0,0,0,0,0,0,0,0,0,0,0,0,0,0,0,0,0,0,0,0,0,0,0,0,0,0,0,0,0,0,0,0,0,0,0,0,0,0,0,0,0,0,0,0,0,0,0,0,0,0,0,0,0,0,0,0,0,0,0,0,0,0,0,0,0,0,0,0,0,0,0,0,0,0,0,0,0,0,0,0,0,0,0,0,0,0,0,0,0,0,0,0,0,0,0,0,0,0,0,0,0,0,0,0,0,0,0,0,0,0,0,0,0,0,0,0,0,0,0,0,0,0,0,0,0,0,0,0,0,0,0,0,0,0,0,0,0,0,0,0,0,0,0,0,0,0,0,0,0,0,0,0,0,0,0,0,0,0,0,0,0,0,0,0,0,0,0,0,0,0,0,0,0,0,0,0,0,0,0,0,0,0,0,0,0,0,0,0,0,0,0,0,0,0,0,0,0,0,0,0,0,0,0,0,0,0,0,0,0,0,0,0,0,0,0,0,0,0,0,0,0,0,0,0,0,0,0,0,0,0,0,0,0,0,0,0,0,0,0,0,0,0,0,0,0,0,0,0,0,0,0,0,0,0,0,0,0,0,0,0,0,0,0,0,1,0,0,0,0,0,0,0,0,0,0,0,0,0,0,0,0,0,0,0,0,0,0,0,0,0,0,0,0,0,0,0,0,0,0,0,0,0,0,0,0,0,0,0,0,0,0,0,0,0
0,0,0,0,0,0,0,0,0,0,0,0,0,0,0,0,0,0,0,0,0,0,0,0,0,0,0,0,0,0,0,0,0,0,0,0,0,0,0,0,0,0,0,0,0,0,0,0,0,0,0,0,0,0,0,0,0,0,0,0,0,0,0,0,0,0,0,0,0,0,0,0,0,0,0,0,0,0,0,0,0,0,0,0,0,0,0,0,0,0,0,0,0,0,0,0,0,0,0,0,0,0,0,0,0,0,0,0,0,0,0,0,0,0,0,0,0,0,0,0,0,0,0,0,0,0,0,0,0,0,0,0,0,0,0,0,0,0,0,0,0,0,0,0,0,0,0,0,0,0,0,0,0,0,0,0,0,0,0,0,0,0,0,0,0,0,0,0,0,0,0,0,0,0,0,0,0,0,0,0,0,0,0,0,0,0,0,0,0,0,0,0,0,0,0,0,0,0,0,0,0,0,0,0,0,0,0,0,0,0,0,0,0,0,0,0,0,0,0,0,0,0,0,0,0,0,0,0,0,0,0,0,0,0,0,0,0,0,0,0,0,0,0,0,0,0,0,0,0,0,0,0,0,0,0,0,0,0,0,0,0,0,0,0,0,0,0,0,0,0,0,0,0,0,0,0,0,0,0,0,0,0,0,0,0,0,0,0,0,0,0,0,0,0,0,0,0,0,0,0,0,0,0,0,0,0,0,0,0,0,0,0,0,0,0,0,0,0,0,0,0,0,0,0,0,0,0,0,0,0,0,0,0,0,0,0,0,0,0,0,0,0,0,0,0,0,0,0,0,0,0,0,0,0,0,0,0,0,0,0,1,0,0,0,0,0,0,0,0,0,0,0,0,0,0,0,0,0,0,0,0,0,0,0,0,0,0,0,0,0,0,0,0,0,0,0,0,0,0,0,0,0,0,0,0,0,0,0,0
0,0.109892388006257,0,0.0933602719681705,0.176370950666949,0.0823790970344355,0.0933602719681705,0.266881513729481,0,0,0,0.0933602719681705,0.0823790970344355,0.0933602719681705,0,0.491151693334087,0.109892388006257,0.0823790970344355,0.135412554283458,0.0698989009481177,0.0933602719681705,0.0933602719681705,0,0.109892388006257,0.0933602719681705,0.074963219752206,0.074963219752206,0.0823790970344355,0,0,0,0,0.176370950666949,0.0698989009481177,0.0698989009481177,0.0933602719681705,0,0,0.0933602719681705,0.109892388006257,0,0,0,0.0823790970344355,0,0,0.195397715277615,0,0,0.074963219752206,0,0,0.0823790970344355,0,0.0933602719681705,0,0,0,0.109892388006257,0,0,0.0933602719681705,0.176370950666949,0,0,0.0933602719681705,0.0933602719681705,0.226732089065557,0.0664140661903645,0.0640035322631421,0.109892388006257,0.0933602719681705,0,0,0,0.070518967832025,0.266881513729481,0.109892388006257,0,0.0933602719681705,0,0,0.0933602719681705,0,0.0933602719681705,0.0664140661903645,0.0933602719681705,0,0.0823790970344355,0,0.176370950666949,0.0933602719681705,0,0,0,0,0.0933602719681705,0,0,0,0,0,0,0.074963219752206,0.0664140661903645,0.0698989009481177,0,0.0823680641880438,0,0.0664140661903645,0,0,0,0,0,0.0640035322631421,0,0.0933602719681705,0.0823790970344355,0.0823790970344355,0.0823790970344355,0,0.0823790970344355,1,0,0,0,0,0,0,0.074963219752206,0,0.176370950666949,0.266881513729481,0,0.0823790970344355,0,0.0933602719681705,0.109892388006257,0.0933602719681705,0.0933602719681705,0.0933602719681705,0,0,0.0823790970344355,0.074963219752206,0.0933602719681705,0,0.0933602719681705,0.266881513729481,0.0933602719681705,0.074963219752206,0,0.176370950666949,0.0823790970344355,0.0664140661903645,0.074963219752206,0.0933602719681705,0.074963219752206,0,0,0.0823790970344355,0.0823790970344355,0,0.0823790970344355,0,0,0,0,0.0933602719681705,0.0933602719681705,0,0.0823790970344355,0.109892388006257,0.0933602719681705,0,0.0823790970344355,0,0.0823790970344355,0.0933602719681705,0.176370950666949,0,0,0,0,0,0.074963219752206,0.226732089065557,0,0.0933602719681705,0.0823790970344355,0,0,0,0.109892388006257,0,0,0,0,0,0,0.109892388006257,0.0933602719681705,0.109892388006257,0.109892388006257,0.109892388006257,0,0.0823790970344355,0,0,0,0.0933602719681705,0,0,0,0,0,0,0.074963219752206,0.067924107086904,0,0.0933602719681705,0,0.0933602719681705,0.074963219752206,0,0.109892388006257,0,0,0.0823790970344355,0.0933602719681705,0.109892388006257,0,0,0.0625463769526861,0,0.0933602719681705,0,0,0.0698989009481177,0,0.0933602719681705,0,0,0.0625463769526861,0.0623300805587105,0.0698989009481177,0.0698989009481177,0.0698989009481177,0.0664140661903645,0.0933602719681705,0,0,0,0,0,0,0.074963219752206,0,0,0,0,0,0.0823790970344355,0,0.0823790970344355,0.0933602719681705,0,0.0823790970344355,0.074963219752206,0.0823790970344355,0,0.0823790970344355,0,0.0698989009481177,0,0,0.074963219752206,0.067924107086904,0.070518967832025,0,0,0.0823790970344355,0,0,0.0933602719681705,0.0823680641880438,0,0.074963219752206,0.074963219752206,0,0,0,0,0,0,0,0,0,0.109892388006257,0,0,0,0.0698989009481177,0,0,0.0933602719681705,0,0.0698989009481177,0,0.0823790970344355,0,0,0,0,0,0,0,0,0,0.074963219752206,0.0823680641880438,0,0,0,0,0,0,0.074963219752206,0.0823790970344355,0,0.0698989009481177,0.0933602719681705,0,0.0664140661903645,0,0,0,0,0,0,0.074963219752206,0,0,0,0,0,0.0933602719681705,0,0,0.0698989009481177,0,0.0823790970344355,0,0,0,0.0823680641880438,0,0,0,0,1,0,0.0933602719681705,0,0.0698989009481177,0,0.0933602719681705,0.0698989009481177,0,0,0.074963219752206,0.0823790970344355,0,0,0.0933602719681705,0,0,0.226732089065557,0.0823790970344355,0,0.074963219752206,0.0933602719681705,0,0,0,0,0,0,0,0,0,0,0,0,0,0,0,0,0.0698989009481177,0.0933602719681705,0.0933602719681705,0.0823680641880438,0,0.0933602719681705,0,0,0,0
0,0,0,0,0,0,0,0,0,0,0,0,0,0,0,0,0,0,0,0,0,0,0,0,0,0,0,0,0,0,0,0,0,0,0,0,0,0,0,0,0,0,0,0,0,0,0,0,0,0,0,0,0,0,0,0,0,0,0,0,0,0,0,0,0,0,0,0,0,0,0,0,0,0,0,0,0,0,0,0,0,0,0,0,0,0,0,0,0,0,0,0,0,0,0,0,0,0,0,0,0,0,0,0,0,0,0,0,0,0,0,0,0,0,0,0,0,0,0,0,0,0,0,0,0,0,0,0,0,0,0,0,0,0,0,0,0,0,0,0,0,0,0,0,0,0,0,0,0,0,0,0,0,0,0,0,0,0,0,0,0,0,0,0,0,0,0,0,0,0,0,0,0,0,0,0,0,0,0,0,0,0,0,0,0,0,0,0,0,0,0,0,0,0,0,0,0,0,0,0,0,0,0,0,0,0,0,0,0,0,0,0,0,0,0,0,0,0,0,0,0,0,0,0,0,0,0,0,0,0,0,0,0,0,0,0,0,0,0,0,0,0,0,0,0,0,0,0,0,0,0,0,0,0,0,0,0,0,0,0,0,0,0,0,0,0,0,0,0,0,0,0,0,0,0,0,0,0,0,0,0,0,0,0,0,0,0,0,0,0,0,0,0,0,0,0,0,0,0,0,0,0,0,0,0,0,0,0,0,0,0,0,0,0,0,0,0,0,0,0,0,0,0,0,0,0,0,0,0,0,0,0,0,0,0,0,0,0,0,0,0,0,0,0,0,0,0,0,0,0,0,0,0,0,0,0,0,0,0,0,0,0,1,0,0,0,0,0,0,0,0,0,0,0,0,0,0,0,0,0,0,0,0,0,0,0,0,0,0,0,0,0,0,0,0,0,0,0,0,0,0,0,0,0,0,0,0,0,0
0,0.0714299464323527,0,0.0571439257166366,0.128249502550101,0.0476199206365212,0.0571439257166366,0.0714299464323527,0,0,0,0.0571439257166366,0.115648378688694,0.0571439257166366,0,0.0714299464323527,0.0714299464323527,0.0476199206365212,0.0933602719681705,0.0367619429090039,0.0571439257166366,0.0571439257166366,0,0.0714299464323527,0.0571439257166366,0.041172338956928,0.041172338956928,0.0476199206365212,0,0,0,0,0.128249502550101,0.0367619429090039,0.0367619429090039,0.0571439257166366,0,0,0.0571439257166366,0.0714299464323527,0,0,0,0.115648378688694,0,0,0.0533176407887724,0,0,0.041172338956928,0,0,0.0476199206365212,0,0.0571439257166366,0,0,0,0.0714299464323527,0,0,0.0571439257166366,0.128249502550101,0,0,0.0571439257166366,0.0571439257166366,0.0571439257166366,0.0337236205744276,0.0316202950567523,0.0714299464323527,0.0571439257166366,0,0,0,0.0439086453554596,0.0714299464323527,0.319248127932352,0,0.255398361876396,0,0,0.255398361876396,0,0.255398361876396,0.0337236205744276,0.0571439257166366,0,0.0476199206365212,0,0.128249502550101,0.255398361876396,0,0,0,0,0.0571439257166366,0,0,0,0,0,0,0.041172338956928,0.0337236205744276,0.0367619429090039,0,0.0545144690325174,0,0.0337236205744276,0,0,0,0,0,0.0316202950567523,0,0.0571439257166366,0.0476199206365212,0.0476199206365212,0.0476199206365212,0,0.0476199206365212,0.0933602719681705,0,0,0,0,0,0,0.041172338956928,0,0.128249502550101,0.0714299464323527,0,0.0476199206365212,0,0.138778105311832,0.0714299464323527,0.0571439257166366,0.0571439257166366,0.0571439257166366,0,0,0.0476199206365212,0.041172338956928,0.0571439257166366,0,0.0571439257166366,0.0714299464323527,0.0571439257166366,0.041172338956928,0,0.128249502550101,0.0476199206365212,0.0337236205744276,0.041172338956928,0.0571439257166366,0.041172338956928,0,0,0.0476199206365212,0.0476199206365212,0,0.0476199206365212,0,0,0,0,0.0571439257166366,0.0571439257166366,0,0.0476199206365212,0.0714299464323527,0.0571439257166366,0,0.0476199206365212,0,0.0476199206365212,0.0571439257166366,0.128249502550101,0,0,0,0,0,0.041172338956928,0.0571439257166366,0,0.0571439257166366,0.0476199206365212,0,0,0,0.527498700621427,0,0,0,0,0,0,0.319248127932352,0.0571439257166366,0.319248127932352,0.319248127932352,0.527498700621427,0,0.115648378688694,0,0,0,0.0571439257166366,0,0,0,0,0,0,0.041172338956928,0.0397384474440781,0,0.0571439257166366,0,0.0571439257166366,0.041172338956928,0,0.319248127932352,0,0,0.0476199206365212,0.138778105311832,0.0714299464323527,0,0,0.0367574589715877,0,0.0571439257166366,0,0,0.0367619429090039,0,0.0571439257166366,0,0,0.0367574589715877,0.0301593188641145,0.0367619429090039,0.0367619429090039,0.0367619429090039,0.0337236205744276,0.0571439257166366,0,0,0,0,0,0,0.041172338956928,0,0,0,0,0,0.0476199206365212,0,0.0476199206365212,0.0571439257166366,0,0.0476199206365212,0.041172338956928,0.0476199206365212,0,0.0476199206365212,0,0.0367619429090039,0,0,0.041172338956928,0.0397384474440781,0.0439086453554596,0,0,0.0476199206365212,0,0,0.138778105311832,0.243646300369823,0,0.041172338956928,0.041172338956928,0,0,0,0,0,0,0,0,0,0.0714299464323527,0,0,0,0.0367619429090039,0,0,0.0571439257166366,0,0.0367619429090039,0,0.0476199206365212,0,0,0,0,0,0,0,0,0,0.041172338956928,0.0545144690325174,0,0,0,0,0,0,0.041172338956928,0.0476199206365212,0,0.0367619429090039,0.138778105311832,0,0.0337236205744276,0,0,0,0,0,0,0.041172338956928,0,0,0,0,0,0.0571439257166366,0,0,0.0367619429090039,0,0.0476199206365212,0,0,0,0.0545144690325174,0,0,0,0,0.0933602719681705,0,1,0,0.0367619429090039,0,0.0571439257166366,0.0367619429090039,0,0,0.041172338956928,0.0476199206365212,0,0,0.0571439257166366,0,0,0.0571439257166366,0.0476199206365212,0,0.041172338956928,0.0571439257166366,0,0,0,0,0,0,0,0,0,0,0,0,0,0,0,0,0.0367619429090039,0.0571439257166366,0.0571439257166366,0.0545144690325174,0,0.0571439257166366,0,0,0,0
0,0,0,0,0,0,0,0,0,0,0,0,0,0,0,0,0,0,0,0,0,0,0,0,0,0,0,0,0,0,0,0,0,0,0,0,0,0,0,0,0,0,0,0,0,0,0,0,0,0,0,0,0,0,0,0,0,0,0,0,0,0,0,0,0,0,0,0,0,0,0,0,0,0,0,0,0,0,0,0,0,0,0,0,0,0,0,0,0,0,0,0,0,0,0,0,0,0,0,0,0,0,0,0,0,0,0,0,0,0,0,0,0,0,0,0,0,0,0,0,0,0,0,0,0,0,0,0,0,0,0,0,0,0,0,0,0,0,0,0,0,0,0,0,0,0,0,0,0,0,0,0,0,0,0,0,0,0,0,0,0,0,0,0,0,0,0,0,0,0,0,0,0,0,0,0,0,0,0,0,0,0,0,0,0,0,0,0,0,0,0,0,0,0,0,0,0,0,0,0,0,0,0,0,0,0,0,0,0,0,0,0,0,0,0,0,0,0,0,0,0,0,0,0,0,0,0,0,0,0,0,0,0,0,0,0,0,0,0,0,0,0,0,0,0,0,0,0,0,0,0,0,0,0,0,0,0,0,0,0,0,0,0,0,0,0,0,0,0,0,0,0,0,0,0,0,0,0,0,0,0,0,0,0,0,0,0,0,0,0,0,0,0,0,0,0,0,0,0,0,0,0,0,0,0,0,0,0,0,0,0,0,0,0,0,0,0,0,0,0,0,0,0,0,0,0,0,0,0,0,0,0,0,0,0,0,0,0,0,0,0,0,0,0,0,0,0,0,0,0,0,0,0,0,0,0,0,0,0,0,0,0,0,0,1,0,0,0,0,0,0,0,0,0,0,0,0,0,0,0,0,0,0,0,0,0,0,0,0,0,0,0,0,0,0,0,0,0,0,0,0,0,0,0,0,0,0,0,0
0,0.368193282506597,0,0.0367619429090039,0.10162667835798,0.0680322436110106,0.0367619429090039,0.0498579928542293,0,0,0,0.0892790042075809,0.0280132767810044,0.0892790042075809,0,0.0498579928542293,0.1210836969317,0.0680322436110106,0.169754473731143,0.0180216412275933,0.0367619429090039,0.0367619429090039,0,0.1210836969317,0.0367619429090039,0.0220824020542819,0.0220824020542819,0.0280132767810044,0,0,0,0,0.10162667835798,0.468554246939164,0.468554246939164,0.0892790042075809,0,0,0.0892790042075809,0.1210836969317,0,0,0,0.0280132767810044,0,0,0.179069247970045,0,0,0.053628690703256,0,0,0.490223176474009,0,0.0367619429090039,0,0,0,0.0498579928542293,0,0,0.0892790042075809,0.10162667835798,0,0,0.0367619429090039,0.0892790042075809,0.0367619429090039,0.0680347132176099,0.0593699320083931,0.0498579928542293,0.0892790042075809,0,0,0,0.21064982630663,0.0498579928542293,0.0498579928542293,0,0.0367619429090039,0,0,0.0367619429090039,0,0.0367619429090039,0.0152223787564515,0.0892790042075809,0,0.0680322436110106,0,0.10162667835798,0.0367619429090039,0,0,0,0,0.0367619429090039,0,0,0,0,0,0,0.053628690703256,0.0152223787564515,0.0180216412275933,0,0.093363501668661,0,0.0680347132176099,0,0,0,0,0,0.0593699320083931,0,0.424592019495871,0.0680322436110106,0.0680322436110106,0.125202196225305,0,0.0680322436110106,0.0698989009481177,0,0,0,0,0,0,0.053628690703256,0,0.10162667835798,0.0498579928542293,0,0.206873557102869,0,0.0367619429090039,0.0498579928542293,0.0892790042075809,0.0367619429090039,0.0367619429090039,0,0,0.0280132767810044,0.053628690703256,0.0892790042075809,0,0.0367619429090039,0.0498579928542293,0.0892790042075809,0.0220824020542819,0,0.10162667835798,0.0680322436110106,0.0152223787564515,0.053628690703256,0.0892790042075809,0.0220824020542819,0,0,0.0680322436110106,0.323546929785103,0,0.125202196225305,0,0,0,0,0.0892790042075809,0.0892790042075809,0,0.0280132767810044,0.1210836969317,0.0892790042075809,0,0.0680322436110106,0,0.0680322436110106,0.0892790042075809,0.10162667835798,0,0,0,0,0,0.255046685284169,0.0367619429090039,0,0.0367619429090039,0.0280132767810044,0,0,0,0.0498579928542293,0,0,0,0,0,0,0.0498579928542293,0.0367619429090039,0.0498579928542293,0.0498579928542293,0.0498579928542293,0,0.0280132767810044,0,0,0,0.0892790042075809,0,0,0,0,0,0,0.0220824020542819,0.0571619052854071,0,0.0892790042075809,0,0.0892790042075809,0.0220824020542819,0,0.0498579928542293,0,0,0.0680322436110106,0.0367619429090039,0.1210836969317,0,0,0.252111291343699,0,0.0892790042075809,0,0,0.0180216412275933,0,0.0892790042075809,0,0,0.0975589148393219,0.0119366441992466,0.0180216412275933,0.0180216412275933,0.468554246939164,0.395774731323091,0.0892790042075809,0,0,0,0,0,0,0.0220824020542819,0,0,0,0,0,0.0680322436110106,0,0.0680322436110106,0.0892790042075809,0,0.0680322436110106,0.053628690703256,0.0680322436110106,0,0.0280132767810044,0,0.0180216412275933,0,0,0.0220824020542819,0.0571619052854071,0.0692741039531869,0,0,0.0680322436110106,0,0,0.0367619429090039,0.0800775472624232,0,0.255046685284169,0.255046685284169,0,0,0,0,0,0,0,0,0,0.1210836969317,0,0,0,0.468554246939164,0,0,0.0892790042075809,0,0.043766842981298,0,0.0680322436110106,0,0,0,0,0,0,0,0,0,0.0220824020542819,0.093363501668661,0,0,0,0,0,0,0.053628690703256,0.0280132767810044,0,0.0180216412275933,0.0367619429090039,0,0.0680347132176099,0,0,0,0,0,0,0.053628690703256,0,0,0,0,0,0.0892790042075809,0,0,0.043766842981298,0,0.490223176474009,0,0,0,0.093363501668661,0,0,0,0,0.0698989009481177,0,0.0367619429090039,0,1,0,0.0367619429090039,0.208145827939354,0,0,0.053628690703256,0.0680322436110106,0,0,0.0892790042075809,0,0,0.0367619429090039,0.323546929785103,0,0.255046685284169,0.0892790042075809,0,0,0,0,0,0,0,0,0,0,0,0,0,0,0,0,0.0180216412275933,0.0367619429090039,0.0892790042075809,0.093363501668661,0,0.0892790042075809,0,0,0,0
0,0,0,0,0,0,0,0,0,0,0,0,0,0,0,0,0,0,0,0,0,0,0,0,0,0,0,0,0,0,0,0,0,0,0,0,0,0,0,0,0,0,0,0,0,0,0,0,0,0,0,0,0,0,0,0,0,0,0,0,0,0,0,0,0,0,0,0,0,0,0,0,0,0,0,0,0,0,0,0,0,0,0,0,0,0,0,0,0,0,0,0,0,0,0,0,0,0,0,0,0,0,0,0,0,0,0,0,0,0,0,0,0,0,0,0,0,0,0,0,0,0,0,0,0,0,0,0,0,0,0,0,0,0,0,0,0,0,0,0,0,0,0,0,0,0,0,0,0,0,0,0,0,0,0,0,0,0,0,0,0,0,0,0,0,0,0,0,0,0,0,0,0,0,0,0,0,0,0,0,0,0,0,0,0,0,0,0,0,0,0,0,0,0,0,0,0,0,0,0,0,0,0,0,0,0,0,0,0,0,0,0,0,0,0,0,0,0,0,0,0,0,0,0,0,0,0,0,0,0,0,0,0,0,0,0,0,0,0,0,0,0,0,0,0,0,0,0,0,0,0,0,0,0,0,0,0,0,0,0,0,0,0,0,0,0,0,0,0,0,0,0,0,0,0,0,0,0,0,0,0,0,0,0,0,0,0,0,0,0,0,0,0,0,0,0,0,0,0,0,0,0,0,0,0,0,0,0,0,0,0,0,0,0,0,0,0,0,0,0,0,0,0,0,0,0,0,0,0,0,0,0,0,0,0,0,0,0,0,0,0,0,0,0,0,0,0,0,0,0,0,0,0,0,0,0,0,0,0,0,0,0,0,0,0,0,1,0,0,0,0,0,0,0,0,0,0,0,0,0,0,0,0,0,0,0,0,0,0,0,0,0,0,0,0,0,0,0,0,0,0,0,0,0,0,0,0,0,0
0,0.0714299464323527,0,0.0571439257166366,0.128249502550101,0.0476199206365212,0.0571439257166366,0.0714299464323527,0,0,0,0.0571439257166366,0.0476199206365212,0.0571439257166366,0,0.0714299464323527,0.0714299464323527,0.0476199206365212,0.0933602719681705,0.271481053610807,0.421998728397202,0.0571439257166366,0,0.0714299464323527,0.421998728397202,0.47553108355459,0.47553108355459,0.0476199206365212,0,0,0,0,0.128249502550101,0.0367619429090039,0.0367619429090039,0.0571439257166366,0,0,0.0571439257166366,0.0714299464323527,0,0,0,0.0476199206365212,0,0,0.0533176407887724,0,0,0.041172338956928,0,0,0.0476199206365212,0,0.659999251998354,0,0,0,0.0714299464323527,0,0,0.0571439257166366,0.128249502550101,0,0,0.659999251998354,0.0571439257166366,0.0571439257166366,0.0337236205744276,0.0316202950567523,0.319248127932352,0.0571439257166366,0,0,0,0.0439086453554596,0.0714299464323527,0.0714299464323527,0,0.0571439257166366,0,0,0.0571439257166366,0,0.0571439257166366,0.249043530364504,0.0571439257166366,0,0.0476199206365212,0,0.128249502550101,0.0571439257166366,0,0,0,0,0.0571439257166366,0,0,0,0,0,0,0.041172338956928,0.249043530364504,0.271481053610807,0,0.0545144690325174,0,0.0337236205744276,0,0,0,0,0,0.0316202950567523,0,0.0571439257166366,0.0476199206365212,0.0476199206365212,0.0476199206365212,0,0.0476199206365212,0.0933602719681705,0,0,0,0,0,0,0.041172338956928,0,0.128249502550101,0.0714299464323527,0,0.0476199206365212,0,0.0571439257166366,0.173472727049999,0.0571439257166366,0.0571439257166366,0.0571439257166366,0,0,0.351665478053376,0.041172338956928,0.0571439257166366,0,0.0571439257166366,0.0714299464323527,0.0571439257166366,0.304051121218363,0,0.128249502550101,0.0476199206365212,0.249043530364504,0.041172338956928,0.0571439257166366,0.304051121218363,0,0,0.0476199206365212,0.0476199206365212,0,0.0476199206365212,0,0,0,0,0.0571439257166366,0.0571439257166366,0,0.351665478053376,0.0714299464323527,0.0571439257166366,0,0.0476199206365212,0,0.0476199206365212,0.0571439257166366,0.128249502550101,0,0,0,0,0,0.041172338956928,0.0571439257166366,0,0.421998728397202,0.0476199206365212,0,0,0,0.0714299464323527,0,0,0,0,0,0,0.0714299464323527,0.0571439257166366,0.0714299464323527,0.0714299464323527,0.0714299464323527,0,0.0476199206365212,0,0,0,0.0571439257166366,0,0,0,0,0,0,0.184015147583005,0.0397384474440781,0,0.0571439257166366,0,0.0571439257166366,0.304051121218363,0,0.0714299464323527,0,0,0.0476199206365212,0.0571439257166366,0.0714299464323527,0,0,0.0367574589715877,0,0.0571439257166366,0,0,0.271481053610807,0,0.0571439257166366,0,0,0.0367574589715877,0.222721733769102,0.271481053610807,0.271481053610807,0.0367619429090039,0.0337236205744276,0.0571439257166366,0,0,0,0,0,0,0.304051121218363,0,0,0,0,0,0.0476199206365212,0,0.0476199206365212,0.0571439257166366,0,0.0476199206365212,0.041172338956928,0.0476199206365212,0,0.351665478053376,0,0.271481053610807,0,0,0.304051121218363,0.0397384474440781,0.0439086453554596,0,0,0.0476199206365212,0,0,0.0571439257166366,0.0545144690325174,0,0.041172338956928,0.041172338956928,0,0,0,0,0,0,0,0,0,0.0714299464323527,0,0,0,0.0367619429090039,0,0,0.0571439257166366,0,0.0367619429090039,0,0.0476199206365212,0,0,0,0,0,0,0,0,0,0.0999899660382537,0.0545144690325174,0,0,0,0,0,0,0.041172338956928,0.351665478053376,0,0.271481053610807,0.0571439257166366,0,0.0337236205744276,0,0,0,0,0,0,0.041172338956928,0,0,0,0,0,0.0571439257166366,0,0,0.0367619429090039,0,0.0476199206365212,0,0,0,0.0545144690325174,0,0,0,0,0.0933602719681705,0,0.0571439257166366,0,0.0367619429090039,0,1,0.0367619429090039,0,0,0.041172338956928,0.0476199206365212,0,0,0.0571439257166366,0,0,0.0571439257166366,0.0476199206365212,0,0.041172338956928,0.0571439257166366,0,0,0,0,0,0,0,0,0,0,0,0,0,0,0,0,0.271481053610807,0.421998728397202,0.0571439257166366,0.0545144690325174,0,0.0571439257166366,0,0,0,0
0,0.368193282506597,0,0.0367619429090039,0.10162667835798,0.0680322436110106,0.0367619429090039,0.0498579928542293,0,0,0,0.0892790042075809,0.0280132767810044,0.0892790042075809,0,0.0498579928542293,0.1210836969317,0.0680322436110106,0.169754473731143,0.0180216412275933,0.0367619429090039,0.0367619429090039,0,0.1210836969317,0.0367619429090039,0.0220824020542819,0.0220824020542819,0.0280132767810044,0,0,0,0,0.10162667835798,0.208145827939354,0.208145827939354,0.0892790042075809,0,0,0.0892790042075809,0.1210836969317,0,0,0,0.0280132767810044,0,0,0.179069247970045,0,0,0.053628690703256,0,0,0.323546929785103,0,0.0367619429090039,0,0,0,0.0498579928542293,0,0,0.0892790042075809,0.10162667835798,0,0,0.0367619429090039,0.0892790042075809,0.0367619429090039,0.0680347132176099,0.0593699320083931,0.0498579928542293,0.0892790042075809,0,0,0,0.21064982630663,0.0498579928542293,0.0498579928542293,0,0.0367619429090039,0,0,0.0367619429090039,0,0.0367619429090039,0.0152223787564515,0.0892790042075809,0,0.0680322436110106,0,0.10162667835798,0.0367619429090039,0,0,0,0,0.0367619429090039,0,0,0,0,0,0,0.053628690703256,0.0152223787564515,0.0180216412275933,0,0.093363501668661,0,0.0680347132176099,0,0,0,0,0,0.0593699320083931,0,0.424592019495871,0.0680322436110106,0.0680322436110106,0.125202196225305,0,0.0680322436110106,0.0698989009481177,0,0,0,0,0,0,0.053628690703256,0,0.10162667835798,0.0498579928542293,0,0.206873557102869,0,0.0367619429090039,0.0498579928542293,0.0892790042075809,0.0367619429090039,0.0367619429090039,0,0,0.0280132767810044,0.053628690703256,0.0892790042075809,0,0.0367619429090039,0.0498579928542293,0.0892790042075809,0.0220824020542819,0,0.10162667835798,0.0680322436110106,0.0152223787564515,0.053628690703256,0.0892790042075809,0.0220824020542819,0,0,0.0680322436110106,0.490223176474009,0,0.125202196225305,0,0,0,0,0.0892790042075809,0.0892790042075809,0,0.0280132767810044,0.1210836969317,0.0892790042075809,0,0.0680322436110106,0,0.0680322436110106,0.0892790042075809,0.10162667835798,0,0,0,0,0,0.255046685284169,0.0367619429090039,0,0.0367619429090039,0.0280132767810044,0,0,0,0.0498579928542293,0,0,0,0,0,0,0.0498579928542293,0.0367619429090039,0.0498579928542293,0.0498579928542293,0.0498579928542293,0,0.0280132767810044,0,0,0,0.0892790042075809,0,0,0,0,0,0,0.0220824020542819,0.0571619052854071,0,0.0892790042075809,0,0.0892790042075809,0.0220824020542819,0,0.0498579928542293,0,0,0.0680322436110106,0.0367619429090039,0.1210836969317,0,0,0.252111291343699,0,0.0892790042075809,0,0,0.0180216412275933,0,0.0892790042075809,0,0,0.0975589148393219,0.0119366441992466,0.0180216412275933,0.0180216412275933,0.208145827939354,0.175814987628137,0.0892790042075809,0,0,0,0,0,0,0.0220824020542819,0,0,0,0,0,0.0680322436110106,0,0.0680322436110106,0.0892790042075809,0,0.0680322436110106,0.053628690703256,0.0680322436110106,0,0.0280132767810044,0,0.0180216412275933,0,0,0.0220824020542819,0.0571619052854071,0.0692741039531869,0,0,0.0680322436110106,0,0,0.0367619429090039,0.0800775472624232,0,0.255046685284169,0.255046685284169,0,0,0,0,0,0,0,0,0,0.1210836969317,0,0,0,0.208145827939354,0,0,0.0892790042075809,0,0.043766842981298,0,0.0680322436110106,0,0,0,0,0,0,0,0,0,0.0220824020542819,0.093363501668661,0,0,0,0,0,0,0.053628690703256,0.0280132767810044,0,0.0180216412275933,0.0367619429090039,0,0.0680347132176099,0,0,0,0,0,0,0.053628690703256,0,0,0,0,0,0.0892790042075809,0,0,0.043766842981298,0,0.323546929785103,0,0,0,0.093363501668661,0,0,0,0,0.0698989009481177,0,0.0367619429090039,0,0.208145827939354,0,0.0367619429090039,1,0,0,0.053628690703256,0.0680322436110106,0,0,0.0892790042075809,0,0,0.0367619429090039,0.323546929785103,0,0.255046685284169,0.0892790042075809,0,0,0,0,0,0,0,0,0,0,0,0,0,0,0,0,0.0180216412275933,0.0367619429090039,0.0892790042075809,0.093363501668661,0,0.0892790042075809,0,0,0,0
0,0,0,0,0,0,0,0,0,0,0,0,0,0,0,0,0,0,0,0,0,0,0,0,0,0,0,0,0,0,0,0,0,0,0,0,0,0,0,0,0,0,0,0,0,0,0,0,0,0,0,0,0,0,0,0,0,0,0,0,0,0,0,0,0,0,0,0,0,0,0,0,0,0,0,0,0,0,0,0,0,0,0,0,0,0,0,0,0,0,0,0,0,0,0,0,0,0,0,0,0,0,0,0,0,0,0,0,0,0,0,0,0,0,0,0,0,0,0,0,0,0,0,0,0,0,0,0,0,0,0,0,0,0,0,0,0,0,0,0,0,0,0,0,0,0,0,0,0,0,0,0,0,0,0,0,0,0,0,0,0,0,0,0,0,0,0,0,0,0,0,0,0,0,0,0,0,0,0,0,0,0,0,0,0,0,0,0,0,0,0,0,0,0,0,0,0,0,0,0,0,0,0,0,0,0,0,0,0,0,0,0,0,0,0,0,0,0,0,0,0,0,0,0,0,0,0,0,0,0,0,0,0,0,0,0,0,0,0,0,0,0,0,0,0,0,0,0,0,0,0,0,0,0,0,0,0,0,0,0,0,0,0,0,0,0,0,0,0,0,0,0,0,0,0,0,0,0,0,0,0,0,0,0,0,0,0,0,0,0,0,0,0,0,0,0,0,0,0,0,0,0,0,0,0,0,0,0,0,0,0,0,0,0,0,0,0,0,0,0,0,0,0,0,0,0,0,0,0,0,0,0,0,0,0,0,0,0,0,0,0,0,0,0,0,0,0,0,0,0,0,0,0,0,0,0,0,0,0,0,0,0,0,0,0,0,0,0,0,1,0,0,0,0,0,0,0,0,0,0,0,0,0,0,0,0,0,0,0,0,0,0,0,0,0,0,0,0,0,0,0,0,0,0,0,0,0,0,0
0,0,0,0,0,0,0,0,0,0,0,0,0,0,0,0,0,0,0,0,0,0,0,0,0,0,0,0,0,0,0,0,0,0,0,0,0,0,0,0,0,0,0,0,0,0,0,0,0,0,0,0,0,0,0,0,0,0,0,0,0,0,0,0,0,0,0,0,0,0,0,0,0,0,0,0,0,0,0,0,0,0,0,0,0,0,0,0,0,0,0,0,0,0,0,0,0,0,0,0,0,0,0,0,0,0,0,0,0,0,0,0,0,0,0,0,0,0,0,0,0,0,0,0,0,0,0,0,0,0,0,0,0,0,0,0,0,0,0,0,0,0,0,0,0,0,0,0,0,0,0,0,0,0,0,0,0,0,0,0,0,0,0,0,0,0,0,0,0,0,0,0,0,0,0,0,0,0,0,0,0,0,0,0,0,0,0,0,0,0,0,0,0,0,0,0,0,0,0,0,0,0,0,0,0,0,0,0,0,0,0,0,0,0,0,0,0,0,0,0,0,0,0,0,0,0,0,0,0,0,0,0,0,0,0,0,0,0,0,0,0,0,0,0,0,0,0,0,0,0,0,0,0,0,0,0,0,0,0,0,0,0,0,0,0,0,0,0,0,0,0,0,0,0,0,0,0,0,0,0,0,0,0,0,0,0,0,0,0,0,0,0,0,0,0,0,0,0,0,0,0,0,0,0,0,0,0,0,0,0,0,0,0,0,0,0,0,0,0,0,0,0,0,0,0,0,0,0,0,0,0,0,0,0,0,0,0,0,0,0,0,0,0,0,0,0,0,0,0,0,0,0,0,0,0,0,0,0,0,0,0,0,0,0,0,0,0,0,0,0,1,0,0,0,0,0,0,0,0,0,0,0,0,0,0,0,0,0,0,0,0,0,0,0,0,0,0,0,0,0,0,0,0,0,0,0,0,0,0
0,0.132409048462471,0,0.041172338956928,0.107359912685637,0.078342403747824,0.041172338956928,0.0545213728963117,0,0,0,0.0999899660382537,0.0322586368373393,0.0999899660382537,0,0.0545213728963117,0.132409048462471,0.078342403747824,0.182053533683929,0.0220824020542819,0.041172338956928,0.041172338956928,0,0.132409048462471,0.041172338956928,0.0262176875118606,0.0262176875118606,0.0322586368373393,0,0,0,0,0.107359912685637,0.053628690703256,0.053628690703256,0.0999899660382537,0,0,0.0999899660382537,0.132409048462471,0,0,0,0.0322586368373393,0,0,0.0774206211888767,0,0,0.0636715268145186,0,0,0.078342403747824,0,0.041172338956928,0,0,0,0.0545213728963117,0,0,0.0999899660382537,0.107359912685637,0,0,0.041172338956928,0.0999899660382537,0.041172338956928,0.0467066854134993,0.04191314957563,0.0545213728963117,0.0999899660382537,0,0,0,0.0774206211888767,0.0545213728963117,0.0545213728963117,0,0.041172338956928,0,0,0.041172338956928,0,0.041172338956928,0.0192321645820291,0.0999899660382537,0,0.078342403747824,0,0.107359912685637,0.041172338956928,0,0,0,0,0.041172338956928,0,0,0,0,0,0,0.0636715268145186,0.0192321645820291,0.0220824020542819,0,0.101868774864881,0,0.0467066854134993,0,0,0,0,0,0.04191314957563,0,0.0999899660382537,0.078342403747824,0.078342403747824,0.078342403747824,0,0.078342403747824,0.074963219752206,0,0,0,0,0,0,0.0636715268145186,0,0.107359912685637,0.0545213728963117,0,0.078342403747824,0,0.041172338956928,0.0545213728963117,0.0999899660382537,0.041172338956928,0.041172338956928,0,0,0.0322586368373393,0.0636715268145186,0.0999899660382537,0,0.041172338956928,0.0545213728963117,0.0999899660382537,0.0262176875118606,0,0.107359912685637,0.078342403747824,0.0192321645820291,0.0636715268145186,0.0999899660382537,0.0262176875118606,0,0,0.078342403747824,0.078342403747824,0,0.078342403747824,0,0,0,0,0.0999899660382537,0.0999899660382537,0,0.0322586368373393,0.132409048462471,0.0999899660382537,0,0.078342403747824,0,0.078342403747824,0.0999899660382537,0.107359912685637,0,0,0,0,0,0.0636715268145186,0.041172338956928,0,0.041172338956928,0.0322586368373393,0,0,0,0.0545213728963117,0,0,0,0,0,0,0.0545213728963117,0.041172338956928,0.0545213728963117,0.0545213728963117,0.0545213728963117,0,0.0322586368373393,0,0,0,0.0999899660382537,0,0,0,0,0,0,0.0262176875118606,0.0657270373610538,0,0.0999899660382537,0,0.0999899660382537,0.0262176875118606,0,0.0545213728963117,0,0,0.078342403747824,0.041172338956928,0.132409048462471,0,0,0.0609201902754844,0,0.0999899660382537,0,0,0.0220824020542819,0,0.0999899660382537,0,0,0.0609201902754844,0.0158870107303694,0.0220824020542819,0.0220824020542819,0.053628690703256,0.0467066854134993,0.0999899660382537,0,0,0,0,0,0,0.0262176875118606,0,0,0,0,0,0.078342403747824,0,0.078342403747824,0.0999899660382537,0,0.078342403747824,0.0636715268145186,0.078342403747824,0,0.0322586368373393,0,0.0220824020542819,0,0,0.0262176875118606,0.0657270373610538,0.0774206211888767,0,0,0.078342403747824,0,0,0.041172338956928,0.0884831883993457,0,0.0636715268145186,0.0636715268145186,0,0,0,0,0,0,0,0,0,0.132409048462471,0,0,0,0.053628690703256,0,0,0.0999899660382537,0,0.053628690703256,0,0.078342403747824,0,0,0,0,0,0,0,0,0,0.0262176875118606,0.101868774864881,0,0,0,0,0,0,0.0636715268145186,0.0322586368373393,0,0.0220824020542819,0.041172338956928,0,0.0467066854134993,0,0,0,0,0,0,0.0636715268145186,0,0,0,0,0,0.0999899660382537,0,0,0.053628690703256,0,0.078342403747824,0,0,0,0.101868774864881,0,0,0,0,0.074963219752206,0,0.041172338956928,0,0.053628690703256,0,0.041172338956928,0.053628690703256,0,0,1,0.078342403747824,0,0,0.0999899660382537,0,0,0.041172338956928,0.078342403747824,0,0.0636715268145186,0.0999899660382537,0,0,0,0,0,0,0,0,0,0,0,0,0,0,0,0,0.0220824020542819,0.041172338956928,0.0999899660382537,0.101868774864881,0,0.0999899660382537,0,0,0,0
0,0.148976520421494,0,0.0476199206365212,0.115768709113422,0.093408272931481,0.0476199206365212,0.0613432731147329,0,0,0,0.115648378688694,0.0384622300306098,0.549999174998487,0,0.0613432731147329,0.708500752496734,0.093408272931481,0.200063521369343,0.0280132767810044,0.0476199206365212,0.0476199206365212,0,0.148976520421494,0.0476199206365212,0.0322586368373393,0.0322586368373393,0.0384622300306098,0,0,0,0,0.115768709113422,0.0680322436110106,0.0680322436110106,0.115648378688694,0,0,0.115648378688694,0.148976520421494,0,0,0,0.0384622300306098,0,0,0.0892681146452845,0,0,0.078342403747824,0,0,0.093408272931481,0,0.0476199206365212,0,0,0,0.0613432731147329,0,0,0.115648378688694,0.115768709113422,0,0,0.0476199206365212,0.115648378688694,0.0476199206365212,0.0609274353162256,0.0560080001931739,0.0613432731147329,0.115648378688694,0,0,0,0.0892681146452845,0.0613432731147329,0.0613432731147329,0,0.0476199206365212,0,0,0.0476199206365212,0,0.0476199206365212,0.0250877674831517,0.115648378688694,0,0.093408272931481,0,0.115768709113422,0.0476199206365212,0,0,0,0,0.0476199206365212,0,0,0,0,0,0,0.078342403747824,0.0250877674831517,0.0280132767810044,0,0.396451212021955,0,0.0609274353162256,0,0,0,0,0,0.0560080001931739,0,0.115648378688694,0.093408272931481,0.093408272931481,0.093408272931481,0,0.093408272931481,0.0823790970344355,0,0,0,0,0,0,0.078342403747824,0,0.115768709113422,0.0613432731147329,0,0.093408272931481,0,0.0476199206365212,0.0613432731147329,0.115648378688694,0.0476199206365212,0.0476199206365212,0,0,0.0384622300306098,0.078342403747824,0.115648378688694,0,0.0476199206365212,0.0613432731147329,0.115648378688694,0.0322586368373393,0,0.115768709113422,0.093408272931481,0.0250877674831517,0.372579865945962,0.212831890191799,0.0322586368373393,0,0,0.093408272931481,0.093408272931481,0,0.093408272931481,0,0,0,0,0.115648378688694,0.549999174998487,0,0.0384622300306098,0.148976520421494,0.115648378688694,0,0.171902619932726,0,0.444229946263574,0.212831890191799,0.115768709113422,0,0,0,0,0,0.078342403747824,0.0476199206365212,0,0.0476199206365212,0.0384622300306098,0,0,0,0.0613432731147329,0,0,0,0,0,0,0.0613432731147329,0.0476199206365212,0.0613432731147329,0.0613432731147329,0.0613432731147329,0,0.0384622300306098,0,0,0,0.115648378688694,0,0,0,0,0,0,0.0322586368373393,0.143909427369008,0,0.115648378688694,0,0.115648378688694,0.0322586368373393,0,0.0613432731147329,0,0,0.093408272931481,0.0476199206365212,0.148976520421494,0,0,0.0724188282515526,0,0.212831890191799,0,0,0.0280132767810044,0,0.549999174998487,0,0,0.34440859650897,0.0216548926727131,0.0280132767810044,0.0280132767810044,0.0680322436110106,0.0609274353162256,0.115648378688694,0,0,0,0,0,0,0.0322586368373393,0,0,0,0,0,0.171902619932726,0,0.171902619932726,0.115648378688694,0,0.093408272931481,0.078342403747824,0.171902619932726,0,0.0384622300306098,0,0.0280132767810044,0,0,0.0322586368373393,0.143909427369008,0.365374563445755,0,0,0.093408272931481,0,0,0.0476199206365212,0.100712305912714,0,0.078342403747824,0.078342403747824,0,0,0,0,0,0,0,0,0,0.148976520421494,0,0,0,0.0680322436110106,0,0,0.115648378688694,0,0.0680322436110106,0,0.093408272931481,0,0,0,0,0,0,0,0,0,0.0322586368373393,0.114242844100718,0,0,0,0,0,0,0.078342403747824,0.0384622300306098,0,0.0280132767810044,0.0476199206365212,0,0.0609274353162256,0,0,0,0,0,0,0.078342403747824,0,0,0,0,0,0.115648378688694,0,0,0.0680322436110106,0,0.093408272931481,0,0,0,0.396451212021955,0,0,0,0,0.0823790970344355,0,0.0476199206365212,0,0.0680322436110106,0,0.0476199206365212,0.0680322436110106,0,0,0.078342403747824,1,0,0,0.115648378688694,0,0,0.0476199206365212,0.093408272931481,0,0.078342403747824,0.115648378688694,0,0,0,0,0,0,0,0,0,0,0,0,0,0,0,0,0.0280132767810044,0.0476199206365212,0.115648378688694,0.396451212021955,0,0.115648378688694,0,0,0,0
0,0,0,0,0,0,0,0,0,0,0,0,0,0,0,0,0,0,0,0,0,0,0,0,0,0,0,0,0,0,0,0,0,0,0,0,0,0,0,0,0,0,0,0,0,0,0,0,0,0,0,0,0,0,0,0,0,0,0,0,0,0,0,0,0,0,0,0,0,0,0,0,0,0,0,0,0,0,0,0,0,0,0,0,0,0,0,0,0,0,0,0,0,0,0,0,0,0,0,0,0,0,0,0,0,0,0,0,0,0,0,0,0,0,0,0,0,0,0,0,0,0,0,0,0,0,0,0,0,0,0,0,0,0,0,0,0,0,0,0,0,0,0,0,0,0,0,0,0,0,0,0,0,0,0,0,0,0,0,0,0,0,0,0,0,0,0,0,0,0,0,0,0,0,0,0,0,0,0,0,0,0,0,0,0,0,0,0,0,0,0,0,0,0,0,0,0,0,0,0,0,0,0,0,0,0,0,0,0,0,0,0,0,0,0,0,0,0,0,0,0,0,0,0,0,0,0,0,0,0,0,0,0,0,0,0,0,0,0,0,0,0,0,0,0,0,0,0,0,0,0,0,0,0,0,0,0,0,0,0,0,0,0,0,0,0,0,0,0,0,0,0,0,0,0,0,0,0,0,0,0,0,0,0,0,0,0,0,0,0,0,0,0,0,0,0,0,0,0,0,0,0,0,0,0,0,0,0,0,0,0,0,0,0,0,0,0,0,0,0,0,0,0,0,0,0,0,0,0,0,0,0,0,0,0,0,0,0,0,0,0,0,0,0,0,0,0,0,0,0,0,0,0,0,0,0,0,0,0,0,0,0,0,0,0,0,0,0,0,0,0,0,0,1,0,0,0,0,0,0,0,0,0,0,0,0,0,0,0,0,0,0,0,0,0,0,0,0,0,0,0,0,0,0,0,0,0,0,0
0,0,0,0,0,0,0,0,0,0,0,0,0,0,0,0,0,0,0,0,0,0,0,0,0,0,0,0,0,0,0,0,0,0,0,0,0,0,0,0,0,0,0,0,0,0,0,0,0,0,0,0,0,0,0,0,0,0,0,0,0,0,0,0,0,0,0,0,0,0,0,0,0,0,0,0,0,0,0,0,0,0,0,0,0,0,0,0,0,0,0,0,0,0,0,0,0,0,0,0,0,0,0,0,0,0,0,0,0,0,0,0,0,0,0,0,0,0,0,0,0,0,0,0,0,0,0,0,0,0,0,0,0,0,0,0,0,0,0,0,0,0,0,0,0,0,0,0,0,0,0,0,0,0,0,0,0,0,0,0,0,0,0,0,0,0,0,0,0,0,0,0,0,0,0,0,0,0,0,0,0,0,0,0,0,0,0,0,0,0,0,0,0,0,0,0,0,0,0,0,0,0,0,0,0,0,0,0,0,0,0,0,0,0,0,0,0,0,0,0,0,0,0,0,0,0,0,0,0,0,0,0,0,0,0,0,0,0,0,0,0,0,0,0,0,0,0,0,0,0,0,0,0,0,0,0,0,0,0,0,0,0,0,0,0,0,0,0,0,0,0,0,0,0,0,0,0,0,0,0,0,0,0,0,0,0,0,0,0,0,0,0,0,0,0,0,0,0,0,0,0,0,0,0,0,0,0,0,0,0,0,0,0,0,0,0,0,0,0,0,0,0,0,0,0,0,0,0,0,0,0,0,0,0,0,0,0,0,0,0,0,0,0,0,0,0,0,0,0,0,0,0,0,0,0,0,0,0,0,0,0,0,0,0,0,0,0,0,0,0,0,0,0,0,1,0,0,0,0,0,0,0,0,0,0,0,0,0,0,0,0,0,0,0,0,0,0,0,0,0,0,0,0,0,0,0,0,0,0
0,0.173472727049999,0,0.0571439257166366,0.128249502550101,0.115648378688694,0.0571439257166366,0.0714299464323527,0,0,0,0.138778105311832,0.0476199206365212,0.138778105311832,0,0.0714299464323527,0.173472727049999,0.115648378688694,0.226732089065557,0.0367619429090039,0.0571439257166366,0.0571439257166366,0,0.173472727049999,0.0571439257166366,0.041172338956928,0.041172338956928,0.0476199206365212,0,0,0,0,0.128249502550101,0.0892790042075809,0.0892790042075809,0.138778105311832,0,0,0.138778105311832,0.173472727049999,0,0,0,0.0476199206365212,0,0,0.106635281577545,0,0,0.0999899660382537,0,0,0.115648378688694,0,0.0571439257166366,0,0,0,0.0714299464323527,0,0,0.138778105311832,0.128249502550101,0,0,0.0571439257166366,0.138778105311832,0.0571439257166366,0.0819002213950383,0.0767921451378269,0.0714299464323527,0.138778105311832,0,0,0,0.106635281577545,0.0714299464323527,0.0714299464323527,0,0.0571439257166366,0,0,0.0571439257166366,0,0.0571439257166366,0.0337236205744276,0.138778105311832,0,0.212831890191799,0,0.128249502550101,0.0571439257166366,0,0,0,0,0.0571439257166366,0,0,0,0,0,0,0.0999899660382537,0.0337236205744276,0.0367619429090039,0,0.132392281936114,0,0.0819002213950383,0,0,0,0,0,0.0767921451378269,0,0.138778105311832,0.351665478053376,0.115648378688694,0.115648378688694,0,0.115648378688694,0.0933602719681705,0,0,0,0,0,0,0.0999899660382537,0,0.128249502550101,0.0714299464323527,0,0.115648378688694,0,0.0571439257166366,0.0714299464323527,0.138778105311832,0.0571439257166366,0.0571439257166366,0,0,0.0476199206365212,0.304051121218363,0.255398361876396,0,0.0571439257166366,0.0714299464323527,0.138778105311832,0.041172338956928,0,0.128249502550101,0.212831890191799,0.0337236205744276,0.0999899660382537,0.138778105311832,0.041172338956928,0,0,0.212831890191799,0.115648378688694,0,0.115648378688694,0,0,0,0,0.255398361876396,0.138778105311832,0,0.0476199206365212,0.319248127932352,0.138778105311832,0,0.115648378688694,0,0.115648378688694,0.138778105311832,0.128249502550101,0,0,0,0,0,0.0999899660382537,0.0571439257166366,0,0.0571439257166366,0.0476199206365212,0,0,0,0.0714299464323527,0,0,0,0,0,0,0.0714299464323527,0.0571439257166366,0.0714299464323527,0.0714299464323527,0.0714299464323527,0,0.0476199206365212,0,0,0,0.421998728397202,0,0,0,0,0,0,0.041172338956928,0.0965076580784755,0,0.138778105311832,0,0.255398361876396,0.041172338956928,0,0.0714299464323527,0,0,0.115648378688694,0.0571439257166366,0.173472727049999,0,0,0.16428333703628,0,0.138778105311832,0,0,0.0367619429090039,0,0.138778105311832,0,0,0.0892681146452845,0.0301593188641145,0.0367619429090039,0.0367619429090039,0.0892790042075809,0.0819002213950383,0.138778105311832,0,0,0,0,0,0,0.041172338956928,0,0,0,0,0,0.115648378688694,0,0.115648378688694,0.138778105311832,0,0.115648378688694,0.304051121218363,0.115648378688694,0,0.0476199206365212,0,0.0367619429090039,0,0,0.041172338956928,0.0965076580784755,0.106635281577545,0,0,0.115648378688694,0,0,0.0571439257166366,0.118649138482538,0,0.0999899660382537,0.0999899660382537,0,0,0,0,0,0,0,0,0,0.173472727049999,0,0,0,0.0892790042075809,0,0,0.138778105311832,0,0.0892790042075809,0,0.115648378688694,0,0,0,0,0,0,0,0,0,0.041172338956928,0.132392281936114,0,0,0,0,0,0,0.184015147583005,0.0476199206365212,0,0.0367619429090039,0.0571439257166366,0,0.0819002213950383,0,0,0,0,0,0,0.0999899660382537,0,0,0,0,0,0.138778105311832,0,0,0.0892790042075809,0,0.115648378688694,0,0,0,0.132392281936114,0,0,0,0,0.0933602719681705,0,0.0571439257166366,0,0.0892790042075809,0,0.0571439257166366,0.0892790042075809,0,0,0.0999899660382537,0.115648378688694,0,0,1,0,0,0.0571439257166366,0.115648378688694,0,0.0999899660382537,0.255398361876396,0,0,0,0,0,0,0,0,0,0,0,0,0,0,0,0,0.0367619429090039,0.0571439257166366,0.255398361876396,0.132392281936114,0,0.255398361876396,0,0,0,0
0,0,0,0,0,0,0,0,0,0,0,0,0,0,0,0,0,0,0,0,0,0,0,0,0,0,0,0,0,0,0,0,0,0,0,0,0,0,0,0,0,0,0,0,0,0,0,0,0,0,0,0,0,0,0,0,0,0,0,0,0,0,0,0,0,0,0,0,0,0,0,0,0,0,0,0,0,0,0,0,0,0,0,0,0,0,0,0,0,0,0,0,0,0,0,0,0,0,0,0,0,0,0,0,0,0,0,0,0,0,0,0,0,0,0,0,0,0,0,0,0,0,0,0,0,0,0,0,0,0,0,0,0,0,0,0,0,0,0,0,0,0,0,0,0,0,0,0,0,0,0,0,0,0,0,0,0,0,0,0,0,0,0,0,0,0,0,0,0,0,0,0,0,0,0,0,0,0,0,0,0,0,0,0,0,0,0,0,0,0,0,0,0,0,0,0,0,0,0,0,0,0,0,0,0,0,0,0,0,0,0,0,0,0,0,0,0,0,0,0,0,0,0,0,0,0,0,0,0,0,0,0,0,0,0,0,0,0,0,0,0,0,0,0,0,0,0,0,0,0,0,0,0,0,0,0,0,0,0,0,0,0,0,0,0,0,0,0,0,0,0,0,0,0,0,0,0,0,0,0,0,0,0,0,0,0,0,0,0,0,0,0,0,0,0,0,0,0,0,0,0,0,0,0,0,0,0,0,0,0,0,0,0,0,0,0,0,0,0,0,0,0,0,0,0,0,0,0,0,0,0,0,0,0,0,0,0,0,0,0,0,0,0,0,0,0,0,0,0,0,0,0,0,0,0,0,0,0,0,0,0,0,0,0,0,0,0,0,0,0,0,0,0,0,0,0,1,0,0,0,0,0,0,0,0,0,0,0,0,0,0,0,0,0,0,0,0,0,0,0,0,0,0,0,0,0,0,0,0
0,0,0,0,0,0,0,0,0,0,0,0,0,0,0,0,0,0,0,0,0,0,0,0,0,0,0,0,0,0,0,0,0,0,0,0,0,0,0,0,0,0,0,0,0,0,0,0,0,0,0,0,0,0,0,0,0,0,0,0,0,0,0,0,0,0,0,0,0,0,0,0,0,0,0,0,0,0,0,0,0,0,0,0,0,0,0,0,0,0,0,0,0,0,0,0,0,0,0,0,0,0,0,0,0,0,0,0,0,0,0,0,0,0,0,0,0,0,0,0,0,0,0,0,0,0,0,0,0,0,0,0,0,0,0,0,0,0,0,0,0,0,0,0,0,0,0,0,0,0,0,0,0,0,0,0,0,0,0,0,0,0,0,0,0,0,0,0,0,0,0,0,0,0,0,0,0,0,0,0,0,0,0,0,0,0,0,0,0,0,0,0,0,0,0,0,0,0,0,0,0,0,0,0,0,0,0,0,0,0,0,0,0,0,0,0,0,0,0,0,0,0,0,0,0,0,0,0,0,0,0,0,0,0,0,0,0,0,0,0,0,0,0,0,0,0,0,0,0,0,0,0,0,0,0,0,0,0,0,0,0,0,0,0,0,0,0,0,0,0,0,0,0,0,0,0,0,0,0,0,0,0,0,0,0,0,0,0,0,0,0,0,0,0,0,0,0,0,0,0,0,0,0,0,0,0,0,0,0,0,0,0,0,0,0,0,0,0,0,0,0,0,0,0,0,0,0,0,0,0,0,0,0,0,0,0,0,0,0,0,0,0,0,0,0,0,0,0,0,0,0,0,0,0,0,0,0,0,0,0,0,0,0,0,0,0,0,0,0,0,0,0,0,0,0,0,0,1,0,0,0,0,0,0,0,0,0,0,0,0,0,0,0,0,0,0,0,0,0,0,0,0,0,0,0,0,0,0,0
0,0.0714299464323527,0,0.0571439257166366,0.128249502550101,0.0476199206365212,0.0571439257166366,0.173472727049999,0,0,0,0.0571439257166366,0.0476199206365212,0.0571439257166366,0,0.173472727049999,0.0714299464323527,0.0476199206365212,0.0933602719681705,0.0367619429090039,0.0571439257166366,0.0571439257166366,0,0.0714299464323527,0.0571439257166366,0.041172338956928,0.041172338956928,0.0476199206365212,0,0,0,0,0.128249502550101,0.0367619429090039,0.0367619429090039,0.0571439257166366,0,0,0.0571439257166366,0.0714299464323527,0,0,0,0.0476199206365212,0,0,0.129485699058447,0,0,0.041172338956928,0,0,0.0476199206365212,0,0.0571439257166366,0,0,0,0.0714299464323527,0,0,0.0571439257166366,0.128249502550101,0,0,0.0571439257166366,0.0571439257166366,0.421998728397202,0.0337236205744276,0.0316202950567523,0.0714299464323527,0.0571439257166366,0,0,0,0.0439086453554596,0.527498700621427,0.0714299464323527,0,0.0571439257166366,0,0,0.0571439257166366,0,0.0571439257166366,0.0337236205744276,0.0571439257166366,0,0.0476199206365212,0,0.128249502550101,0.0571439257166366,0,0,0,0,0.0571439257166366,0,0,0,0,0,0,0.041172338956928,0.0337236205744276,0.0367619429090039,0,0.0545144690325174,0,0.0337236205744276,0,0,0,0,0,0.0316202950567523,0,0.0571439257166366,0.0476199206365212,0.0476199206365212,0.0476199206365212,0,0.0476199206365212,0.226732089065557,0,0,0,0,0,0,0.041172338956928,0,0.128249502550101,0.173472727049999,0,0.0476199206365212,0,0.0571439257166366,0.0714299464323527,0.0571439257166366,0.0571439257166366,0.0571439257166366,0,0,0.0476199206365212,0.041172338956928,0.0571439257166366,0,0.0571439257166366,0.173472727049999,0.0571439257166366,0.041172338956928,0,0.128249502550101,0.0476199206365212,0.0337236205744276,0.041172338956928,0.0571439257166366,0.041172338956928,0,0,0.0476199206365212,0.0476199206365212,0,0.0476199206365212,0,0,0,0,0.0571439257166366,0.0571439257166366,0,0.0476199206365212,0.0714299464323527,0.0571439257166366,0,0.0476199206365212,0,0.0476199206365212,0.0571439257166366,0.128249502550101,0,0,0,0,0,0.041172338956928,0.255398361876396,0,0.0571439257166366,0.0476199206365212,0,0,0,0.0714299464323527,0,0,0,0,0,0,0.0714299464323527,0.0571439257166366,0.0714299464323527,0.0714299464323527,0.0714299464323527,0,0.0476199206365212,0,0,0,0.0571439257166366,0,0,0,0,0,0,0.041172338956928,0.0397384474440781,0,0.0571439257166366,0,0.0571439257166366,0.041172338956928,0,0.0714299464323527,0,0,0.0476199206365212,0.0571439257166366,0.0714299464323527,0,0,0.0367574589715877,0,0.0571439257166366,0,0,0.0367619429090039,0,0.0571439257166366,0,0,0.0367574589715877,0.0301593188641145,0.0367619429090039,0.0367619429090039,0.0367619429090039,0.0337236205744276,0.0571439257166366,0,0,0,0,0,0,0.041172338956928,0,0,0,0,0,0.0476199206365212,0,0.0476199206365212,0.0571439257166366,0,0.0476199206365212,0.041172338956928,0.0476199206365212,0,0.0476199206365212,0,0.0367619429090039,0,0,0.041172338956928,0.0397384474440781,0.0439086453554596,0,0,0.0476199206365212,0,0,0.0571439257166366,0.0545144690325174,0,0.041172338956928,0.041172338956928,0,0,0,0,0,0,0,0,0,0.0714299464323527,0,0,0,0.0367619429090039,0,0,0.0571439257166366,0,0.0367619429090039,0,0.0476199206365212,0,0,0,0,0,0,0,0,0,0.041172338956928,0.0545144690325174,0,0,0,0,0,0,0.041172338956928,0.0476199206365212,0,0.0367619429090039,0.0571439257166366,0,0.0337236205744276,0,0,0,0,0,0,0.041172338956928,0,0,0,0,0,0.0571439257166366,0,0,0.0367619429090039,0,0.0476199206365212,0,0,0,0.0545144690325174,0,0,0,0,0.226732089065557,0,0.0571439257166366,0,0.0367619429090039,0,0.0571439257166366,0.0367619429090039,0,0,0.041172338956928,0.0476199206365212,0,0,0.0571439257166366,0,0,1,0.0476199206365212,0,0.041172338956928,0.0571439257166366,0,0,0,0,0,0,0,0,0,0,0,0,0,0,0,0,0.0367619429090039,0.0571439257166366,0.0571439257166366,0.0545144690325174,0,0.0571439257166366,0,0,0,0
0,0.453010235567401,0,0.0476199206365212,0.115768709113422,0.093408272931481,0.0476199206365212,0.0613432731147329,0,0,0,0.115648378688694,0.0384622300306098,0.115648378688694,0,0.0613432731147329,0.148976520421494,0.093408272931481,0.200063521369343,0.0280132767810044,0.0476199206365212,0.0476199206365212,0,0.148976520421494,0.0476199206365212,0.0322586368373393,0.0322586368373393,0.0384622300306098,0,0,0,0,0.115768709113422,0.323546929785103,0.323546929785103,0.115648378688694,0,0,0.115648378688694,0.148976520421494,0,0,0,0.0384622300306098,0,0,0.239298559427275,0,0,0.078342403747824,0,0,0.444229946263574,0,0.0476199206365212,0,0,0,0.0613432731147329,0,0,0.115648378688694,0.115768709113422,0,0,0.0476199206365212,0.115648378688694,0.0476199206365212,0.112126960792045,0.103073546573992,0.0613432731147329,0.115648378688694,0,0,0,0.271447940451988,0.0613432731147329,0.0613432731147329,0,0.0476199206365212,0,0,0.0476199206365212,0,0.0476199206365212,0.0250877674831517,0.115648378688694,0,0.093408272931481,0,0.115768709113422,0.0476199206365212,0,0,0,0,0.0476199206365212,0,0,0,0,0,0,0.078342403747824,0.0250877674831517,0.0280132767810044,0,0.114242844100718,0,0.112126960792045,0,0,0,0,0,0.103073546573992,0,0.833333027777218,0.093408272931481,0.093408272931481,0.171902619932726,0,0.093408272931481,0.0823790970344355,0,0,0,0,0,0,0.078342403747824,0,0.115768709113422,0.0613432731147329,0,0.284037401363075,0,0.0476199206365212,0.0613432731147329,0.115648378688694,0.0476199206365212,0.0476199206365212,0,0,0.0384622300306098,0.078342403747824,0.115648378688694,0,0.0476199206365212,0.0613432731147329,0.115648378688694,0.0322586368373393,0,0.115768709113422,0.093408272931481,0.0250877674831517,0.078342403747824,0.115648378688694,0.0322586368373393,0,0,0.093408272931481,0.444229946263574,0,0.171902619932726,0,0,0,0,0.115648378688694,0.115648378688694,0,0.0384622300306098,0.148976520421494,0.115648378688694,0,0.093408272931481,0,0.093408272931481,0.115648378688694,0.115768709113422,0,0,0,0,0,0.372579865945962,0.0476199206365212,0,0.0476199206365212,0.0384622300306098,0,0,0,0.0613432731147329,0,0,0,0,0,0,0.0613432731147329,0.0476199206365212,0.0613432731147329,0.0613432731147329,0.0613432731147329,0,0.0384622300306098,0,0,0,0.115648378688694,0,0,0,0,0,0,0.0322586368373393,0.0781973600772233,0,0.115648378688694,0,0.115648378688694,0.0322586368373393,0,0.0613432731147329,0,0,0.093408272931481,0.0476199206365212,0.148976520421494,0,0,0.34440859650897,0,0.115648378688694,0,0,0.0280132767810044,0,0.115648378688694,0,0,0.133274986446135,0.0216548926727131,0.0280132767810044,0.0280132767810044,0.323546929785103,0.28975796754489,0.115648378688694,0,0,0,0,0,0,0.0322586368373393,0,0,0,0,0,0.093408272931481,0,0.093408272931481,0.115648378688694,0,0.093408272931481,0.078342403747824,0.093408272931481,0,0.0384622300306098,0,0.0280132767810044,0,0,0.0322586368373393,0.0781973600772233,0.0892681146452845,0,0,0.093408272931481,0,0,0.0476199206365212,0.100712305912714,0,0.372579865945962,0.564515588188714,0,0,0,0,0,0,0,0,0,0.148976520421494,0,0,0,0.323546929785103,0,0,0.115648378688694,0,0.0680322436110106,0,0.093408272931481,0,0,0,0,0,0,0,0,0,0.0322586368373393,0.114242844100718,0,0,0,0,0,0,0.078342403747824,0.0384622300306098,0,0.0280132767810044,0.0476199206365212,0,0.112126960792045,0,0,0,0,0,0,0.078342403747824,0,0,0,0,0,0.115648378688694,0,0,0.0680322436110106,0,0.444229946263574,0,0,0,0.114242844100718,0,0,0,0,0.0823790970344355,0,0.0476199206365212,0,0.323546929785103,0,0.0476199206365212,0.323546929785103,0,0,0.078342403747824,0.093408272931481,0,0,0.115648378688694,0,0,0.0476199206365212,1,0,0.564515588188714,0.115648378688694,0,0,0,0,0,0,0,0,0,0,0,0,0,0,0,0,0.0280132767810044,0.0476199206365212,0.115648378688694,0.114242844100718,0,0.115648378688694,0,0,0,0
0,0,0,0,0,0,0,0,0,0,0,0,0,0,0,0,0,0,0,0,0,0,0,0,0,0,0,0,0,0,0,0,0,0,0,0,0,0,0,0,0,0,0,0,0,0,0,0,0,0,0,0,0,0,0,0,0,0,0,0,0,0,0,0,0,0,0,0,0,0,0,0,0,0,0,0,0,0,0,0,0,0,0,0,0,0,0,0,0,0,0,0,0,0,0,0,0,0,0,0,0,0,0,0,0,0,0,0,0,0,0,0,0,0,0,0,0,0,0,0,0,0,0,0,0,0,0,0,0,0,0,0,0,0,0,0,0,0,0,0,0,0,0,0,0,0,0,0,0,0,0,0,0,0,0,0,0,0,0,0,0,0,0,0,0,0,0,0,0,0,0,0,0,0,0,0,0,0,0,0,0,0,0,0,0,0,0,0,0,0,0,0,0,0,0,0,0,0,0,0,0,0,0,0,0,0,0,0,0,0,0,0,0,0,0,0,0,0,0,0,0,0,0,0,0,0,0,0,0,0,0,0,0,0,0,0,0,0,0,0,0,0,0,0,0,0,0,0,0,0,0,0,0,0,0,0,0,0,0,0,0,0,0,0,0,0,0,0,0,0,0,0,0,0,0,0,0,0,0,0,0,0,0,0,0,0,0,0,0,0,0,0,0,0,0,0,0,0,0,0,0,0,0,0,0,0,0,0,0,0,0,0,0,0,0,0,0,0,0,0,0,0,0,0,0,0,0,0,0,0,0,0,0,0,0,0,0,0,0,0,0,0,0,0,0,0,0,0,0,0,0,0,0,0,0,0,0,0,0,0,0,0,0,0,0,0,0,0,0,0,0,0,0,0,0,0,0,0,0,0,1,0,0,0,0,0,0,0,0,0,0,0,0,0,0,0,0,0,0,0,0,0,0,0,0,0,0,0,0
0,0.402631596345066,0,0.041172338956928,0.107359912685637,0.078342403747824,0.041172338956928,0.0545213728963117,0,0,0,0.0999899660382537,0.0322586368373393,0.0999899660382537,0,0.0545213728963117,0.132409048462471,0.078342403747824,0.182053533683929,0.0220824020542819,0.041172338956928,0.041172338956928,0,0.132409048462471,0.041172338956928,0.0262176875118606,0.0262176875118606,0.0322586368373393,0,0,0,0,0.107359912685637,0.255046685284169,0.255046685284169,0.0999899660382537,0,0,0.0999899660382537,0.132409048462471,0,0,0,0.0322586368373393,0,0,0.203609553136231,0,0,0.0636715268145186,0,0,0.372579865945962,0,0.041172338956928,0,0,0,0.0545213728963117,0,0,0.0999899660382537,0.107359912685637,0,0,0.041172338956928,0.0999899660382537,0.041172338956928,0.0859560008870281,0.077134283672798,0.0545213728963117,0.0999899660382537,0,0,0,0.235421888921278,0.0545213728963117,0.0545213728963117,0,0.041172338956928,0,0,0.041172338956928,0,0.041172338956928,0.0192321645820291,0.0999899660382537,0,0.078342403747824,0,0.107359912685637,0.041172338956928,0,0,0,0,0.041172338956928,0,0,0,0,0,0,0.0636715268145186,0.0192321645820291,0.0220824020542819,0,0.101868774864881,0,0.0859560008870281,0,0,0,0,0,0.077134283672798,0,0.720502458320628,0.078342403747824,0.078342403747824,0.144176356477088,0,0.078342403747824,0.074963219752206,0,0,0,0,0,0,0.0636715268145186,0,0.107359912685637,0.0545213728963117,0,0.238224860376036,0,0.041172338956928,0.0545213728963117,0.0999899660382537,0.041172338956928,0.041172338956928,0,0,0.0322586368373393,0.0636715268145186,0.0999899660382537,0,0.041172338956928,0.0545213728963117,0.0999899660382537,0.0262176875118606,0,0.107359912685637,0.078342403747824,0.0192321645820291,0.0636715268145186,0.0999899660382537,0.0262176875118606,0,0,0.078342403747824,0.372579865945962,0,0.144176356477088,0,0,0,0,0.0999899660382537,0.0999899660382537,0,0.0322586368373393,0.132409048462471,0.0999899660382537,0,0.078342403747824,0,0.078342403747824,0.0999899660382537,0.107359912685637,0,0,0,0,0,0.302808285044318,0.041172338956928,0,0.041172338956928,0.0322586368373393,0,0,0,0.0545213728963117,0,0,0,0,0,0,0.0545213728963117,0.041172338956928,0.0545213728963117,0.0545213728963117,0.0545213728963117,0,0.0322586368373393,0,0,0,0.0999899660382537,0,0,0,0,0,0,0.0262176875118606,0.0657270373610538,0,0.0999899660382537,0,0.0999899660382537,0.0262176875118606,0,0.0545213728963117,0,0,0.078342403747824,0.041172338956928,0.132409048462471,0,0,0.28972351166686,0,0.0999899660382537,0,0,0.0220824020542819,0,0.0999899660382537,0,0,0.112113627481774,0.0158870107303694,0.0220824020542819,0.0220824020542819,0.255046685284169,0.222127095387026,0.0999899660382537,0,0,0,0,0,0,0.0262176875118606,0,0,0,0,0,0.078342403747824,0,0.078342403747824,0.0999899660382537,0,0.078342403747824,0.0636715268145186,0.078342403747824,0,0.0322586368373393,0,0.0220824020542819,0,0,0.0262176875118606,0.0657270373610538,0.0774206211888767,0,0,0.078342403747824,0,0,0.041172338956928,0.0884831883993457,0,0.302808285044318,1,0,0,0,0,0,0,0,0,0,0.132409048462471,0,0,0,0.255046685284169,0,0,0.0999899660382537,0,0.053628690703256,0,0.078342403747824,0,0,0,0,0,0,0,0,0,0.0262176875118606,0.101868774864881,0,0,0,0,0,0,0.0636715268145186,0.0322586368373393,0,0.0220824020542819,0.041172338956928,0,0.0859560008870281,0,0,0,0,0,0,0.0636715268145186,0,0,0,0,0,0.0999899660382537,0,0,0.053628690703256,0,0.372579865945962,0,0,0,0.101868774864881,0,0,0,0,0.074963219752206,0,0.041172338956928,0,0.255046685284169,0,0.041172338956928,0.255046685284169,0,0,0.0636715268145186,0.078342403747824,0,0,0.0999899660382537,0,0,0.041172338956928,0.564515588188714,0,1,0.0999899660382537,0,0,0,0,0,0,0,0,0,0,0,0,0,0,0,0,0.0220824020542819,0.041172338956928,0.0999899660382537,0.101868774864881,0,0.0999899660382537,0,0,0,0
0,0.173472727049999,0,0.0571439257166366,0.128249502550101,0.115648378688694,0.0571439257166366,0.0714299464323527,0,0,0,0.138778105311832,0.0476199206365212,0.138778105311832,0,0.0714299464323527,0.173472727049999,0.115648378688694,0.226732089065557,0.0367619429090039,0.0571439257166366,0.0571439257166366,0,0.173472727049999,0.0571439257166366,0.041172338956928,0.041172338956928,0.0476199206365212,0,0,0,0,0.128249502550101,0.0892790042075809,0.0892790042075809,0.138778105311832,0,0,0.138778105311832,0.173472727049999,0,0,0,0.0476199206365212,0,0,0.106635281577545,0,0,0.0999899660382537,0,0,0.115648378688694,0,0.0571439257166366,0,0,0,0.0714299464323527,0,0,0.138778105311832,0.128249502550101,0,0,0.0571439257166366,0.138778105311832,0.0571439257166366,0.0819002213950383,0.0767921451378269,0.0714299464323527,0.138778105311832,0,0,0,0.106635281577545,0.0714299464323527,0.0714299464323527,0,0.0571439257166366,0,0,0.0571439257166366,0,0.0571439257166366,0.0337236205744276,0.138778105311832,0,0.212831890191799,0,0.128249502550101,0.0571439257166366,0,0,0,0,0.0571439257166366,0,0,0,0,0,0,0.0999899660382537,0.0337236205744276,0.0367619429090039,0,0.132392281936114,0,0.0819002213950383,0,0,0,0,0,0.0767921451378269,0,0.138778105311832,0.212831890191799,0.115648378688694,0.115648378688694,0,0.115648378688694,0.0933602719681705,0,0,0,0,0,0,0.0999899660382537,0,0.128249502550101,0.0714299464323527,0,0.115648378688694,0,0.0571439257166366,0.0714299464323527,0.138778105311832,0.0571439257166366,0.0571439257166366,0,0,0.0476199206365212,0.184015147583005,0.255398361876396,0,0.0571439257166366,0.0714299464323527,0.138778105311832,0.041172338956928,0,0.128249502550101,0.212831890191799,0.0337236205744276,0.0999899660382537,0.138778105311832,0.041172338956928,0,0,0.212831890191799,0.115648378688694,0,0.115648378688694,0,0,0,0,0.255398361876396,0.138778105311832,0,0.0476199206365212,0.527498700621427,0.138778105311832,0,0.115648378688694,0,0.115648378688694,0.138778105311832,0.128249502550101,0,0,0,0,0,0.0999899660382537,0.0571439257166366,0,0.0571439257166366,0.0476199206365212,0,0,0,0.0714299464323527,0,0,0,0,0,0,0.0714299464323527,0.0571439257166366,0.0714299464323527,0.0714299464323527,0.0714299464323527,0,0.0476199206365212,0,0,0,0.255398361876396,0,0,0,0,0,0,0.041172338956928,0.0965076580784755,0,0.138778105311832,0,0.421998728397202,0.041172338956928,0,0.0714299464323527,0,0,0.115648378688694,0.0571439257166366,0.173472727049999,0,0,0.16428333703628,0,0.138778105311832,0,0,0.0367619429090039,0,0.138778105311832,0,0,0.0892681146452845,0.0301593188641145,0.0367619429090039,0.0367619429090039,0.0892790042075809,0.0819002213950383,0.138778105311832,0,0,0,0,0,0,0.041172338956928,0,0,0,0,0,0.115648378688694,0,0.115648378688694,0.138778105311832,0,0.115648378688694,0.184015147583005,0.115648378688694,0,0.0476199206365212,0,0.0367619429090039,0,0,0.041172338956928,0.0965076580784755,0.106635281577545,0,0,0.115648378688694,0,0,0.0571439257166366,0.118649138482538,0,0.0999899660382537,0.0999899660382537,0,0,0,0,0,0,0,0,0,0.173472727049999,0,0,0,0.0892790042075809,0,0,0.138778105311832,0,0.0892790042075809,0,0.115648378688694,0,0,0,0,0,0,0,0,0,0.041172338956928,0.132392281936114,0,0,0,0,0,0,0.184015147583005,0.0476199206365212,0,0.0367619429090039,0.0571439257166366,0,0.0819002213950383,0,0,0,0,0,0,0.0999899660382537,0,0,0,0,0,0.138778105311832,0,0,0.0892790042075809,0,0.115648378688694,0,0,0,0.132392281936114,0,0,0,0,0.0933602719681705,0,0.0571439257166366,0,0.0892790042075809,0,0.0571439257166366,0.0892790042075809,0,0,0.0999899660382537,0.115648378688694,0,0,0.255398361876396,0,0,0.0571439257166366,0.115648378688694,0,0.0999899660382537,1,0,0,0,0,0,0,0,0,0,0,0,0,0,0,0,0,0.0367619429090039,0.0571439257166366,0.255398361876396,0.132392281936114,0,1,0,0,0,0
0,0,0,0,0,0,0,0,0,0,0,0,0,0,0,0,0,0,0,0,0,0,0,0,0,0,0,0,0,0,0,0,0,0,0,0,0,0,0,0,0,0,0,0,0,0,0,0,0,0,0,0,0,0,0,0,0,0,0,0,0,0,0,0,0,0,0,0,0,0,0,0,0,0,0,0,0,0,0,0,0,0,0,0,0,0,0,0,0,0,0,0,0,0,0,0,0,0,0,0,0,0,0,0,0,0,0,0,0,0,0,0,0,0,0,0,0,0,0,0,0,0,0,0,0,0,0,0,0,0,0,0,0,0,0,0,0,0,0,0,0,0,0,0,0,0,0,0,0,0,0,0,0,0,0,0,0,0,0,0,0,0,0,0,0,0,0,0,0,0,0,0,0,0,0,0,0,0,0,0,0,0,0,0,0,0,0,0,0,0,0,0,0,0,0,0,0,0,0,0,0,0,0,0,0,0,0,0,0,0,0,0,0,0,0,0,0,0,0,0,0,0,0,0,0,0,0,0,0,0,0,0,0,0,0,0,0,0,0,0,0,0,0,0,0,0,0,0,0,0,0,0,0,0,0,0,0,0,0,0,0,0,0,0,0,0,0,0,0,0,0,0,0,0,0,0,0,0,0,0,0,0,0,0,0,0,0,0,0,0,0,0,0,0,0,0,0,0,0,0,0,0,0,0,0,0,0,0,0,0,0,0,0,0,0,0,0,0,0,0,0,0,0,0,0,0,0,0,0,0,0,0,0,0,0,0,0,0,0,0,0,0,0,0,0,0,0,0,0,0,0,0,0,0,0,0,0,0,0,0,0,0,0,0,0,0,0,0,0,0,0,0,0,0,0,0,0,0,0,0,0,0,0,1,0,0,0,0,0,0,0,0,0,0,0,0,0,0,0,0,0,0,0,0,0,0,0,0,0
0,0,0,0,0,0,0,0,0,0,0,0,0,0,0,0,0,0,0,0,0,0,0,0,0,0,0,0,0,0,0,0,0,0,0,0,0,0,0,0,0,0,0,0,0,0,0,0,0,0,0,0,0,0,0,0,0,0,0,0,0,0,0,0,0,0,0,0,0,0,0,0,0,0,0,0,0,0,0,0,0,0,0,0,0,0,0,0,0,0,0,0,0,0,0,0,0,0,0,0,0,0,0,0,0,0,0,0,0,0,0,0,0,0,0,0,0,0,0,0,0,0,0,0,0,0,0,0,0,0,0,0,0,0,0,0,0,0,0,0,0,0,0,0,0,0,0,0,0,0,0,0,0,0,0,0,0,0,0,0,0,0,0,0,0,0,0,0,0,0,0,0,0,0,0,0,0,0,0,0,0,0,0,0,0,0,0,0,0,0,0,0,0,0,0,0,0,0,0,0,0,0,0,0,0,0,0,0,0,0,0,0,0,0,0,0,0,0,0,0,0,0,0,0,0,0,0,0,0,0,0,0,0,0,0,0,0,0,0,0,0,0,0,0,0,0,0,0,0,0,0,0,0,0,0,0,0,0,0,0,0,0,0,0,0,0,0,0,0,0,0,0,0,0,0,0,0,0,0,0,0,0,0,0,0,0,0,0,0,0,0,0,0,0,0,0,0,0,0,0,0,0,0,0,0,0,0,0,0,0,0,0,0,0,0,0,0,0,0,0,0,0,0,0,0,0,0,0,0,0,0,0,0,0,0,0,0,0,0,0,0,0,0,0,0,0,0,0,0,0,0,0,0,0,0,0,0,0,0,0,0,0,0,0,0,0,0,0,0,0,0,0,0,0,0,0,0,0,0,0,0,0,0,0,1,0,0,0,0,0,0,0,0,0,0,0,0,0,0,0,0,0,0,0,0,0,0,0,0
0,0,0,0,0,0,0,0,0,0,0,0,0,0,0,0,0,0,0,0,0,0,0,0,0,0,0,0,0,0,0,0,0,0,0,0,0,0,0,0,0,0,0,0,0,0,0,0,0,0,0,0,0,0,0,0,0,0,0,0,0,0,0,0,0,0,0,0,0,0,0,0,0,0,0,0,0,0,0,0,0,0,0,0,0,0,0,0,0,0,0,0,0,0,0,0,0,0,0,0,0,0,0,0,0,0,0,0,0,0,0,0,0,0,0,0,0,0,0,0,0,0,0,0,0,0,0,0,0,0,0,0,0,0,0,0,0,0,0,0,0,0,0,0,0,0,0,0,0,0,0,0,0,0,0,0,0,0,0,0,0,0,0,0,0,0,0,0,0,0,0,0,0,0,0,0,0,0,0,0,0,0,0,0,0,0,0,0,0,0,0,0,0,0,0,0,0,0,0,0,0,0,0,0,0,0,0,0,0,0,0,0,0,0,0,0,0,0,0,0,0,0,0,0,0,0,0,0,0,0,0,0,0,0,0,0,0,0,0,0,0,0,0,0,0,0,0,0,0,0,0,0,0,0,0,0,0,0,0,0,0,0,0,0,0,0,0,0,0,0,0,0,0,0,0,0,0,0,0,0,0,0,0,0,0,0,0,0,0,0,0,0,0,0,0,0,0,0,0,0,0,0,0,0,0,0,0,0,0,0,0,0,0,0,0,0,0,0,0,0,0,0,0,0,0,0,0,0,0,0,0,0,0,0,0,0,0,0,0,0,0,0,0,0,0,0,0,0,0,0,0,0,0,0,0,0,0,0,0,0,0,0,0,0,0,0,0,0,0,0,0,0,0,0,0,0,0,0,0,0,0,0,0,0,0,1,0,0,0,0,0,0,0,0,0,0,0,0,0,0,0,0,0,0,0,0,0,0,0
0,0,0,0,0,0,0,0,0,0,0,0,0,0,0,0,0,0,0,0,0,0,0,0,0,0,0,0,0,0,0,0,0,0,0,0,0,0,0,0,0,0,0,0,0,0,0,0,0,0,0,0,0,0,0,0,0,0,0,0,0,0,0,0,0,0,0,0,0,0,0,0,0,0,0,0,0,0,0,0,0,0,0,0,0,0,0,0,0,0,0,0,0,0,0,0,0,0,0,0,0,0,0,0,0,0,0,0,0,0,0,0,0,0,0,0,0,0,0,0,0,0,0,0,0,0,0,0,0,0,0,0,0,0,0,0,0,0,0,0,0,0,0,0,0,0,0,0,0,0,0,0,0,0,0,0,0,0,0,0,0,0,0,0,0,0,0,0,0,0,0,0,0,0,0,0,0,0,0,0,0,0,0,0,0,0,0,0,0,0,0,0,0,0,0,0,0,0,0,0,0,0,0,0,0,0,0,0,0,0,0,0,0,0,0,0,0,0,0,0,0,0,0,0,0,0,0,0,0,0,0,0,0,0,0,0,0,0,0,0,0,0,0,0,0,0,0,0,0,0,0,0,0,0,0,0,0,0,0,0,0,0,0,0,0,0,0,0,0,0,0,0,0,0,0,0,0,0,0,0,0,0,0,0,0,0,0,0,0,0,0,0,0,0,0,0,0,0,0,0,0,0,0,0,0,0,0,0,0,0,0,0,0,0,0,0,0,0,0,0,0,0,0,0,0,0,0,0,0,0,0,0,0,0,0,0,0,0,0,0,0,0,0,0,0,0,0,0,0,0,0,0,0,0,0,0,0,0,0,0,0,0,0,0,0,0,0,0,0,0,0,0,0,0,0,0,0,0,0,0,0,0,0,0,0,0,1,0,0,0,0,0,0,0,0,0,0,0,0,0,0,0,0,0,0,0,0,0,0
0,0,0,0,0,0,0,0,0,0,0,0,0,0,0,0,0,0,0,0,0,0,0,0,0,0,0,0,0,0,0,0,0,0,0,0,0,0,0,0,0,0,0,0,0,0,0,0,0,0,0,0,0,0,0,0,0,0,0,0,0,0,0,0,0,0,0,0,0,0,0,0,0,0,0,0,0,0,0,0,0,0,0,0,0,0,0,0,0,0,0,0,0,0,0,0,0,0,0,0,0,0,0,0,0,0,0,0,0,0,0,0,0,0,0,0,0,0,0,0,0,0,0,0,0,0,0,0,0,0,0,0,0,0,0,0,0,0,0,0,0,0,0,0,0,0,0,0,0,0,0,0,0,0,0,0,0,0,0,0,0,0,0,0,0,0,0,0,0,0,0,0,0,0,0,0,0,0,0,0,0,0,0,0,0,0,0,0,0,0,0,0,0,0,0,0,0,0,0,0,0,0,0,0,0,0,0,0,0,0,0,0,0,0,0,0,0,0,0,0,0,0,0,0,0,0,0,0,0,0,0,0,0,0,0,0,0,0,0,0,0,0,0,0,0,0,0,0,0,0,0,0,0,0,0,0,0,0,0,0,0,0,0,0,0,0,0,0,0,0,0,0,0,0,0,0,0,0,0,0,0,0,0,0,0,0,0,0,0,0,0,0,0,0,0,0,0,0,0,0,0,0,0,0,0,0,0,0,0,0,0,0,0,0,0,0,0,0,0,0,0,0,0,0,0,0,0,0,0,0,0,0,0,0,0,0,0,0,0,0,0,0,0,0,0,0,0,0,0,0,0,0,0,0,0,0,0,0,0,0,0,0,0,0,0,0,0,0,0,0,0,0,0,0,0,0,0,0,0,0,0,0,0,0,0,0,0,1,0,0,0,0,0,0,0,0,0,0,0,0,0,0,0,0,0,0,0,0,0
0,0,0,0,0,0,0,0,0,0,0,0,0,0,0,0,0,0,0,0,0,0,0,0,0,0,0,0,0,0,0,0,0,0,0,0,0,0,0,0,0,0,0,0,0,0,0,0,0,0,0,0,0,0,0,0,0,0,0,0,0,0,0,0,0,0,0,0,0,0,0,0,0,0,0,0,0,0,0,0,0,0,0,0,0,0,0,0,0,0,0,0,0,0,0,0,0,0,0,0,0,0,0,0,0,0,0,0,0,0,0,0,0,0,0,0,0,0,0,0,0,0,0,0,0,0,0,0,0,0,0,0,0,0,0,0,0,0,0,0,0,0,0,0,0,0,0,0,0,0,0,0,0,0,0,0,0,0,0,0,0,0,0,0,0,0,0,0,0,0,0,0,0,0,0,0,0,0,0,0,0,0,0,0,0,0,0,0,0,0,0,0,0,0,0,0,0,0,0,0,0,0,0,0,0,0,0,0,0,0,0,0,0,0,0,0,0,0,0,0,0,0,0,0,0,0,0,0,0,0,0,0,0,0,0,0,0,0,0,0,0,0,0,0,0,0,0,0,0,0,0,0,0,0,0,0,0,0,0,0,0,0,0,0,0,0,0,0,0,0,0,0,0,0,0,0,0,0,0,0,0,0,0,0,0,0,0,0,0,0,0,0,0,0,0,0,0,0,0,0,0,0,0,0,0,0,0,0,0,0,0,0,0,0,0,0,0,0,0,0,0,0,0,0,0,0,0,0,0,0,0,0,0,0,0,0,0,0,0,0,0,0,0,0,0,0,0,0,0,0,0,0,0,0,0,0,0,0,0,0,0,0,0,0,0,0,0,0,0,0,0,0,0,0,0,0,0,0,0,0,0,0,0,0,0,0,0,0,1,0,0,0,0,0,0,0,0,0,0,0,0,0,0,0,0,0,0,0,0
0,0,0,0,0,0,0,0,0,0,0,0,0,0,0,0,0,0,0,0,0,0,0,0,0,0,0,0,0,0,0,0,0,0,0,0,0,0,0,0,0,0,0,0,0,0,0,0,0,0,0,0,0,0,0,0,0,0,0,0,0,0,0,0,0,0,0,0,0,0,0,0,0,0,0,0,0,0,0,0,0,0,0,0,0,0,0,0,0,0,0,0,0,0,0,0,0,0,0,0,0,0,0,0,0,0,0,0,0,0,0,0,0,0,0,0,0,0,0,0,0,0,0,0,0,0,0,0,0,0,0,0,0,0,0,0,0,0,0,0,0,0,0,0,0,0,0,0,0,0,0,0,0,0,0,0,0,0,0,0,0,0,0,0,0,0,0,0,0,0,0,0,0,0,0,0,0,0,0,0,0,0,0,0,0,0,0,0,0,0,0,0,0,0,0,0,0,0,0,0,0,0,0,0,0,0,0,0,0,0,0,0,0,0,0,0,0,0,0,0,0,0,0,0,0,0,0,0,0,0,0,0,0,0,0,0,0,0,0,0,0,0,0,0,0,0,0,0,0,0,0,0,0,0,0,0,0,0,0,0,0,0,0,0,0,0,0,0,0,0,0,0,0,0,0,0,0,0,0,0,0,0,0,0,0,0,0,0,0,0,0,0,0,0,0,0,0,0,0,0,0,0,0,0,0,0,0,0,0,0,0,0,0,0,0,0,0,0,0,0,0,0,0,0,0,0,0,0,0,0,0,0,0,0,0,0,0,0,0,0,0,0,0,0,0,0,0,0,0,0,0,0,0,0,0,0,0,0,0,0,0,0,0,0,0,0,0,0,0,0,0,0,0,0,0,0,0,0,0,0,0,0,0,0,0,0,0,0,0,1,0,0,0,0,0,0,0,0,0,0,0,0,0,0,0,0,0,0,0
0,0,0,0,0,0,0,0,0,0,0,0,0,0,0,0,0,0,0,0,0,0,0,0,0,0,0,0,0,0,0,0,0,0,0,0,0,0,0,0,0,0,0,0,0,0,0,0,0,0,0,0,0,0,0,0,0,0,0,0,0,0,0,0,0,0,0,0,0,0,0,0,0,0,0,0,0,0,0,0,0,0,0,0,0,0,0,0,0,0,0,0,0,0,0,0,0,0,0,0,0,0,0,0,0,0,0,0,0,0,0,0,0,0,0,0,0,0,0,0,0,0,0,0,0,0,0,0,0,0,0,0,0,0,0,0,0,0,0,0,0,0,0,0,0,0,0,0,0,0,0,0,0,0,0,0,0,0,0,0,0,0,0,0,0,0,0,0,0,0,0,0,0,0,0,0,0,0,0,0,0,0,0,0,0,0,0,0,0,0,0,0,0,0,0,0,0,0,0,0,0,0,0,0,0,0,0,0,0,0,0,0,0,0,0,0,0,0,0,0,0,0,0,0,0,0,0,0,0,0,0,0,0,0,0,0,0,0,0,0,0,0,0,0,0,0,0,0,0,0,0,0,0,0,0,0,0,0,0,0,0,0,0,0,0,0,0,0,0,0,0,0,0,0,0,0,0,0,0,0,0,0,0,0,0,0,0,0,0,0,0,0,0,0,0,0,0,0,0,0,0,0,0,0,0,0,0,0,0,0,0,0,0,0,0,0,0,0,0,0,0,0,0,0,0,0,0,0,0,0,0,0,0,0,0,0,0,0,0,0,0,0,0,0,0,0,0,0,0,0,0,0,0,0,0,0,0,0,0,0,0,0,0,0,0,0,0,0,0,0,0,0,0,0,0,0,0,0,0,0,0,0,0,0,0,0,0,0,0,0,1,0,0,0,0,0,0,0,0,0,0,0,0,0,0,0,0,0,0
0,0,0,0,0,0,0,0,0,0,0,0,0,0,0,0,0,0,0,0,0,0,0,0,0,0,0,0,0,0,0,0,0,0,0,0,0,0,0,0,0,0,0,0,0,0,0,0,0,0,0,0,0,0,0,0,0,0,0,0,0,0,0,0,0,0,0,0,0,0,0,0,0,0,0,0,0,0,0,0,0,0,0,0,0,0,0,0,0,0,0,0,0,0,0,0,0,0,0,0,0,0,0,0,0,0,0,0,0,0,0,0,0,0,0,0,0,0,0,0,0,0,0,0,0,0,0,0,0,0,0,0,0,0,0,0,0,0,0,0,0,0,0,0,0,0,0,0,0,0,0,0,0,0,0,0,0,0,0,0,0,0,0,0,0,0,0,0,0,0,0,0,0,0,0,0,0,0,0,0,0,0,0,0,0,0,0,0,0,0,0,0,0,0,0,0,0,0,0,0,0,0,0,0,0,0,0,0,0,0,0,0,0,0,0,0,0,0,0,0,0,0,0,0,0,0,0,0,0,0,0,0,0,0,0,0,0,0,0,0,0,0,0,0,0,0,0,0,0,0,0,0,0,0,0,0,0,0,0,0,0,0,0,0,0,0,0,0,0,0,0,0,0,0,0,0,0,0,0,0,0,0,0,0,0,0,0,0,0,0,0,0,0,0,0,0,0,0,0,0,0,0,0,0,0,0,0,0,0,0,0,0,0,0,0,0,0,0,0,0,0,0,0,0,0,0,0,0,0,0,0,0,0,0,0,0,0,0,0,0,0,0,0,0,0,0,0,0,0,0,0,0,0,0,0,0,0,0,0,0,0,0,0,0,0,0,0,0,0,0,0,0,0,0,0,0,0,0,0,0,0,0,0,0,0,0,0,0,0,0,0,1,0,0,0,0,0,0,0,0,0,0,0,0,0,0,0,0,0
0,0,0,0,0,0,0,0,0,0,0,0,0,0,0,0,0,0,0,0,0,0,0,0,0,0,0,0,0,0,0,0,0,0,0,0,0,0,0,0,0,0,0,0,0,0,0,0,0,0,0,0,0,0,0,0,0,0,0,0,0,0,0,0,0,0,0,0,0,0,0,0,0,0,0,0,0,0,0,0,0,0,0,0,0,0,0,0,0,0,0,0,0,0,0,0,0,0,0,0,0,0,0,0,0,0,0,0,0,0,0,0,0,0,0,0,0,0,0,0,0,0,0,0,0,0,0,0,0,0,0,0,0,0,0,0,0,0,0,0,0,0,0,0,0,0,0,0,0,0,0,0,0,0,0,0,0,0,0,0,0,0,0,0,0,0,0,0,0,0,0,0,0,0,0,0,0,0,0,0,0,0,0,0,0,0,0,0,0,0,0,0,0,0,0,0,0,0,0,0,0,0,0,0,0,0,0,0,0,0,0,0,0,0,0,0,0,0,0,0,0,0,0,0,0,0,0,0,0,0,0,0,0,0,0,0,0,0,0,0,0,0,0,0,0,0,0,0,0,0,0,0,0,0,0,0,0,0,0,0,0,0,0,0,0,0,0,0,0,0,0,0,0,0,0,0,0,0,0,0,0,0,0,0,0,0,0,0,0,0,0,0,0,0,0,0,0,0,0,0,0,0,0,0,0,0,0,0,0,0,0,0,0,0,0,0,0,0,0,0,0,0,0,0,0,0,0,0,0,0,0,0,0,0,0,0,0,0,0,0,0,0,0,0,0,0,0,0,0,0,0,0,0,0,0,0,0,0,0,0,0,0,0,0,0,0,0,0,0,0,0,0,0,0,0,0,0,0,0,0,0,0,0,0,0,0,0,0,0,0,0,0,1,0,0,0,0,0,0,0,0,0,0,0,0,0,0,0,0
0,0,0,0,0,0,0,0,0,0,0,0,0,0,0,0,0,0,0,0,0,0,0,0,0,0,0,0,0,0,0,0,0,0,0,0,0,0,0,0,0,0,0,0,0,0,0,0,0,0,0,0,0,0,0,0,0,0,0,0,0,0,0,0,0,0,0,0,0,0,0,0,0,0,0,0,0,0,0,0,0,0,0,0,0,0,0,0,0,0,0,0,0,0,0,0,0,0,0,0,0,0,0,0,0,0,0,0,0,0,0,0,0,0,0,0,0,0,0,0,0,0,0,0,0,0,0,0,0,0,0,0,0,0,0,0,0,0,0,0,0,0,0,0,0,0,0,0,0,0,0,0,0,0,0,0,0,0,0,0,0,0,0,0,0,0,0,0,0,0,0,0,0,0,0,0,0,0,0,0,0,0,0,0,0,0,0,0,0,0,0,0,0,0,0,0,0,0,0,0,0,0,0,0,0,0,0,0,0,0,0,0,0,0,0,0,0,0,0,0,0,0,0,0,0,0,0,0,0,0,0,0,0,0,0,0,0,0,0,0,0,0,0,0,0,0,0,0,0,0,0,0,0,0,0,0,0,0,0,0,0,0,0,0,0,0,0,0,0,0,0,0,0,0,0,0,0,0,0,0,0,0,0,0,0,0,0,0,0,0,0,0,0,0,0,0,0,0,0,0,0,0,0,0,0,0,0,0,0,0,0,0,0,0,0,0,0,0,0,0,0,0,0,0,0,0,0,0,0,0,0,0,0,0,0,0,0,0,0,0,0,0,0,0,0,0,0,0,0,0,0,0,0,0,0,0,0,0,0,0,0,0,0,0,0,0,0,0,0,0,0,0,0,0,0,0,0,0,0,0,0,0,0,0,0,0,0,0,0,0,0,0,0,1,0,0,0,0,0,0,0,0,0,0,0,0,0,0,0
0,0,0,0,0,0,0,0,0,0,0,0,0,0,0,0,0,0,0,0,0,0,0,0,0,0,0,0,0,0,0,0,0,0,0,0,0,0,0,0,0,0,0,0,0,0,0,0,0,0,0,0,0,0,0,0,0,0,0,0,0,0,0,0,0,0,0,0,0,0,0,0,0,0,0,0,0,0,0,0,0,0,0,0,0,0,0,0,0,0,0,0,0,0,0,0,0,0,0,0,0,0,0,0,0,0,0,0,0,0,0,0,0,0,0,0,0,0,0,0,0,0,0,0,0,0,0,0,0,0,0,0,0,0,0,0,0,0,0,0,0,0,0,0,0,0,0,0,0,0,0,0,0,0,0,0,0,0,0,0,0,0,0,0,0,0,0,0,0,0,0,0,0,0,0,0,0,0,0,0,0,0,0,0,0,0,0,0,0,0,0,0,0,0,0,0,0,0,0,0,0,0,0,0,0,0,0,0,0,0,0,0,0,0,0,0,0,0,0,0,0,0,0,0,0,0,0,0,0,0,0,0,0,0,0,0,0,0,0,0,0,0,0,0,0,0,0,0,0,0,0,0,0,0,0,0,0,0,0,0,0,0,0,0,0,0,0,0,0,0,0,0,0,0,0,0,0,0,0,0,0,0,0,0,0,0,0,0,0,0,0,0,0,0,0,0,0,0,0,0,0,0,0,0,0,0,0,0,0,0,0,0,0,0,0,0,0,0,0,0,0,0,0,0,0,0,0,0,0,0,0,0,0,0,0,0,0,0,0,0,0,0,0,0,0,0,0,0,0,0,0,0,0,0,0,0,0,0,0,0,0,0,0,0,0,0,0,0,0,0,0,0,0,0,0,0,0,0,0,0,0,0,0,0,0,0,0,0,0,0,0,0,0,0,1,0,0,0,0,0,0,0,0,0,0,0,0,0,0
0,0,0,0,0,0,0,0,0,0,0,0,0,0,0,0,0,0,0,0,0,0,0,0,0,0,0,0,0,0,0,0,0,0,0,0,0,0,0,0,0,0,0,0,0,0,0,0,0,0,0,0,0,0,0,0,0,0,0,0,0,0,0,0,0,0,0,0,0,0,0,0,0,0,0,0,0,0,0,0,0,0,0,0,0,0,0,0,0,0,0,0,0,0,0,0,0,0,0,0,0,0,0,0,0,0,0,0,0,0,0,0,0,0,0,0,0,0,0,0,0,0,0,0,0,0,0,0,0,0,0,0,0,0,0,0,0,0,0,0,0,0,0,0,0,0,0,0,0,0,0,0,0,0,0,0,0,0,0,0,0,0,0,0,0,0,0,0,0,0,0,0,0,0,0,0,0,0,0,0,0,0,0,0,0,0,0,0,0,0,0,0,0,0,0,0,0,0,0,0,0,0,0,0,0,0,0,0,0,0,0,0,0,0,0,0,0,0,0,0,0,0,0,0,0,0,0,0,0,0,0,0,0,0,0,0,0,0,0,0,0,0,0,0,0,0,0,0,0,0,0,0,0,0,0,0,0,0,0,0,0,0,0,0,0,0,0,0,0,0,0,0,0,0,0,0,0,0,0,0,0,0,0,0,0,0,0,0,0,0,0,0,0,0,0,0,0,0,0,0,0,0,0,0,0,0,0,0,0,0,0,0,0,0,0,0,0,0,0,0,0,0,0,0,0,0,0,0,0,0,0,0,0,0,0,0,0,0,0,0,0,0,0,0,0,0,0,0,0,0,0,0,0,0,0,0,0,0,0,0,0,0,0,0,0,0,0,0,0,0,0,0,0,0,0,0,0,0,0,0,0,0,0,0,0,0,0,0,0,0,0,0,0,0,0,1,0,0,0,0,0,0,0,0,0,0,0,0,0
0,0,0,0,0,0,0,0,0,0,0,0,0,0,0,0,0,0,0,0,0,0,0,0,0,0,0,0,0,0,0,0,0,0,0,0,0,0,0,0,0,0,0,0,0,0,0,0,0,0,0,0,0,0,0,0,0,0,0,0,0,0,0,0,0,0,0,0,0,0,0,0,0,0,0,0,0,0,0,0,0,0,0,0,0,0,0,0,0,0,0,0,0,0,0,0,0,0,0,0,0,0,0,0,0,0,0,0,0,0,0,0,0,0,0,0,0,0,0,0,0,0,0,0,0,0,0,0,0,0,0,0,0,0,0,0,0,0,0,0,0,0,0,0,0,0,0,0,0,0,0,0,0,0,0,0,0,0,0,0,0,0,0,0,0,0,0,0,0,0,0,0,0,0,0,0,0,0,0,0,0,0,0,0,0,0,0,0,0,0,0,0,0,0,0,0,0,0,0,0,0,0,0,0,0,0,0,0,0,0,0,0,0,0,0,0,0,0,0,0,0,0,0,0,0,0,0,0,0,0,0,0,0,0,0,0,0,0,0,0,0,0,0,0,0,0,0,0,0,0,0,0,0,0,0,0,0,0,0,0,0,0,0,0,0,0,0,0,0,0,0,0,0,0,0,0,0,0,0,0,0,0,0,0,0,0,0,0,0,0,0,0,0,0,0,0,0,0,0,0,0,0,0,0,0,0,0,0,0,0,0,0,0,0,0,0,0,0,0,0,0,0,0,0,0,0,0,0,0,0,0,0,0,0,0,0,0,0,0,0,0,0,0,0,0,0,0,0,0,0,0,0,0,0,0,0,0,0,0,0,0,0,0,0,0,0,0,0,0,0,0,0,0,0,0,0,0,0,0,0,0,0,0,0,0,0,0,0,0,0,0,0,0,0,0,0,1,0,0,0,0,0,0,0,0,0,0,0,0
0,0,0,0,0,0,0,0,0,0,0,0,0,0,0,0,0,0,0,0,0,0,0,0,0,0,0,0,0,0,0,0,0,0,0,0,0,0,0,0,0,0,0,0,0,0,0,0,0,0,0,0,0,0,0,0,0,0,0,0,0,0,0,0,0,0,0,0,0,0,0,0,0,0,0,0,0,0,0,0,0,0,0,0,0,0,0,0,0,0,0,0,0,0,0,0,0,0,0,0,0,0,0,0,0,0,0,0,0,0,0,0,0,0,0,0,0,0,0,0,0,0,0,0,0,0,0,0,0,0,0,0,0,0,0,0,0,0,0,0,0,0,0,0,0,0,0,0,0,0,0,0,0,0,0,0,0,0,0,0,0,0,0,0,0,0,0,0,0,0,0,0,0,0,0,0,0,0,0,0,0,0,0,0,0,0,0,0,0,0,0,0,0,0,0,0,0,0,0,0,0,0,0,0,0,0,0,0,0,0,0,0,0,0,0,0,0,0,0,0,0,0,0,0,0,0,0,0,0,0,0,0,0,0,0,0,0,0,0,0,0,0,0,0,0,0,0,0,0,0,0,0,0,0,0,0,0,0,0,0,0,0,0,0,0,0,0,0,0,0,0,0,0,0,0,0,0,0,0,0,0,0,0,0,0,0,0,0,0,0,0,0,0,0,0,0,0,0,0,0,0,0,0,0,0,0,0,0,0,0,0,0,0,0,0,0,0,0,0,0,0,0,0,0,0,0,0,0,0,0,0,0,0,0,0,0,0,0,0,0,0,0,0,0,0,0,0,0,0,0,0,0,0,0,0,0,0,0,0,0,0,0,0,0,0,0,0,0,0,0,0,0,0,0,0,0,0,0,0,0,0,0,0,0,0,0,0,0,0,0,0,0,0,0,0,0,0,1,0,0,0,0,0,0,0,0,0,0,0
0,0,0,0,0,0,0,0,0,0,0,0,0,0,0,0,0,0,0,0,0,0,0,0,0,0,0,0,0,0,0,0,0,0,0,0,0,0,0,0,0,0,0,0,0,0,0,0,0,0,0,0,0,0,0,0,0,0,0,0,0,0,0,0,0,0,0,0,0,0,0,0,0,0,0,0,0,0,0,0,0,0,0,0,0,0,0,0,0,0,0,0,0,0,0,0,0,0,0,0,0,0,0,0,0,0,0,0,0,0,0,0,0,0,0,0,0,0,0,0,0,0,0,0,0,0,0,0,0,0,0,0,0,0,0,0,0,0,0,0,0,0,0,0,0,0,0,0,0,0,0,0,0,0,0,0,0,0,0,0,0,0,0,0,0,0,0,0,0,0,0,0,0,0,0,0,0,0,0,0,0,0,0,0,0,0,0,0,0,0,0,0,0,0,0,0,0,0,0,0,0,0,0,0,0,0,0,0,0,0,0,0,0,0,0,0,0,0,0,0,0,0,0,0,0,0,0,0,0,0,0,0,0,0,0,0,0,0,0,0,0,0,0,0,0,0,0,0,0,0,0,0,0,0,0,0,0,0,0,0,0,0,0,0,0,0,0,0,0,0,0,0,0,0,0,0,0,0,0,0,0,0,0,0,0,0,0,0,0,0,0,0,0,0,0,0,0,0,0,0,0,0,0,0,0,0,0,0,0,0,0,0,0,0,0,0,0,0,0,0,0,0,0,0,0,0,0,0,0,0,0,0,0,0,0,0,0,0,0,0,0,0,0,0,0,0,0,0,0,0,0,0,0,0,0,0,0,0,0,0,0,0,0,0,0,0,0,0,0,0,0,0,0,0,0,0,0,0,0,0,0,0,0,0,0,0,0,0,0,0,0,0,0,0,0,0,0,0,1,0,0,0,0,0,0,0,0,0,0
0,0.0498579928542293,0,0.0367619429090039,0.10162667835798,0.0280132767810044,0.0367619429090039,0.0498579928542293,0,0,0,0.0367619429090039,0.0280132767810044,0.0367619429090039,0,0.0498579928542293,0.0498579928542293,0.0280132767810044,0.0698989009481177,0.468554246939164,0.271481053610807,0.0367619429090039,0,0.0498579928542293,0.271481053610807,0.163074998260921,0.163074998260921,0.0280132767810044,0,0,0,0,0.10162667835798,0.0180216412275933,0.0180216412275933,0.0367619429090039,0,0,0.0367619429090039,0.0498579928542293,0,0,0,0.0280132767810044,0,0,0.0376272683247983,0,0,0.0220824020542819,0,0,0.0280132767810044,0,0.271481053610807,0,0,0,0.0498579928542293,0,0,0.0367619429090039,0.10162667835798,0,0,0.271481053610807,0.0367619429090039,0.0367619429090039,0.0152223787564515,0.013283683417403,0.222834702756658,0.0367619429090039,0,0,0,0.0285246310395475,0.0498579928542293,0.0498579928542293,0,0.0367619429090039,0,0,0.0367619429090039,0,0.0367619429090039,0.11241482621018,0.0367619429090039,0,0.0280132767810044,0,0.10162667835798,0.0367619429090039,0,0,0,0,0.0367619429090039,0,0,0,0,0,0,0.0220824020542819,0.580614852075153,0.468554246939164,0,0.0384437948047428,0,0.0152223787564515,0,0,0,0,0,0.013283683417403,0,0.0367619429090039,0.0280132767810044,0.0280132767810044,0.0280132767810044,0,0.0280132767810044,0.0698989009481177,0,0,0,0,0,0,0.0220824020542819,0,0.10162667835798,0.0498579928542293,0,0.0280132767810044,0,0.0367619429090039,0.1210836969317,0.0367619429090039,0.0367619429090039,0.0367619429090039,0,0,0.206873557102869,0.0220824020542819,0.0367619429090039,0,0.0367619429090039,0.0498579928542293,0.0367619429090039,0.163074998260921,0,0.10162667835798,0.0280132767810044,0.266386646796648,0.0220824020542819,0.0367619429090039,0.163074998260921,0,0,0.0280132767810044,0.0280132767810044,0,0.0280132767810044,0,0,0,0,0.0367619429090039,0.0367619429090039,0,0.206873557102869,0.0498579928542293,0.0367619429090039,0,0.0280132767810044,0,0.0280132767810044,0.0367619429090039,0.10162667835798,0,0,0,0,0,0.0220824020542819,0.0367619429090039,0,0.271481053610807,0.0280132767810044,0,0,0,0.0498579928542293,0,0,0,0,0,0,0.0498579928542293,0.0367619429090039,0.0498579928542293,0.0498579928542293,0.0498579928542293,0,0.0280132767810044,0,0,0,0.0367619429090039,0,0,0,0,0,0,0.0986948173446475,0.0235372551175206,0,0.0367619429090039,0,0.0367619429090039,0.386434809603095,0,0.0498579928542293,0,0,0.0280132767810044,0.0367619429090039,0.0498579928542293,0,0,0.0218282503521771,0,0.0367619429090039,0,0,0.468554246939164,0,0.0367619429090039,0,0,0.0218282503521771,0.208887367284453,0.315372823998099,0.315372823998099,0.0180216412275933,0.0152223787564515,0.0367619429090039,0,0,0,0,0,0,0.163074998260921,0,0,0,0,0,0.0280132767810044,0,0.0280132767810044,0.0367619429090039,0,0.0280132767810044,0.0220824020542819,0.0280132767810044,0,0.323546929785103,0,0.133086930698233,0,0,0.163074998260921,0.0235372551175206,0.0285246310395475,0,0,0.0280132767810044,0,0,0.0367619429090039,0.0384437948047428,0,0.0220824020542819,0.0220824020542819,0,0,0,0,0,0,0,0,0,0.0498579928542293,0,0,0,0.0180216412275933,0,0,0.0367619429090039,0,0.0180216412275933,0,0.0280132767810044,0,0,0,0,0,0,0,0,0,0.053628690703256,0.0384437948047428,0,0,0,0,0,0,0.0220824020542819,0.206873557102869,0,0.687384851140685,0.0367619429090039,0,0.0152223787564515,0,0,0,0,0,0,0.0220824020542819,0,0,0,0,0,0.0367619429090039,0,0,0.0180216412275933,0,0.0280132767810044,0,0,0,0.0384437948047428,0,0,0,0,0.0698989009481177,0,0.0367619429090039,0,0.0180216412275933,0,0.271481053610807,0.0180216412275933,0,0,0.0220824020542819,0.0280132767810044,0,0,0.0367619429090039,0,0,0.0367619429090039,0.0280132767810044,0,0.0220824020542819,0.0367619429090039,0,0,0,0,0,0,0,0,0,0,0,0,0,0,0,0,1,0.271481053610807,0.0367619429090039,0.0384437948047428,0,0.0367619429090039,0,0,0,0
0,0.0714299464323527,0,0.0571439257166366,0.128249502550101,0.0476199206365212,0.0571439257166366,0.0714299464323527,0,0,0,0.0571439257166366,0.0476199206365212,0.0571439257166366,0,0.0714299464323527,0.0714299464323527,0.0476199206365212,0.0933602719681705,0.271481053610807,0.421998728397202,0.0571439257166366,0,0.0714299464323527,0.421998728397202,0.304051121218363,0.304051121218363,0.0476199206365212,0,0,0,0,0.128249502550101,0.0367619429090039,0.0367619429090039,0.0571439257166366,0,0,0.0571439257166366,0.0714299464323527,0,0,0,0.0476199206365212,0,0,0.0533176407887724,0,0,0.041172338956928,0,0,0.0476199206365212,0,0.421998728397202,0,0,0,0.0714299464323527,0,0,0.0571439257166366,0.128249502550101,0,0,0.421998728397202,0.0571439257166366,0.0571439257166366,0.0337236205744276,0.0316202950567523,0.319248127932352,0.0571439257166366,0,0,0,0.0439086453554596,0.0714299464323527,0.0714299464323527,0,0.0571439257166366,0,0,0.0571439257166366,0,0.0571439257166366,0.249043530364504,0.0571439257166366,0,0.0476199206365212,0,0.128249502550101,0.0571439257166366,0,0,0,0,0.0571439257166366,0,0,0,0,0,0,0.041172338956928,0.249043530364504,0.271481053610807,0,0.0545144690325174,0,0.0337236205744276,0,0,0,0,0,0.0316202950567523,0,0.0571439257166366,0.0476199206365212,0.0476199206365212,0.0476199206365212,0,0.0476199206365212,0.0933602719681705,0,0,0,0,0,0,0.041172338956928,0,0.128249502550101,0.0714299464323527,0,0.0476199206365212,0,0.0571439257166366,0.173472727049999,0.0571439257166366,0.0571439257166366,0.0571439257166366,0,0,0.351665478053376,0.041172338956928,0.0571439257166366,0,0.0571439257166366,0.0714299464323527,0.0571439257166366,0.304051121218363,0,0.128249502550101,0.0476199206365212,0.249043530364504,0.041172338956928,0.0571439257166366,0.47553108355459,0,0,0.0476199206365212,0.0476199206365212,0,0.0476199206365212,0,0,0,0,0.0571439257166366,0.0571439257166366,0,0.351665478053376,0.0714299464323527,0.0571439257166366,0,0.0476199206365212,0,0.0476199206365212,0.0571439257166366,0.128249502550101,0,0,0,0,0,0.041172338956928,0.0571439257166366,0,0.421998728397202,0.0476199206365212,0,0,0,0.0714299464323527,0,0,0,0,0,0,0.0714299464323527,0.0571439257166366,0.0714299464323527,0.0714299464323527,0.0714299464323527,0,0.0476199206365212,0,0,0,0.0571439257166366,0,0,0,0,0,0,0.184015147583005,0.0397384474440781,0,0.0571439257166366,0,0.0571439257166366,0.304051121218363,0,0.0714299464323527,0,0,0.0476199206365212,0.0571439257166366,0.0714299464323527,0,0,0.0367574589715877,0,0.0571439257166366,0,0,0.271481053610807,0,0.0571439257166366,0,0,0.0367574589715877,0.222721733769102,0.271481053610807,0.271481053610807,0.0367619429090039,0.0337236205744276,0.0571439257166366,0,0,0,0,0,0,0.304051121218363,0,0,0,0,0,0.0476199206365212,0,0.0476199206365212,0.0571439257166366,0,0.0476199206365212,0.041172338956928,0.0476199206365212,0,0.351665478053376,0,0.271481053610807,0,0,0.304051121218363,0.0397384474440781,0.0439086453554596,0,0,0.0476199206365212,0,0,0.0571439257166366,0.0545144690325174,0,0.041172338956928,0.041172338956928,0,0,0,0,0,0,0,0,0,0.0714299464323527,0,0,0,0.0367619429090039,0,0,0.0571439257166366,0,0.0367619429090039,0,0.0476199206365212,0,0,0,0,0,0,0,0,0,0.0999899660382537,0.0545144690325174,0,0,0,0,0,0,0.041172338956928,0.351665478053376,0,0.271481053610807,0.0571439257166366,0,0.0337236205744276,0,0,0,0,0,0,0.041172338956928,0,0,0,0,0,0.0571439257166366,0,0,0.0367619429090039,0,0.0476199206365212,0,0,0,0.0545144690325174,0,0,0,0,0.0933602719681705,0,0.0571439257166366,0,0.0367619429090039,0,0.421998728397202,0.0367619429090039,0,0,0.041172338956928,0.0476199206365212,0,0,0.0571439257166366,0,0,0.0571439257166366,0.0476199206365212,0,0.041172338956928,0.0571439257166366,0,0,0,0,0,0,0,0,0,0,0,0,0,0,0,0,0.271481053610807,1,0.0571439257166366,0.0545144690325174,0,0.0571439257166366,0,0,0,0
0,0.173472727049999,0,0.0571439257166366,0.128249502550101,0.115648378688694,0.0571439257166366,0.0714299464323527,0,0,0,0.138778105311832,0.0476199206365212,0.138778105311832,0,0.0714299464323527,0.173472727049999,0.115648378688694,0.226732089065557,0.0367619429090039,0.0571439257166366,0.0571439257166366,0,0.173472727049999,0.0571439257166366,0.041172338956928,0.041172338956928,0.0476199206365212,0,0,0,0,0.128249502550101,0.0892790042075809,0.0892790042075809,0.138778105311832,0,0,0.138778105311832,0.173472727049999,0,0,0,0.0476199206365212,0,0,0.106635281577545,0,0,0.0999899660382537,0,0,0.115648378688694,0,0.0571439257166366,0,0,0,0.0714299464323527,0,0,0.138778105311832,0.128249502550101,0,0,0.0571439257166366,0.138778105311832,0.0571439257166366,0.0819002213950383,0.0767921451378269,0.0714299464323527,0.138778105311832,0,0,0,0.106635281577545,0.0714299464323527,0.0714299464323527,0,0.0571439257166366,0,0,0.0571439257166366,0,0.0571439257166366,0.0337236205744276,0.138778105311832,0,0.549999174998487,0,0.128249502550101,0.0571439257166366,0,0,0,0,0.0571439257166366,0,0,0,0,0,0,0.0999899660382537,0.0337236205744276,0.0367619429090039,0,0.132392281936114,0,0.0819002213950383,0,0,0,0,0,0.0767921451378269,0,0.138778105311832,0.212831890191799,0.115648378688694,0.115648378688694,0,0.115648378688694,0.0933602719681705,0,0,0,0,0,0,0.0999899660382537,0,0.128249502550101,0.0714299464323527,0,0.115648378688694,0,0.0571439257166366,0.0714299464323527,0.138778105311832,0.0571439257166366,0.0571439257166366,0,0,0.0476199206365212,0.184015147583005,0.421998728397202,0,0.0571439257166366,0.0714299464323527,0.138778105311832,0.041172338956928,0,0.128249502550101,0.351665478053376,0.0337236205744276,0.0999899660382537,0.138778105311832,0.041172338956928,0,0,0.549999174998487,0.115648378688694,0,0.115648378688694,0,0,0,0,0.421998728397202,0.138778105311832,0,0.0476199206365212,0.319248127932352,0.138778105311832,0,0.115648378688694,0,0.115648378688694,0.138778105311832,0.128249502550101,0,0,0,0,0,0.0999899660382537,0.0571439257166366,0,0.0571439257166366,0.0476199206365212,0,0,0,0.0714299464323527,0,0,0,0,0,0,0.0714299464323527,0.0571439257166366,0.0714299464323527,0.0714299464323527,0.0714299464323527,0,0.0476199206365212,0,0,0,0.255398361876396,0,0,0,0,0,0,0.041172338956928,0.0965076580784755,0,0.138778105311832,0,0.255398361876396,0.041172338956928,0,0.0714299464323527,0,0,0.115648378688694,0.0571439257166366,0.173472727049999,0,0,0.424540231045856,0,0.138778105311832,0,0,0.0367619429090039,0,0.138778105311832,0,0,0.0892681146452845,0.0301593188641145,0.0367619429090039,0.0367619429090039,0.0892790042075809,0.0819002213950383,0.138778105311832,0,0,0,0,0,0,0.041172338956928,0,0,0,0,0,0.115648378688694,0,0.115648378688694,0.138778105311832,0,0.115648378688694,0.184015147583005,0.115648378688694,0,0.0476199206365212,0,0.0367619429090039,0,0,0.041172338956928,0.0965076580784755,0.106635281577545,0,0,0.115648378688694,0,0,0.0571439257166366,0.118649138482538,0,0.0999899660382537,0.0999899660382537,0,0,0,0,0,0,0,0,0,0.173472727049999,0,0,0,0.0892790042075809,0,0,0.138778105311832,0,0.0892790042075809,0,0.115648378688694,0,0,0,0,0,0,0,0,0,0.041172338956928,0.132392281936114,0,0,0,0,0,0,0.47553108355459,0.0476199206365212,0,0.0367619429090039,0.0571439257166366,0,0.0819002213950383,0,0,0,0,0,0,0.0999899660382537,0,0,0,0,0,0.138778105311832,0,0,0.0892790042075809,0,0.115648378688694,0,0,0,0.132392281936114,0,0,0,0,0.0933602719681705,0,0.0571439257166366,0,0.0892790042075809,0,0.0571439257166366,0.0892790042075809,0,0,0.0999899660382537,0.115648378688694,0,0,0.255398361876396,0,0,0.0571439257166366,0.115648378688694,0,0.0999899660382537,0.255398361876396,0,0,0,0,0,0,0,0,0,0,0,0,0,0,0,0,0.0367619429090039,0.0571439257166366,1,0.132392281936114,0,0.255398361876396,0,0,0,0
0,0.159332176574263,0,0.0545144690325174,0.108384549152341,0.114242844100718,0.0545144690325174,0.0656073668246963,0,0,0,0.132392281936114,0.0470411711002957,0.480458425321575,0,0.0656073668246963,0.605153498285355,0.114242844100718,0.200036727313821,0.0384437948047428,0.0545144690325174,0.0545144690325174,0,0.159332176574263,0.0545144690325174,0.0419459661208335,0.0419459661208335,0.0470411711002957,0,0,0,0,0.108384549152341,0.093363501668661,0.093363501668661,0.132392281936114,0,0,0.132392281936114,0.159332176574263,0,0,0,0.0470411711002957,0,0,0.107043163036001,0,0,0.309764233772802,0,0,0.114242844100718,0,0.0545144690325174,0,0,0,0.0656073668246963,0,0,0.132392281936114,0.108384549152341,0,0,0.0545144690325174,0.132392281936114,0.0545144690325174,0.0874847549747102,0.0834057617636217,0.0656073668246963,0.132392281936114,0,0,0,0.107043163036001,0.0656073668246963,0.0656073668246963,0,0.0545144690325174,0,0,0.0545144690325174,0,0.0545144690325174,0.0360231344013513,0.132392281936114,0,0.114242844100718,0,0.108384549152341,0.0545144690325174,0,0,0,0,0.0545144690325174,0,0,0,0,0,0,0.309764233772802,0.0360231344013513,0.0384437948047428,0,1,0,0.0874847549747102,0,0,0,0,0,0.0834057617636217,0,0.132392281936114,0.114242844100718,0.114242844100718,0.114242844100718,0,0.210245234101322,0.0823680641880438,0,0,0,0,0,0,0.309764233772802,0,0.108384549152341,0.0656073668246963,0,0.114242844100718,0,0.0545144690325174,0.0656073668246963,0.132392281936114,0.0545144690325174,0.0545144690325174,0,0,0.0470411711002957,0.101868774864881,0.132392281936114,0,0.0545144690325174,0.0656073668246963,0.132392281936114,0.0419459661208335,0,0.108384549152341,0.114242844100718,0.0360231344013513,0.339176100632449,0.21027009483971,0.0419459661208335,0,0,0.114242844100718,0.114242844100718,0,0.114242844100718,0,0,0,0,0.132392281936114,0.480458425321575,0,0.0470411711002957,0.159332176574263,0.132392281936114,0,0.177385355644739,0,0.396451212021955,0.21027009483971,0.108384549152341,0,0,0,0,0,0.101868774864881,0.0545144690325174,0,0.0545144690325174,0.0470411711002957,0,0,0,0.0656073668246963,0,0,0,0,0,0,0.0656073668246963,0.0545144690325174,0.0656073668246963,0.0656073668246963,0.0656073668246963,0,0.0470411711002957,0,0,0,0.132392281936114,0,0,0,0,0,0,0.0419459661208335,0.153384432711288,0,0.132392281936114,0,0.132392281936114,0.0419459661208335,0,0.0656073668246963,0,0,0.114242844100718,0.0545144690325174,0.159332176574263,0,0,0.0926432048900211,0,0.21027009483971,0,0,0.0384437948047428,0,0.480458425321575,0,0,0.321495067401043,0.0331750465663922,0.0384437948047428,0.0384437948047428,0.093363501668661,0.0874847549747102,0.132392281936114,0,0,0,0,0,0,0.0419459661208335,0,0,0,0,0,0.177385355644739,0,0.177385355644739,0.132392281936114,0,0.347391505530755,0.101868774864881,0.177385355644739,0,0.0470411711002957,0,0.0384437948047428,0,0,0.0419459661208335,0.153384432711288,0.338802458190567,0,0,0.347391505530755,0,0,0.0545144690325174,0.116943821213321,0,0.101868774864881,0.101868774864881,0,0,0,0,0,0,0,0,0,0.159332176574263,0,0,0,0.093363501668661,0,0,0.132392281936114,0,0.171820225759973,0,0.347391505530755,0,0,0,0,0,0,0,0,0,0.0419459661208335,0.128260965201707,0,0,0,0,0,0,0.101868774864881,0.0470411711002957,0,0.0384437948047428,0.0545144690325174,0,0.0874847549747102,0,0,0,0,0,0,0.309764233772802,0,0,0,0,0,0.132392281936114,0,0,0.283901260176132,0,0.114242844100718,0,0,0,1,0,0,0,0,0.0823680641880438,0,0.0545144690325174,0,0.093363501668661,0,0.0545144690325174,0.093363501668661,0,0,0.101868774864881,0.396451212021955,0,0,0.132392281936114,0,0,0.0545144690325174,0.114242844100718,0,0.101868774864881,0.132392281936114,0,0,0,0,0,0,0,0,0,0,0,0,0,0,0,0,0.0384437948047428,0.0545144690325174,0.132392281936114,1,0,0.132392281936114,0,0,0,0
0,0,0,0,0,0,0,0,0,0,0,0,0,0,0,0,0,0,0,0,0,0,0,0,0,0,0,0,0,0,0,0,0,0,0,0,0,0,0,0,0,0,0,0,0,0,0,0,0,0,0,0,0,0,0,0,0,0,0,0,0,0,0,0,0,0,0,0,0,0,0,0,0,0,0,0,0,0,0,0,0,0,0,0,0,0,0,0,0,0,0,0,0,0,0,0,0,0,0,0,0,0,0,0,0,0,0,0,0,0,0,0,0,0,0,0,0,0,0,0,0,0,0,0,0,0,0,0,0,0,0,0,0,0,0,0,0,0,0,0,0,0,0,0,0,0,0,0,0,0,0,0,0,0,0,0,0,0,0,0,0,0,0,0,0,0,0,0,0,0,0,0,0,0,0,0,0,0,0,0,0,0,0,0,0,0,0,0,0,0,0,0,0,0,0,0,0,0,0,0,0,0,0,0,0,0,0,0,0,0,0,0,0,0,0,0,0,0,0,0,0,0,0,0,0,0,0,0,0,0,0,0,0,0,0,0,0,0,0,0,0,0,0,0,0,0,0,0,0,0,0,0,0,0,0,0,0,0,0,0,0,0,0,0,0,0,0,0,0,0,0,0,0,0,0,0,0,0,0,0,0,0,0,0,0,0,0,0,0,0,0,0,0,0,0,0,0,0,0,0,0,0,0,0,0,0,0,0,0,0,0,0,0,0,0,0,0,0,0,0,0,0,0,0,0,0,0,0,0,0,0,0,0,0,0,0,0,0,0,0,0,0,0,0,0,0,0,0,0,0,0,0,0,0,0,0,0,0,0,0,0,0,0,0,0,0,0,0,0,0,0,0,0,0,0,0,0,0,0,0,0,0,0,0,0,0,0,0,0,0,0,0,0,0,0,0,0,0,0,0,0,0,0,1,0,0,0,0,0
0,0.173472727049999,0,0.0571439257166366,0.128249502550101,0.115648378688694,0.0571439257166366,0.0714299464323527,0,0,0,0.138778105311832,0.0476199206365212,0.138778105311832,0,0.0714299464323527,0.173472727049999,0.115648378688694,0.226732089065557,0.0367619429090039,0.0571439257166366,0.0571439257166366,0,0.173472727049999,0.0571439257166366,0.041172338956928,0.041172338956928,0.0476199206365212,0,0,0,0,0.128249502550101,0.0892790042075809,0.0892790042075809,0.138778105311832,0,0,0.138778105311832,0.173472727049999,0,0,0,0.0476199206365212,0,0,0.106635281577545,0,0,0.0999899660382537,0,0,0.115648378688694,0,0.0571439257166366,0,0,0,0.0714299464323527,0,0,0.138778105311832,0.128249502550101,0,0,0.0571439257166366,0.138778105311832,0.0571439257166366,0.0819002213950383,0.0767921451378269,0.0714299464323527,0.138778105311832,0,0,0,0.106635281577545,0.0714299464323527,0.0714299464323527,0,0.0571439257166366,0,0,0.0571439257166366,0,0.0571439257166366,0.0337236205744276,0.138778105311832,0,0.212831890191799,0,0.128249502550101,0.0571439257166366,0,0,0,0,0.0571439257166366,0,0,0,0,0,0,0.0999899660382537,0.0337236205744276,0.0367619429090039,0,0.132392281936114,0,0.0819002213950383,0,0,0,0,0,0.0767921451378269,0,0.138778105311832,0.212831890191799,0.115648378688694,0.115648378688694,0,0.115648378688694,0.0933602719681705,0,0,0,0,0,0,0.0999899660382537,0,0.128249502550101,0.0714299464323527,0,0.115648378688694,0,0.0571439257166366,0.0714299464323527,0.138778105311832,0.0571439257166366,0.0571439257166366,0,0,0.0476199206365212,0.184015147583005,0.255398361876396,0,0.0571439257166366,0.0714299464323527,0.138778105311832,0.041172338956928,0,0.128249502550101,0.212831890191799,0.0337236205744276,0.0999899660382537,0.138778105311832,0.041172338956928,0,0,0.212831890191799,0.115648378688694,0,0.115648378688694,0,0,0,0,0.255398361876396,0.138778105311832,0,0.0476199206365212,0.527498700621427,0.138778105311832,0,0.115648378688694,0,0.115648378688694,0.138778105311832,0.128249502550101,0,0,0,0,0,0.0999899660382537,0.0571439257166366,0,0.0571439257166366,0.0476199206365212,0,0,0,0.0714299464323527,0,0,0,0,0,0,0.0714299464323527,0.0571439257166366,0.0714299464323527,0.0714299464323527,0.0714299464323527,0,0.0476199206365212,0,0,0,0.255398361876396,0,0,0,0,0,0,0.041172338956928,0.0965076580784755,0,0.138778105311832,0,0.421998728397202,0.041172338956928,0,0.0714299464323527,0,0,0.115648378688694,0.0571439257166366,0.173472727049999,0,0,0.16428333703628,0,0.138778105311832,0,0,0.0367619429090039,0,0.138778105311832,0,0,0.0892681146452845,0.0301593188641145,0.0367619429090039,0.0367619429090039,0.0892790042075809,0.0819002213950383,0.138778105311832,0,0,0,0,0,0,0.041172338956928,0,0,0,0,0,0.115648378688694,0,0.115648378688694,0.138778105311832,0,0.115648378688694,0.184015147583005,0.115648378688694,0,0.0476199206365212,0,0.0367619429090039,0,0,0.041172338956928,0.0965076580784755,0.106635281577545,0,0,0.115648378688694,0,0,0.0571439257166366,0.118649138482538,0,0.0999899660382537,0.0999899660382537,0,0,0,0,0,0,0,0,0,0.173472727049999,0,0,0,0.0892790042075809,0,0,0.138778105311832,0,0.0892790042075809,0,0.115648378688694,0,0,0,0,0,0,0,0,0,0.041172338956928,0.132392281936114,0,0,0,0,0,0,0.184015147583005,0.0476199206365212,0,0.0367619429090039,0.0571439257166366,0,0.0819002213950383,0,0,0,0,0,0,0.0999899660382537,0,0,0,0,0,0.138778105311832,0,0,0.0892790042075809,0,0.115648378688694,0,0,0,0.132392281936114,0,0,0,0,0.0933602719681705,0,0.0571439257166366,0,0.0892790042075809,0,0.0571439257166366,0.0892790042075809,0,0,0.0999899660382537,0.115648378688694,0,0,0.255398361876396,0,0,0.0571439257166366,0.115648378688694,0,0.0999899660382537,1,0,0,0,0,0,0,0,0,0,0,0,0,0,0,0,0,0.0367619429090039,0.0571439257166366,0.255398361876396,0.132392281936114,0,1,0,0,0,0
0,0,0,0,0,0,0,0,0,0,0,0,0,0,0,0,0,0,0,0,0,0,0,0,0,0,0,0,0,0,0,0,0,0,0,0,0,0,0,0,0,0,0,0,0,0,0,0,0,0,0,0,0,0,0,0,0,0,0,0,0,0,0,0,0,0,0,0,0,0,0,0,0,0,0,0,0,0,0,0,0,0,0,0,0,0,0,0,0,0,0,0,0,0,0,0,0,0,0,0,0,0,0,0,0,0,0,0,0,0,0,0,0,0,0,0,0,0,0,0,0,0,0,0,0,0,0,0,0,0,0,0,0,0,0,0,0,0,0,0,0,0,0,0,0,0,0,0,0,0,0,0,0,0,0,0,0,0,0,0,0,0,0,0,0,0,0,0,0,0,0,0,0,0,0,0,0,0,0,0,0,0,0,0,0,0,0,0,0,0,0,0,0,0,0,0,0,0,0,0,0,0,0,0,0,0,0,0,0,0,0,0,0,0,0,0,0,0,0,0,0,0,0,0,0,0,0,0,0,0,0,0,0,0,0,0,0,0,0,0,0,0,0,0,0,0,0,0,0,0,0,0,0,0,0,0,0,0,0,0,0,0,0,0,0,0,0,0,0,0,0,0,0,0,0,0,0,0,0,0,0,0,0,0,0,0,0,0,0,0,0,0,0,0,0,0,0,0,0,0,0,0,0,0,0,0,0,0,0,0,0,0,0,0,0,0,0,0,0,0,0,0,0,0,0,0,0,0,0,0,0,0,0,0,0,0,0,0,0,0,0,0,0,0,0,0,0,0,0,0,0,0,0,0,0,0,0,0,0,0,0,0,0,0,0,0,0,0,0,0,0,0,0,0,0,0,0,0,0,0,0,0,0,0,0,0,0,0,0,0,0,0,0,0,0,0,0,0,0,0,0,0,0,0,0,1,0,0,0
0,0,0,0,0,0,0,0,0,0,0,0,0,0,0,0,0,0,0,0,0,0,0,0,0,0,0,0,0,0,0,0,0,0,0,0,0,0,0,0,0,0,0,0,0,0,0,0,0,0,0,0,0,0,0,0,0,0,0,0,0,0,0,0,0,0,0,0,0,0,0,0,0,0,0,0,0,0,0,0,0,0,0,0,0,0,0,0,0,0,0,0,0,0,0,0,0,0,0,0,0,0,0,0,0,0,0,0,0,0,0,0,0,0,0,0,0,0,0,0,0,0,0,0,0,0,0,0,0,0,0,0,0,0,0,0,0,0,0,0,0,0,0,0,0,0,0,0,0,0,0,0,0,0,0,0,0,0,0,0,0,0,0,0,0,0,0,0,0,0,0,0,0,0,0,0,0,0,0,0,0,0,0,0,0,0,0,0,0,0,0,0,0,0,0,0,0,0,0,0,0,0,0,0,0,0,0,0,0,0,0,0,0,0,0,0,0,0,0,0,0,0,0,0,0,0,0,0,0,0,0,0,0,0,0,0,0,0,0,0,0,0,0,0,0,0,0,0,0,0,0,0,0,0,0,0,0,0,0,0,0,0,0,0,0,0,0,0,0,0,0,0,0,0,0,0,0,0,0,0,0,0,0,0,0,0,0,0,0,0,0,0,0,0,0,0,0,0,0,0,0,0,0,0,0,0,0,0,0,0,0,0,0,0,0,0,0,0,0,0,0,0,0,0,0,0,0,0,0,0,0,0,0,0,0,0,0,0,0,0,0,0,0,0,0,0,0,0,0,0,0,0,0,0,0,0,0,0,0,0,0,0,0,0,0,0,0,0,0,0,0,0,0,0,0,0,0,0,0,0,0,0,0,0,0,0,0,0,0,0,0,0,0,0,0,0,0,0,0,0,0,0,0,0,0,0,1,0,0
0,0,0,0,0,0,0,0,0,0,0,0,0,0,0,0,0,0,0,0,0,0,0,0,0,0,0,0,0,0,0,0,0,0,0,0,0,0,0,0,0,0,0,0,0,0,0,0,0,0,0,0,0,0,0,0,0,0,0,0,0,0,0,0,0,0,0,0,0,0,0,0,0,0,0,0,0,0,0,0,0,0,0,0,0,0,0,0,0,0,0,0,0,0,0,0,0,0,0,0,0,0,0,0,0,0,0,0,0,0,0,0,0,0,0,0,0,0,0,0,0,0,0,0,0,0,0,0,0,0,0,0,0,0,0,0,0,0,0,0,0,0,0,0,0,0,0,0,0,0,0,0,0,0,0,0,0,0,0,0,0,0,0,0,0,0,0,0,0,0,0,0,0,0,0,0,0,0,0,0,0,0,0,0,0,0,0,0,0,0,0,0,0,0,0,0,0,0,0,0,0,0,0,0,0,0,0,0,0,0,0,0,0,0,0,0,0,0,0,0,0,0,0,0,0,0,0,0,0,0,0,0,0,0,0,0,0,0,0,0,0,0,0,0,0,0,0,0,0,0,0,0,0,0,0,0,0,0,0,0,0,0,0,0,0,0,0,0,0,0,0,0,0,0,0,0,0,0,0,0,0,0,0,0,0,0,0,0,0,0,0,0,0,0,0,0,0,0,0,0,0,0,0,0,0,0,0,0,0,0,0,0,0,0,0,0,0,0,0,0,0,0,0,0,0,0,0,0,0,0,0,0,0,0,0,0,0,0,0,0,0,0,0,0,0,0,0,0,0,0,0,0,0,0,0,0,0,0,0,0,0,0,0,0,0,0,0,0,0,0,0,0,0,0,0,0,0,0,0,0,0,0,0,0,0,0,0,0,0,0,0,0,0,0,0,0,0,0,0,0,0,0,0,0,0,0,0,1,0
0,0,0,0,0,0,0,0,0,0,0,0,0,0,0,0,0,0,0,0,0,0,0,0,0,0,0,0,0,0,0,0,0,0,0,0,0,0,0,0,0,0,0,0,0,0,0,0,0,0,0,0,0,0,0,0,0,0,0,0,0,0,0,0,0,0,0,0,0,0,0,0,0,0,0,0,0,0,0,0,0,0,0,0,0,0,0,0,0,0,0,0,0,0,0,0,0,0,0,0,0,0,0,0,0,0,0,0,0,0,0,0,0,0,0,0,0,0,0,0,0,0,0,0,0,0,0,0,0,0,0,0,0,0,0,0,0,0,0,0,0,0,0,0,0,0,0,0,0,0,0,0,0,0,0,0,0,0,0,0,0,0,0,0,0,0,0,0,0,0,0,0,0,0,0,0,0,0,0,0,0,0,0,0,0,0,0,0,0,0,0,0,0,0,0,0,0,0,0,0,0,0,0,0,0,0,0,0,0,0,0,0,0,0,0,0,0,0,0,0,0,0,0,0,0,0,0,0,0,0,0,0,0,0,0,0,0,0,0,0,0,0,0,0,0,0,0,0,0,0,0,0,0,0,0,0,0,0,0,0,0,0,0,0,0,0,0,0,0,0,0,0,0,0,0,0,0,0,0,0,0,0,0,0,0,0,0,0,0,0,0,0,0,0,0,0,0,0,0,0,0,0,0,0,0,0,0,0,0,0,0,0,0,0,0,0,0,0,0,0,0,0,0,0,0,0,0,0,0,0,0,0,0,0,0,0,0,0,0,0,0,0,0,0,0,0,0,0,0,0,0,0,0,0,0,0,0,0,0,0,0,0,0,0,0,0,0,0,0,0,0,0,0,0,0,0,0,0,0,0,0,0,0,0,0,0,0,0,0,0,0,0,0,0,0,0,0,0,0,0,0,0,0,0,0,0,0,0,1
